OBJECTID,ZCTA5,DDA_CODE,DDA_TYPE,DDA_NAME,Shape__Area,Shape__Length
1,,NCNTY10005N10005,NM,Sussex County,4162167169.41797,281558.212059385
2,,NCNTY05057N05057,NM,Hempstead County,2782421114.67578,302536.294203242
3,,NCNTY06091N06091,NM,Sierra County,4200253754.35156,369728.306421965
4,,NCNTY08067N08067,NM,La Plata County,6967342079.67969,368978.061032206
5,,NCNTY48287N48287,NM,Lee County,2211085319.69531,250511.466402851
6,,NCNTY22115N22115,NM,Vernon Parish,4750064324.35156,336059.54525475
7,,NCNTY30005N30005,NM,Blaine County,24919552116.6406,772135.121684421
8,,NCNTY30029N30029,NM,Flathead County,30735314082.6016,1162484.51838995
9,,NCNTY37055N37055,NM,Dare County,1609502765.67578,597032.177816994
10,,NCNTY37091N37091,NM,Hertford County,1435338466.44141,220309.479307256
11,,NCNTY02180N02180,NM,Nome Census Area,340500908671.469,6421311.22095963
12,,NCNTY02070N02070,NM,Dillingham Census Area,193487360404.313,3102611.94292062
13,,NCNTY41015N41015,NM,Curry County,7789979220.30469,571754.988937809
14,,NCNTY41007N41007,NM,Clatsop County,4576330059.44531,342753.944607482
15,,NCNTY41035N41035,NM,Klamath County,29437530456.4063,841873.941421144
16,,NCNTY41065N41065,NM,Wasco County,12474851097.2813,686942.458493774
17,,NCNTY04007N04007,NM,Gila County,18031102756.3398,997457.173850741
18,,NCNTY48273N48273,NM,Kleberg County,2996982134.0293,441895.520764223
19,,NCNTY49019N49019,NM,Grand County,15815922399.8477,662094.084562151
20,,NCNTY51133N51133,NM,Northumberland County,881953363.953125,191382.601530325
21,,NCNTY05099N05099,NM,Nevada County,2326350326.07422,242477.00797438
22,,NCNTY22081N22081,NM,Red River Parish,1455533659.00781,205316.224377593
23,,NCNTY28101N28101,NM,Newton County,2111732578.32031,184037.084165759
24,,NCNTY30047N30047,NM,Lake County,9432964917.86719,607049.834684658
25,,NCNTY30069N30069,NM,Petroleum County,9360298951.11719,633004.429561239
26,,NCNTY32011N32011,NM,Eureka County,18466080539.1289,704518.201368573
27,,NCNTY41055N41055,NM,Sherman County,4366742844.05469,437855.140355107
28,,NCNTY47185N47185,NM,White County,1501731073.30469,224492.861907849
29,,NCNTY66010N66010,NM,Guam,594693084.607422,159390.607149438
30,,NCNTY78010N78010,NM,St. Croix Island,239360482.069336,115788.787558343
31,,NCNTY06109N06109,NM,Tuolumne County,9509293253.20703,620189.190901147
32,,NCNTY12037N12037,NM,Franklin County,1959221215.73828,478845.741549281
33,,NCNTY13241N13241,NM,Rabun County,1455525343.8125,219947.029329932
34,,NCNTY04001N04001,NM,Apache County,43844949640.8242,1212915.90882105
35,,NCNTY06057N06057,NM,Nevada County,4216581646.52734,426164.562705629
36,,NCNTY24011N24011,NM,Caroline County,1395262124.45313,223970.636282749
37,,NCNTY37113N37113,NM,Macon County,2017147472.42188,240851.998088294
38,,NCNTY37175N37175,NM,Transylvania County,1479304344.83984,196907.270645458
39,,NCNTY37049N37049,NM,Craven County,2834460721.51953,393416.160725681
40,,NCNTY37137N37137,NM,Pamlico County,1416584826.41016,250144.613082094
41,,NCNTY37131N37131,NM,Northampton County,2206823754.73438,289408.929151491
42,,NCNTY02130N02130,NM,Ketchikan Gateway Borough,41757810162.6328,3065057.09954465
43,,NCNTY02185N02185,NM,North Slope Borough,1865109117165.94,9355292.16876875
44,,NCNTY42127N42127,NM,Wayne County,3484680722.75391,347030.327828563
45,,NCNTY42089N42089,NM,Monroe County,2813390187.26563,261008.070985229
46,,NCNTY02100N02100,NM,Haines Borough,23496928377.3906,1764149.82961672
47,,NCNTY28113N28113,NM,Pike County,1457883043.65234,155120.946338591
48,,NCNTY28055N28055,NM,Issaquena County,1620559579.55078,347461.044868238
49,,NCNTY28021N28021,NM,Claiborne County,1808779364.06641,292885.514576923
50,,NCNTY30053N30053,NM,Lincoln County,21697749634.6172,768505.489279251
51,,NCNTY30085N30085,NM,Roosevelt County,13854358531.7344,709159.857964941
52,,NCNTY30035N30035,NM,Glacier County,18046641068.125,688625.653787896
53,,NCNTY20093N20093,NM,Kearny County,3638508334.64453,249944.011661868
54,,NCNTY47155N47155,NM,Sevier County,2358078445.39844,258013.030824914
55,,NCNTY53055N53055,NM,San Juan County,1135835065.58594,639017.924380414
56,,NCNTY53029N53029,NM,Island County,1233954863.3125,444996.795711989
57,,NCNTY08117N08117,NM,Summit County,2707755858.87109,322147.802453482
58,,NCNTY08091N08091,NM,Ouray County,2274683540.36719,269580.699653817
59,,NCNTY12023N12023,NM,Columbia County,2789250478.70703,315612.473054295
60,,NCNTY12121N12121,NM,Suwannee County,2408037451.35938,255840.448527243
61,,NCNTY13311N13311,NM,White County,929301497.855469,146842.755672554
62,,NCNTY15001N15001,NM,Hawaii County,11831858276.4102,523716.089026912
63,,NCNTY16013N16013,NM,Blaine County,13036441540.1172,923375.572959149
64,,NCNTY37015N37015,NM,Bertie County,2816333353.49609,310970.646544594
65,,NCNTY47003N47003,NM,Bedford County,1860055206.48828,227626.315812424
66,,NCNTY47031N47031,NM,Coffee County,1701384907.375,243110.82967122
67,,NCNTY47141N47141,NM,Putnam County,1601996500.19531,297737.912622771
68,,NCNTY48471N48471,NM,Walker County,2819093700.73828,252681.448841952
69,,NCNTY48475N48475,NM,Ward County,2987967111.16016,334171.22538633
70,,NCNTY48025N48025,NM,Bee County,2958698884.65234,260196.468751336
71,,NCNTY40035N40035,NM,Craig County,3083214993.33203,238587.591687407
72,,NCNTY45047N45047,NM,Greenwood County,1758706895.91016,214105.912149157
73,,NCNTY45071N45071,NM,Newberry County,2462140018.98047,267771.713348933
74,,NCNTY21193N21193,NM,Perry County,1402582993.77344,318258.287546503
75,,NCNTY30027N30027,NM,Fergus County,24453097430.3438,899829.236950387
76,,NCNTY30037N30037,NM,Golden Valley County,6394755483.20703,423114.77134715
77,,NCNTY02240N02240,NM,Southeast Fairbanks Census Area,334524125934.773,3627718.52393363
78,,NCNTY04009N04009,NM,Graham County,17108462209.168,662523.680005281
79,,NCNTY49025N49025,NM,Kane County,16835177538.5469,702359.966576279
80,,NCNTY53041N53041,NM,Lewis County,13351350543.5547,612965.693697542
81,,NCNTY01129N01129,NM,Washington County,3883100969.11719,315377.29776979
82,,NCNTY06023N06023,NM,Humboldt County,16288355819.0156,651799.998406952
83,,NCNTY08107N08107,NM,Routt County,10615610104.0313,529257.488100002
84,,NCNTY22085N22085,NM,Sabine Parish,3619150721.60938,352409.035451293
85,,NCNTY22119N22119,NM,Webster Parish,2255556901.74609,267176.711482373
86,,NCNTY28103N28103,NM,Noxubee County,2591690304.1875,204270.849156477
87,,NCNTY30083N30083,NM,Richland County,12060709856.5859,580702.848856178
88,,NCNTY30057N30057,NM,Madison County,18864847179.2031,660276.569401654
89,,NCNTY32009N32009,NM,Esmeralda County,14905496629.7656,545177.189057247
90,,NCNTY37087N37087,NM,Haywood County,2174562802.69922,246114.75760487
91,,NCNTY45075N45075,NM,Orangeburg County,4206606983.86328,422145.597176537
92,,NCNTY78030N78030,NM,St. Thomas Island,89271385.2568359,155007.479298341
93,,NCNTY12045N12045,NM,Gulf County,1966220141.94922,298046.14567566
94,,NCNTY12029N12029,NM,Dixie County,2471219137.23828,259517.017585313
95,,NCNTY06045N06045,NM,Mendocino County,15282130230.5742,700432.146689612
96,,NCNTY06093N06093,NM,Siskiyou County,29419529182.832,890900.03757935
97,,NCNTY08113N08113,NM,San Miguel County,5384587411.91797,406568.872646323
98,,NCNTY23027N23027,NM,Waldo County,3888813780.125,465499.724676501
99,,NCNTY23017N23017,NM,Oxford County,11082187537,754031.127511193
100,,NCNTY02050N02050,NM,Bethel Census Area,463851614417.703,6302435.83580621
101,,NCNTY41019N41019,NM,Douglas County,24785619403.75,924467.461807183
102,,NCNTY42103N42103,NM,Pike County,2606265114.09766,289567.790143871
103,,NCNTY45021N45021,NM,Cherokee County,1539055620.54297,202363.288296524
104,,NCNTY28109N28109,NM,Pearl River County,2881527980.98828,301308.99266433
105,,NCNTY06033N06033,NM,Lake County,5719305778.45313,462374.315138306
106,,NCNTY08037N08037,NM,Eagle County,7397815001.77734,388042.683925683
107,,NCNTY22059N22059,NM,LaSalle Parish,2376682440.48438,301645.587096743
108,,NCNTY22021N22021,NM,Caldwell Parish,1957342190.5625,234846.851101794
109,,NCNTY30015N30015,NM,Chouteau County,22998248074.5469,788331.839186479
110,,NCNTY30073N30073,NM,Pondera County,9577997338.94531,619334.766595468
111,,NCNTY36077N36077,NM,Otsego County,4863183284.77344,370717.504762084
112,,NCNTY30087N30087,NM,Rosebud County,27191645961.1289,997413.586613934
113,,NCNTY30055N30055,NM,McCone County,15296004213.7539,666646.86825799
114,,NCNTY02195N02195,NM,Petersburg Borough,26838515219.75,1808238.0954297
115,,NCNTY33009N33009,NM,Grafton County,8742067855.71094,498391.285337419
116,,NCNTY35055N35055,NM,Taos County,8871169400.90625,464893.973648762
117,,NCNTY21101N21101,NM,Henderson County,1933830431.26563,259288.638244961
118,,NCNTY21195N21195,NM,Pike County,3248288274.74609,345337.37474632
119,,NCNTY05061N05061,NM,Howard County,2255227035.25781,289290.109540098
120,,NCNTY05013N05013,NM,Calhoun County,2364801419.13672,290777.536354284
121,,NCNTY06021N06021,NM,Glenn County,5790583902.95313,395554.300958458
122,,NCNTY06043N06043,NM,Mariposa County,6044043085.10938,423673.182743592
123,,NCNTY48005N48005,NM,Angelina County,3074368038.76563,383695.987638274
124,,NCNTY48003N48003,NM,Andrews County,5458184916.96094,304849.799625271
125,,NCNTY53009N53009,NM,Clallam County,10238016217.5078,646057.979961743
126,,NCNTY12093N12093,NM,Okeechobee County,2940038634.73633,308482.135173851
127,,NCNTY13031N13031,NM,Bulloch County,2508823826.83398,262634.632755455
128,,NCNTY48463N48463,NM,Uvalde County,5334320819.66406,292694.289773482
129,,NCNTY04012N04012,NM,La Paz County,16935812432.8867,704154.52468169
130,,NCNTY45043N45043,NM,Georgetown County,3245825349.43555,299098.210538623
131,,NCNTY30081N30081,NM,Ravalli County,12918936641.4766,715041.746788024
132,,NCNTY22041N22041,NM,Franklin Parish,2300407284.94922,344459.955315603
133,,NCNTY30099N30099,NM,Teton County,13160694926.4141,616534.501452448
134,,NCNTY30059N30059,NM,Meagher County,13132410257.25,644435.031083608
135,,NCNTY06009N06009,NM,Calaveras County,4356322077.78125,362908.381718289
136,,NCNTY28149N28149,NM,Warren County,2252196286.01172,498301.39084272
137,,NCNTY02110N02110,NM,Juneau City and Borough,26515198250.1406,1483508.69563058
138,,NCNTY51057N51057,NM,Essex County,1106783409.78125,232907.871956585
139,,NCNTY06103N06103,NM,Tehama County,13143556186.6523,616099.07094412
140,,NCNTY12107N12107,NM,Putnam County,2843242203.07617,266661.867956928
141,,NCNTY78020N78020,NM,St. John Island,56867163.7041016,97866.4447444181
142,,NCNTY06051N06051,NM,Mono County,13061155873.7617,690358.497137583
143,,NCNTY22101N22101,NM,St. Mary Parish,2374086797.64844,281209.756997675
144,,NCNTY02013N02013,NM,Aleutians East Borough,57162819871,7160927.37147159
145,,NCNTY06015N06015,NM,Del Norte County,4726489852.35938,371139.010584892
146,,NCNTY02188N02188,NM,Northwest Arctic Borough,616764045189.063,6745530.13565003
147,,NCNTY25011N25011,NM,Franklin County,3462927048.09375,332605.792326538
148,,NCNTY48001N48001,NM,Anderson County,3878026923.07422,426744.795019918
149,,NCNTY23007N23007,NM,Franklin County,9021168476.22266,620813.348084919
150,,NCNTY40013N40013,NM,Bryan County,3561341139.50391,370767.279664963
151,,NCNTY05069N05069,NM,Jefferson County,3483137088.08203,343331.468684871
152,,NCNTY21071N21071,NM,Floyd County,1633812475.91406,249006.62572729
153,,NCNTY37139N37139,NM,Pasquotank County,924527606.304688,182128.33354636
154,,NCNTY22097N22097,NM,St. Landry Parish,3293434016.42188,334326.611804399
155,,NCNTY23021N23021,NM,Piscataquis County,23354316636.8555,819455.006335728
156,,NCNTY41061N41061,NM,Union County,10677317158.1563,663171.013510137
157,,NCNTY05005N05005,NM,Baxter County,2343903027.44531,265956.332552231
158,,NCNTY12087N12087,NM,Monroe County,4350071567.19531,1140841.27106197
159,,NCNTY45089N45089,NM,Williamsburg County,3508855502.61328,299990.282678079
160,,NCNTY30093N30093,NM,Silver Bow County,3842500626.94531,363870.342279594
161,,NCNTY06027N06027,NM,Inyo County,41095355037.7422,1053905.40076511
162,,NCNTY30003N30003,NM,Big Horn County,26372161166.832,939547.720102828
163,,NCNTY12027N12027,NM,DeSoto County,2099959693.41406,187074.784909657
164,,NCNTY12079N12079,NM,Madison County,2502862459,253029.775803641
165,,NCNTY13285N13285,NM,Troup County,1647995677.48828,173711.805418144
166,,NCNTY33013N33013,NM,Merrimack County,4670932177.98047,336232.978856172
167,,NCNTY09160N09160,NM,Northwest Hills Planning Region,3774617711.48828,303148.411043301
168,,NCNTY54097N54097,NM,Upshur County,1519065485.85547,189835.409409939
169,,NCNTY04017N04017,NM,Navajo County,38922485485.9766,1146480.20631492
170,,NCNTY05113N05113,NM,Polk County,3292604290.69141,265166.293871688
171,,NCNTY40019N40019,NM,Carter County,3168673860.52734,258791.772459243
172,,NCNTY48123N48123,NM,DeWitt County,3098303445.02344,243264.205315034
173,,NCNTY72001N72001,NM,Adjuntas Municipio,193573618.900391,70742.2400993031
174,,NCNTY06063N06063,NM,Plumas County,11549474571.5977,654892.965694831
175,,NCNTY41041N41041,NM,Lincoln County,5081963505.41406,361120.084274883
176,,NCNTY41057N41057,NM,Tillamook County,5920403695.85938,451029.916144105
177,,NCNTY41027N41027,NM,Hood River County,2814602891.89844,241373.409631593
178,,NCNTY12067N12067,NM,Lafayette County,1897744627.86328,223172.186250981
179,,NCNTY21199N21199,NM,Pulaski County,2761604019.52344,232134.491116792
180,,NCNTY48321N48321,NM,Matagorda County,4682055354.40625,347674.354281836
181,,NCNTY48337N48337,NM,Montague County,3518900467.32031,264507.866675872
182,,NCNTY30041N30041,NM,Hill County,17277914415.2266,616627.533414872
183,,NCNTY32007N32007,NM,Elko County,78651340726.3984,1200449.14971421
184,,NCNTY33005N33005,NM,Cheshire County,3522351265.18359,287228.008047033
185,,NCNTY35003N35003,NM,Catron County,26133540749.1484,666178.124160289
186,,NCNTY15007N15007,NM,Kauai County,1906891003.80469,273820.840497111
187,,NCNTY35025N35025,NM,Lea County,16152744123.043,583874.377757683
188,,NCNTY28081N28081,NM,Lee County,1723894910.32422,180199.868605006
189,,NCNTY28077N28077,NM,Lawrence County,1558324610.12109,174796.466398543
190,,NCNTY32001N32001,NM,Churchill County,21935004571.5273,721517.24023433
191,,NCNTY35005N35005,NM,Chaves County,22619944180.4961,852580.447837804
192,,NCNTY21091N21091,NM,Hancock County,827215958.417969,174819.485189226
193,,NCNTY06005N06005,NM,Amador County,2562668984.55078,354771.826778702
194,,NCNTY12049N12049,NM,Hardee County,2108796784.7832,186884.130851367
195,,NCNTY05123N05123,NM,St. Francis County,2486345314.12109,244896.461825483
196,,NCNTY41059N41059,NM,Umatilla County,17090642092.4375,686220.821643809
197,,NCNTY33019N33019,NM,Sullivan County,2707214658.8125,275698.186366163
198,,NCNTY35009N35009,NM,Curry County,5395149063.53516,331332.371948262
199,,NCNTY02230N02230,NM,Skagway Municipality,4470358751.34375,351867.721680025
200,,NCNTY22027N22027,NM,Claiborne Parish,2821565891.57422,234430.512146548
201,,NCNTY25019N25019,NM,Nantucket County,258947036.28125,114052.200970039
202,,NCNTY28039N28039,NM,George County,1705838597.48438,172200.011632405
203,,NCNTY29213N29213,NM,Taney County,2627226538.59766,207724.057652313
204,,NCNTY37011N37011,NM,Avery County,983684124.238281,161660.5304942
205,,NCNTY30067N30067,NM,Park County,14824282970.9453,661763.301044131
206,,NCNTY40139N40139,NM,Texas County,8281060286.98438,379520.004959723
207,,NCNTY02105N02105,NM,Hoonah-Angoon Census Area,63933516156.75,5600707.45695773
208,,NCNTY02150N02150,NM,Kodiak Island Borough,64023455009.7109,6839276.9000721
209,,NCNTY25007N25007,NM,Dukes County,545247749.820313,233286.950917179
210,,NCNTY05089N05089,NM,Marion County,2555259979.50391,264174.190525242
211,,NCNTY48431N48431,NM,Sterling County,3322535231.67969,237675.85921705
212,,NCNTY36041N36041,NM,Hamilton County,8950242779.56641,452734.413465569
213,,NCNTY37195N37195,NM,Wilson County,1468789016.82422,160704.677891125
214,,NCNTY37189N37189,NM,Watauga County,1249502962.27734,165377.143285015
215,,NCNTY28075N28075,NM,Lauderdale County,2605481540,205224.636631838
216,,NCNTY28011N28011,NM,Bolivar County,3413912578.19922,384135.499948112
217,,NCNTY13275N13275,NM,Thomas County,1947542770.94141,193742.724759683
218,,NCNTY28095N28095,NM,Monroe County,2909255863.65625,242077.627152097
219,,NCNTY48399N48399,NM,Runnels County,3804183659.60156,246813.176374676
220,,NCNTY28005N28005,NM,Amite County,2596142586.63672,214773.511552007
221,,NCNTY28147N28147,NM,Walthall County,1434652694.66016,187180.854179241
222,,NCNTY22009N22009,NM,Avoyelles Parish,3066188034.96875,307644.45219955
223,,NCNTY30079N30079,NM,Prairie County,9649430012.89063,567554.131055162
224,,NCNTY37041N37041,NM,Chowan County,703974345.023438,162041.443255621
225,,NCNTY02016N02016,NM,Aleutians West Census Area,32077559983.0391,7407798.081421
226,,NCNTY28079N28079,NM,Leake County,2149417316.54297,185484.090453349
227,,NCNTY28105N28105,NM,Oktibbeha County,1721991409.03125,168932.32175874
228,,NCNTY28067N28067,NM,Jones County,2507211447.50391,200407.828284548
229,,NCNTY28115N28115,NM,Pontotoc County,1902693537.6875,175733.151505448
230,,NCNTY28043N28043,NM,Grenada County,1688822094.28516,199029.154941429
231,,NCNTY48221N48221,NM,Hood County,1593001546.52344,166526.721352216
232,,NCNTY48341N48341,NM,Moore County,3592332795.86328,239703.092524372
233,,NCNTY45011N45011,NM,Barnwell County,2069651763.86719,208138.72126441
234,,NCNTY30017N30017,NM,Custer County,20542102605.4219,698929.868088517
235,,NCNTY30011N30011,NM,Carter County,17659731372.6641,583934.377966913
236,,NCNTY30109N30109,NM,Wibaux County,4948233975.23438,402400.323416901
237,,NCNTY05079N05079,NM,Lincoln County,2150160542.16406,242979.398351595
238,,NCNTY48095N48095,NM,Concho County,3536988197.82813,260707.211333006
239,,NCNTY22045N22045,NM,Iberia Parish,2147283384.31836,373735.172242732
240,,NCNTY23011N23011,NM,Kennebec County,4829112453.05469,390495.45805802
241,,NCNTY37181N37181,NM,Vance County,1075304982.53906,147028.129867154
242,,NCNTY12051N12051,NM,Hendry County,3865372939.29492,325180.828463125
243,,NCNTY08025N08025,NM,Crowley County,3369652011.76172,243398.29945752
244,,NCNTY01017N01017,NM,Chambers County,2223025014.91797,207707.271796175
245,,NCNTY37105N37105,NM,Lee County,1014480484.45703,154228.375205439
246,,NCNTY30065N30065,NM,Musselshell County,10227711560.1602,498520.923902112
247,,NCNTY37061N37061,NM,Duplin County,3168671449.54688,247082.453055512
248,,NCNTY48159N48159,NM,Franklin County,1092768759.02734,171456.702452051
249,,NCNTY53039N53039,NM,Klickitat County,10173625731.0234,505705.052744734
250,,NCNTY28023N28023,NM,Clarke County,2506813330.62109,199674.919208166
251,,NCNTY32005N32005,NM,Douglas County,3163662863.45703,303469.154935647
252,,NCNTY22003N22003,NM,Allen Parish,2690176132.77734,248304.284167175
253,,NCNTY36019N36019,NM,Clinton County,5737574761.81641,330108.54220523
254,,NCNTY37077N37077,NM,Granville County,2147829859.89063,215780.427501993
255,,NCNTY28107N28107,NM,Panola County,2686295429.30078,211085.907855548
256,,NCNTY05071N05071,NM,Johnson County,2683692385.71094,256429.693658346
257,,NCNTY30021N30021,NM,Dawson County,13397668225.875,555027.2493986
258,,NCNTY72083N72083,NM,Las Marías Municipio,134281386.722656,70534.1495384707
259,,NCNTY22061N22061,NM,Lincoln Parish,1728651874.83594,185855.391012719
260,,NCNTY72081N72081,NM,Lares Municipio,177995469.104492,69425.6290288297
261,,NCNTY08045N08045,NM,Garfield County,12910458669.0898,662281.013268629
262,,NCNTY09150N09150,NM,Northeastern Connecticut Planning Region,2628512538.08203,243707.287127002
263,,NCNTY30103N30103,NM,Treasure County,5323626653,390395.410366467
264,,NCNTY30101N30101,NM,Toole County,11537892021.2031,481303.460483713
265,,NCNTY21213N21213,NM,Simpson County,955436515.980469,135760.291344634
266,,NCNTY32021N32021,NM,Mineral County,16160902745.125,618138.00092204
267,,NCNTY28091N28091,NM,Marion County,1949342459.82422,200996.858166314
268,,NCNTY06035N06035,NM,Lassen County,21277877068.5703,776621.535500014
269,,NCNTY48385N48385,NM,Real County,2417814571.86719,221793.808314993
270,,NCNTY35031N35031,NM,McKinley County,21408470102.2734,683926.306650722
271,,NCNTY08097N08097,NM,Pitkin County,4204344712.43359,356612.672568377
272,,NCNTY48255N48255,NM,Karnes County,2556371934.94141,231564.570755727
273,,NCNTY28071N28071,NM,Lafayette County,2588334595.00391,228405.731042268
274,,NCNTY50023N50023,NM,Washington County,3513158083.55078,296939.389572511
275,,NCNTY41011N41011,NM,Coos County,7927122217.79688,450100.604090596
276,,NCNTY50025N50025,NM,Windham County,3868792932.49219,305539.871068771
277,,NCNTY12043N12043,NM,Glades County,3231389647.5957,266203.227337009
278,,NCNTY02063N02063,NM,Chugach Census Area,108006386181.82,9256106.11370945
279,,NCNTY21035N21035,NM,Calloway County,1655263482.75391,162032.479042973
280,,NCNTY05043N05043,NM,Drew County,3128031708.625,233439.092793029
281,,NCNTY08079N08079,NM,Mineral County,3635254302.89063,262424.320296031
282,,NCNTY22069N22069,NM,Natchitoches Parish,4666080301.90234,431630.563097819
283,,NCNTY04011N04011,NM,Greenlee County,6859669812.90625,438576.765695205
284,,NCNTY04023N04023,NM,Santa Cruz County,4424498170.34375,297910.142319018
285,,NCNTY72923N72923,NM,Puerto Rico Nonmetro Area,1044266120.0625,497263.932987724
286,,NCNTY69999N69999,NM,Northern Mariana Islands,510024148.855469,364196.049344459
287,,NCNTY60999N60999,NM,American Samoa,216264798.345703,206034.777823235
288,98601,METRO31020M31020,SA,"Longview-Kelso, WA MSA",15404681.203125,33613.2277065482
289,37064,METRO34980M34980,SA,"Nashville-Davidson--Murfreesboro--Franklin, TN HUD Metro FMR Area",728512196.445313,234697.471070021
290,60091,METRO16980M16980,SA,"Chicago-Joliet-Naperville, IL HUD Metro FMR Area",25067557.0703125,29590.2361921993
291,07311,METRO35620MM3640,SA,"Jersey City, NJ HUD Metro FMR Area",553536.87109375,4062.57836331431
292,38611,METRO32820N28093,SA,"Marshall County, MS HUD Metro FMR Area",602705733.90625,160602.670143916
293,70040,METRO35380M35380,SA,"New Orleans-Metairie, LA HUD Metro FMR Area",412012592.808594,173340.063647798
294,10037,METRO35620MM5600,SA,"New York, NY HUD Metro FMR Area",1051955.06640625,5320.2813567751
295,90211,METRO31080MM4480,SA,"Los Angeles-Long Beach-Glendale, CA HUD Metro FMR Area",2627831.02734375,8643.30909279045
296,90265,METRO31080MM4480,SA,"Los Angeles-Long Beach-Glendale, CA HUD Metro FMR Area",286289642.417969,145793.073439382
297,90265,METRO37100M37100,SA,"Oxnard-Thousand Oaks-Ventura, CA MSA",132266046.644531,65216.7923094839
298,03101,METRO31700MM4760,SA,"Manchester, NH HUD Metro FMR Area",4281354.51171875,12558.4202533122
299,11414,METRO35620MM5600,SA,"New York, NY HUD Metro FMR Area",10655605.828125,17846.5143822071
300,29424,METRO16700M16700,SA,"Charleston-North Charleston, SC MSA",145925.439453125,2332.58023134648
301,10505,METRO35620MM5600,SA,"New York, NY HUD Metro FMR Area",3584466.5078125,9740.01972851299
302,48374,METRO19820M19820,SA,"Detroit-Warren-Livonia, MI HUD Metro FMR Area",43715818.7773438,28530.3058960412
303,07086,METRO35620MM3640,SA,"Jersey City, NJ HUD Metro FMR Area",6588757.40625,12276.3802640694
304,33967,METRO15980M15980,SA,"Cape Coral-Fort Myers, FL MSA",26005054.5976563,22487.4472940956
305,23832,METRO40060M40060,SA,"Richmond, VA HUD Metro FMR Area",172494887.179688,125666.571392221
306,11548,METRO35620MM5380,SA,"Nassau-Suffolk, NY HUD Metro FMR Area",4407421.70703125,18173.9178920625
307,76905,METRO41660M41660,SA,"San Angelo, TX MSA",656063829.238281,201725.083891183
308,95041,METRO42100M42100,SA,"Santa Cruz-Watsonville, CA MSA",815951.65625,4912.37401829254
309,10036,METRO35620MM5600,SA,"New York, NY HUD Metro FMR Area",1994036.8046875,9526.092372912
310,07927,METRO35620MM5640,SA,"Newark, NJ HUD Metro FMR Area",9817401.68359375,15518.7102681984
311,19095,METRO37980M37980,SA,"Philadelphia-Camden-Wilmington, PA-NJ-DE-MD MSA",9159753.98046875,13657.2784940236
312,11355,METRO35620MM5600,SA,"New York, NY HUD Metro FMR Area",7786723.33203125,14116.8268670386
313,21005,METRO12580M12580,SA,"Baltimore-Columbia-Towson, MD MSA",153591011.144531,135225.22730805
314,02717,METRO39300MM5400,SA,"New Bedford, MA HUD Metro FMR Area",85973891.1367188,48353.520091852
315,30346,METRO12060M12060,SA,"Atlanta-Sandy Springs-Roswell, GA HUD Metro FMR Area",3780735.109375,8034.87123932256
316,10007,METRO35620MM5600,SA,"New York, NY HUD Metro FMR Area",714651.82421875,5677.1041540855
317,00911,METRO41980MM7440,SA,"San Juan-Guaynabo, PR HUD Metro FMR Area",1332557.32226563,5346.78478703045
318,02876,METRO39300M39300,SA,"Providence-Fall River, RI-MA HUD Metro FMR Area",1066192.79296875,10974.5307477353
319,08544,METRO45940M45940,SA,"Trenton-Princeton, NJ MSA",762566.2109375,3938.28775074126
320,89123,METRO29820M29820,SA,"Las Vegas-Henderson-North Las Vegas, NV MSA",41121872.8984375,32620.8260826138
321,07457,METRO35620MM5640,SA,"Newark, NJ HUD Metro FMR Area",9394797.484375,13953.966607686
322,33444,METRO33100MM8960,SA,"West Palm Beach-Boca Raton, FL HUD Metro FMR Area",16568038.6171875,21114.265421034
323,32266,METRO27260M27260,SA,"Jacksonville, FL HUD Metro FMR Area",8986985.90039063,13402.5496109498
324,20105,METRO47900M47900,SA,"Washington-Arlington-Alexandria, DC-VA-MD HUD Metro FMR Area",154545242.769531,90508.3260109344
325,93923,METRO41500M41500,SA,"Salinas, CA MSA",813906086.964844,227741.124980358
326,95032,METRO41940M41940,SA,"San Jose-Sunnyvale-Santa Clara, CA HUD Metro FMR Area",76867707.5703125,82670.6270615106
327,29177,METRO17900M17900,SA,"Columbia, SC HUD Metro FMR Area",515888.46875,3164.0560169082
328,92322,METRO40140M40140,SA,"Riverside-San Bernardino-Ontario, CA MSA",12529405.8476563,20415.0160524369
329,17016,METRO30140M30140,SA,"Lebanon, PA MSA",1037087.16796875,6716.87322350132
330,60558,METRO16980M16980,SA,"Chicago-Joliet-Naperville, IL HUD Metro FMR Area",13279273.7578125,18435.9899643932
331,10974,METRO35620MM5600,SA,"New York, NY HUD Metro FMR Area",35186999.4726563,36470.1420278287
332,11421,METRO35620MM5600,SA,"New York, NY HUD Metro FMR Area",5782485.70703125,10145.3776265095
333,97342,METRO41420M41420,SA,"Salem, OR MSA",446576990.664063,189210.033930967
334,29409,METRO16700M16700,SA,"Charleston-North Charleston, SC MSA",535905.677734375,3585.09877239689
335,02141,METRO14460MM1120,SA,"Boston-Cambridge-Quincy, MA-NH HUD Metro FMR Area",2982511.30859375,9528.49439842058
336,04489,METRO12620MM0730,SA,"Bangor, ME HUD Metro FMR Area",1301960.8125,5338.3434476515
337,60029,METRO16980M16980,SA,"Chicago-Joliet-Naperville, IL HUD Metro FMR Area",2125858.328125,7175.25073534948
338,10279,METRO35620MM5600,SA,"New York, NY HUD Metro FMR Area",18824.953125,594.252131018269
339,07702,METRO35620MM5190,SA,"Monmouth-Ocean, NJ HUD Metro FMR Area",9763100.57421875,12956.369625743
340,59079,METRO13740M13740,SA,"Billings, MT HUD Metro FMR Area",1799175328.11328,263047.929884239
341,33445,METRO33100MM8960,SA,"West Palm Beach-Boca Raton, FL HUD Metro FMR Area",26559059.9550781,22560.7942684384
342,33069,METRO33100MM2680,SA,"Fort Lauderdale, FL HUD Metro FMR Area",31270788.6914063,28064.4056380116
343,33158,METRO33100MM5000,SA,"Miami-Miami Beach-Kendall, FL HUD Metro FMR Area",9770063.71679688,16800.8385780812
344,75167,METRO19100M19100,SA,"Dallas, TX HUD Metro FMR Area",350799160.308594,138605.13652977
345,92350,METRO40140M40140,SA,"Riverside-San Bernardino-Ontario, CA MSA",240430.78515625,2275.8800080092
346,95219,METRO44700M44700,SA,"Stockton-Lodi, CA MSA",470647710.292969,195758.795647497
347,76182,METRO19100MM2800,SA,"Fort Worth-Arlington, TX HUD Metro FMR Area",31842695.6796875,25089.8758682669
348,33323,METRO33100MM2680,SA,"Fort Lauderdale, FL HUD Metro FMR Area",26877201.15625,29199.8192908885
349,21012,METRO12580M12580,SA,"Baltimore-Columbia-Towson, MD MSA",54117981.453125,43425.0718378712
350,89085,METRO29820M29820,SA,"Las Vegas-Henderson-North Las Vegas, NV MSA",2020031.87890625,6070.91593445855
351,83637,METRO14260M14260,SA,"Boise City, ID HUD Metro FMR Area",2298020848.13672,407354.196800877
352,18980,METRO37980M37980,SA,"Philadelphia-Camden-Wilmington, PA-NJ-DE-MD MSA",3701626.4296875,15241.1070906841
353,48084,METRO19820M19820,SA,"Detroit-Warren-Livonia, MI HUD Metro FMR Area",29569264.2929688,26731.1421793194
354,08540,METRO45940M45940,SA,"Trenton-Princeton, NJ MSA",147645732.03125,69597.645867307
355,08330,METRO12100M12100,SA,"Atlantic City-Hammonton, NJ HUD Metro FMR Area",574423073.519531,184461.377311073
356,59069,METRO13740M30095,SA,"Stillwater County, MT HUD Metro FMR Area",1154792005.05469,213605.77844253
357,28173,METRO16740M16740,SA,"Charlotte-Concord-Gastonia, NC-SC HUD Metro FMR Area",415424816.894531,135170.253017062
358,34677,METRO45300M45300,SA,"Tampa-St. Petersburg-Clearwater, FL MSA",44549398.1269531,38219.5734762123
359,23510,METRO47260M47260,SA,"Virginia Beach-Norfolk-Newport News, VA-NC HUD Metro FMR Area",5415115.7265625,15978.593660796
360,90405,METRO31080MM4480,SA,"Los Angeles-Long Beach-Glendale, CA HUD Metro FMR Area",9885908.859375,14609.9482328493
361,79908,METRO21340M21340,SA,"El Paso, TX HUD Metro FMR Area",6407968.953125,22281.7233063838
362,04050,METRO38860MM6400,SA,"Portland, ME HUD Metro FMR Area",8898395.5234375,21069.3764112922
363,10075,METRO35620MM5600,SA,"New York, NY HUD Metro FMR Area",828236.16015625,5750.28110676796
364,33786,METRO45300M45300,SA,"Tampa-St. Petersburg-Clearwater, FL MSA",6387725.44921875,10837.8209079547
365,96857,METRO46520M46520,SA,"Urban Honolulu, HI MSA",1593050.1015625,7681.335581004
366,00786,METRO41980N72923,SA,"Barranquitas-Aibonito, PR HUD Metro FMR Area",5058432.12402344,11268.3072967575
367,29439,METRO16700M16700,SA,"Charleston-North Charleston, SC MSA",13301767.8671875,33664.4371540499
368,94158,METRO41860MM7360,SA,"San Francisco, CA HUD Metro FMR Area",2200444.546875,7760.25261605306
369,11439,METRO35620MM5600,SA,"New York, NY HUD Metro FMR Area",657963.140625,3625.53043866059
370,08329,METRO47220M47220,SA,"Vineland, NJ MSA",2497687.5234375,8471.59638178787
371,34729,METRO36740M36740,SA,"Orlando-Kissimmee-Sanford, FL MSA",903589.212890625,4001.69265778448
372,00906,METRO41980MM7440,SA,"San Juan-Guaynabo, PR HUD Metro FMR Area",9168.3828125,400.417177060029
373,30024,METRO12060M12060,SA,"Atlanta-Sandy Springs-Roswell, GA HUD Metro FMR Area",160268898.597656,111055.995870298
374,31324,METRO42340M42340,SA,"Savannah, GA MSA",511442889.992188,156296.086028136
375,48188,METRO19820M19820,SA,"Detroit-Warren-Livonia, MI HUD Metro FMR Area",84746608.5976563,38828.0197742516
376,07847,METRO35620MM5640,SA,"Newark, NJ HUD Metro FMR Area",11940177.09375,18958.6426458658
377,98422,METRO42660MM8200,SA,"Tacoma, WA HUD Metro FMR Area",40258338.8515625,37458.3980714832
378,38002,METRO32820M32820,SA,"Memphis, TN-MS-AR HUD Metro FMR Area",455041798.355469,158497.323348374
379,37090,METRO34980N47159,SA,"Smith County, TN HUD Metro FMR Area",18076810.6054688,36143.2935990922
380,60088,METRO16980M16980,SA,"Chicago-Joliet-Naperville, IL HUD Metro FMR Area",11150614.2773438,28882.1788577128
381,86001,METRO22380M22380,SA,"Flagstaff, AZ MSA",1133226909.39063,273271.17847643
382,07939,METRO35620MM5015,SA,"Middlesex-Somerset-Hunterdon, NJ HUD Metro FMR Area",586366.76171875,3252.15306792133
383,34233,METRO35840M35840,SA,"North Port-Bradenton-Sarasota, FL MSA",20932050.3769531,20062.2556176894
384,78249,METRO41700M41700,SA,"San Antonio-New Braunfels, TX HUD Metro FMR Area",49905194.6484375,36609.7267482099
385,91108,METRO31080MM4480,SA,"Los Angeles-Long Beach-Glendale, CA HUD Metro FMR Area",14409343.953125,19536.0778944734
386,11004,METRO35620MM5600,SA,"New York, NY HUD Metro FMR Area",4247250.7109375,11027.551459561
387,02129,METRO14460MM1120,SA,"Boston-Cambridge-Quincy, MA-NH HUD Metro FMR Area",8610132.04296875,13848.2504111908
388,11249,METRO35620MM5600,SA,"New York, NY HUD Metro FMR Area",3246805.609375,11049.303573668
389,33472,METRO33100MM8960,SA,"West Palm Beach-Boca Raton, FL HUD Metro FMR Area",46081326.1992188,42209.495797018
390,34228,METRO35840M35840,SA,"North Port-Bradenton-Sarasota, FL MSA",44017193.328125,41018.8545950215
391,10034,METRO35620MM5600,SA,"New York, NY HUD Metro FMR Area",4578320.2734375,16419.7752611668
392,11020,METRO35620MM5380,SA,"Nassau-Suffolk, NY HUD Metro FMR Area",8979687.53515625,15074.5586091792
393,03033,METRO31700MM5350,SA,"Nashua, NH HUD Metro FMR Area",96536591.546875,42233.04961653
394,92140,METRO41740M41740,SA,"San Diego-Chula Vista-Carlsbad, CA MSA",1989849.5234375,6942.24224626356
395,08317,METRO12100M12100,SA,"Atlantic City-Hammonton, NJ HUD Metro FMR Area",31941600.0390625,31505.2434892772
396,60010,METRO16980M16980,SA,"Chicago-Joliet-Naperville, IL HUD Metro FMR Area",362232017.390625,139142.568209883
397,85250,METRO38060M38060,SA,"Phoenix-Mesa-Chandler, AZ MSA",31757203.3710938,36227.4660175107
398,32097,METRO27260M27260,SA,"Jacksonville, FL HUD Metro FMR Area",448344880.851563,169247.539280397
399,34235,METRO35840M35840,SA,"North Port-Bradenton-Sarasota, FL MSA",23041512.4003906,21394.0678650182
400,22213,METRO47900M47900,SA,"Washington-Arlington-Alexandria, DC-VA-MD HUD Metro FMR Area",2552692.921875,9970.71467602232
401,98354,METRO42660MM8200,SA,"Tacoma, WA HUD Metro FMR Area",12888679.40625,16036.2021649682
402,95033,METRO41940M41940,SA,"San Jose-Sunnyvale-Santa Clara, CA HUD Metro FMR Area",176130303.761719,128098.490689174
403,95033,METRO42100M42100,SA,"Santa Cruz-Watsonville, CA MSA",192055697.503906,162592.650637063
404,90038,METRO31080MM4480,SA,"Los Angeles-Long Beach-Glendale, CA HUD Metro FMR Area",5838781.609375,13122.720694032
405,86406,METRO29420M29420,SA,"Lake Havasu City-Kingman, AZ MSA",955326646.417969,159166.752786877
406,17568,METRO29540M29540,SA,"Lancaster, PA MSA",338083.578125,3412.38872465666
407,71051,METRO43340M43340,SA,"Shreveport-Bossier City, LA MSA",354483781.335938,142386.312039775
408,96708,METRO27980M27980,SA,"Kahului-Wailuku-Lahaina, HI HUD Metro FMR Area",179457041.796875,116648.424745743
409,75202,METRO19100M19100,SA,"Dallas, TX HUD Metro FMR Area",2426489.5703125,9147.3064286125
410,10528,METRO35620MM5600,SA,"New York, NY HUD Metro FMR Area",17210680.59375,17619.7551993745
411,91125,METRO31080MM4480,SA,"Los Angeles-Long Beach-Glendale, CA HUD Metro FMR Area",664425.03125,3733.56705063888
412,43541,METRO45780M45780,SA,"Toledo, OH HUD Metro FMR Area",1790601.55859375,5740.39135186858
413,70431,METRO43640M43640,SA,"Slidell-Mandeville-Covington, LA MSA",231868502.96875,113542.871194645
414,80530,METRO24540M24540,SA,"Greeley, CO MSA",13792344.0742188,17420.174028926
415,37179,METRO34980M34980,SA,"Nashville-Davidson--Murfreesboro--Franklin, TN HUD Metro FMR Area",209411473.09375,128100.815183453
416,60021,METRO16980M16980,SA,"Chicago-Joliet-Naperville, IL HUD Metro FMR Area",10308628.2148438,18081.9464816897
417,86327,METRO39150M39150,SA,"Prescott Valley-Prescott, AZ MSA",982532604.046875,210965.433491373
418,33548,METRO45300M45300,SA,"Tampa-St. Petersburg-Clearwater, FL MSA",29408466.6835938,34552.1753703101
419,32835,METRO36740M36740,SA,"Orlando-Kissimmee-Sanford, FL MSA",36030828.2929688,31294.1591922026
420,19453,METRO37980M37980,SA,"Philadelphia-Camden-Wilmington, PA-NJ-DE-MD MSA",3367913.38671875,11473.9497089017
421,97530,METRO32780M32780,SA,"Medford, OR MSA",1766401472.46875,253240.925132158
422,39047,METRO27140M27140,SA,"Jackson, MS HUD Metro FMR Area",454032071.734375,172734.732775223
423,92679,METRO31080MM5945,SA,"Santa Ana-Anaheim-Irvine, CA HUD Metro FMR Area",94613111.625,116473.411989712
424,85263,METRO38060M38060,SA,"Phoenix-Mesa-Chandler, AZ MSA",726738543.066406,180022.141340063
425,87508,METRO42140M42140,SA,"Santa Fe, NM MSA",662902023.535156,196972.061772647
426,77027,METRO26420M26420,SA,"Houston-The Woodlands-Sugar Land, TX HUD Metro FMR Area",9178688.62890625,17832.9609733855
427,10597,METRO35620MM5600,SA,"New York, NY HUD Metro FMR Area",16234261.3476563,18939.9783412613
428,30326,METRO12060M12060,SA,"Atlanta-Sandy Springs-Roswell, GA HUD Metro FMR Area",2835096.078125,9786.22146654502
429,31315,METRO25980M25980,SA,"Hinesville, GA HUD Metro FMR Area",12161428.7011719,18739.9977801612
430,28079,METRO16740M16740,SA,"Charlotte-Concord-Gastonia, NC-SC HUD Metro FMR Area",182184817.222656,104755.191450757
431,20004,METRO47900M47900,SA,"Washington-Arlington-Alexandria, DC-VA-MD HUD Metro FMR Area",816720.90234375,5924.40948267147
432,84765,METRO41100M41100,SA,"St. George, UT MSA",197083786.308594,128732.725456213
433,10502,METRO35620MM5600,SA,"New York, NY HUD Metro FMR Area",9487949.76953125,22126.3762729723
434,18915,METRO37980M37980,SA,"Philadelphia-Camden-Wilmington, PA-NJ-DE-MD MSA",5338747.80859375,13803.6648309611
435,10503,METRO35620MM5600,SA,"New York, NY HUD Metro FMR Area",67360.34765625,1055.13253931249
436,98558,METRO42660MM8200,SA,"Tacoma, WA HUD Metro FMR Area",355822.921875,2412.17074142391
437,08215,METRO12100M12100,SA,"Atlantic City-Hammonton, NJ HUD Metro FMR Area",301344869.175781,101401.58592806
438,08240,METRO12100M12100,SA,"Atlantic City-Hammonton, NJ HUD Metro FMR Area",9947936.48828125,14031.7964672914
439,08555,METRO35620MM5190,SA,"Monmouth-Ocean, NJ HUD Metro FMR Area",8635930.19921875,13761.0887431607
440,10012,METRO35620MM5600,SA,"New York, NY HUD Metro FMR Area",1474278.1015625,5764.56048003905
441,10030,METRO35620MM5600,SA,"New York, NY HUD Metro FMR Area",1251420.46875,5112.77159582849
442,10119,METRO35620MM5600,SA,"New York, NY HUD Metro FMR Area",115028.19140625,1359.14229220194
443,10282,METRO35620MM5600,SA,"New York, NY HUD Metro FMR Area",318293.9765625,2307.74623358486
444,13418,METRO45060M45060,SA,"Syracuse, NY MSA",25836586.2890625,30183.2039352765
445,10526,METRO35620MM5600,SA,"New York, NY HUD Metro FMR Area",18524552.9140625,33308.3309550715
446,10578,METRO35620MM5600,SA,"New York, NY HUD Metro FMR Area",9692357.57421875,22250.7975965561
447,10706,METRO35620MM5600,SA,"New York, NY HUD Metro FMR Area",12114058.6445313,17902.270802012
448,15222,METRO38300M38300,SA,"Pittsburgh, PA HUD Metro FMR Area",5744751.8203125,16702.5775774852
449,01985,METRO14460MM4160,SA,"Lawrence, MA-NH HUD Metro FMR Area",70819010.6328125,34364.3213174353
450,02142,METRO14460MM1120,SA,"Boston-Cambridge-Quincy, MA-NH HUD Metro FMR Area",2189800.90625,7156.5981834485
451,02637,METRO12700M12700,SA,"Barnstable Town, MA MSA",3199687.7734375,8765.18204450603
452,60301,METRO16980M16980,SA,"Chicago-Joliet-Naperville, IL HUD Metro FMR Area",919667.79296875,6364.49465841935
453,30276,METRO12060N13199,SA,"Meriwether County, GA HUD Metro FMR Area",68361361.1484375,54116.0724715541
454,10996,METRO28880M28880,SA,"Kiryas Joel-Poughkeepsie-Newburgh, NY MSA",14946314.2578125,17879.2533402425
455,11109,METRO35620MM5600,SA,"New York, NY HUD Metro FMR Area",218223.734375,2081.84750052127
456,11225,METRO35620MM5600,SA,"New York, NY HUD Metro FMR Area",3940450.609375,10488.6258358473
457,30322,METRO12060M12060,SA,"Atlanta-Sandy Springs-Roswell, GA HUD Metro FMR Area",1780143.84375,7591.99125796454
458,19319,METRO37980M37980,SA,"Philadelphia-Camden-Wilmington, PA-NJ-DE-MD MSA",2804285.10546875,13279.140199488
459,18031,METRO10900M10900,SA,"Allentown-Bethlehem-Easton, PA HUD Metro FMR Area",61834707.8632813,41998.1038746563
460,18056,METRO39740M39740,SA,"Reading, PA MSA",5159125.83984375,12226.9786427171
461,55415,METRO33460M33460,SA,"Minneapolis-St. Paul-Bloomington, MN-WI HUD Metro FMR Area",2275639.203125,7403.61911717912
462,20390,METRO47900M47900,SA,"Washington-Arlington-Alexandria, DC-VA-MD HUD Metro FMR Area",18713.41015625,653.141425281386
463,20701,METRO12580M12580,SA,"Baltimore-Columbia-Towson, MD MSA",9491067.54296875,24314.2351942985
464,48069,METRO19820M19820,SA,"Detroit-Warren-Livonia, MI HUD Metro FMR Area",2733062.22265625,7138.27409647976
465,07068,METRO35620MM5640,SA,"Newark, NJ HUD Metro FMR Area",16528266.0859375,21073.6712893062
466,20818,METRO47900M47900,SA,"Washington-Arlington-Alexandria, DC-VA-MD HUD Metro FMR Area",5588547.26953125,12125.4526237973
467,07423,METRO35620MM0875,SA,"Bergen-Passaic, NJ HUD Metro FMR Area",7893477.953125,13129.4593299151
468,07640,METRO35620MM0875,SA,"Bergen-Passaic, NJ HUD Metro FMR Area",9431973.12109375,16139.4723298919
469,21046,METRO12580M12580,SA,"Baltimore-Columbia-Towson, MD MSA",34018193.8203125,32673.3935468174
470,12475,METRO28740M28740,SA,"Kingston, NY MSA",5494487.43359375,13073.8087536214
471,18913,METRO37980M37980,SA,"Philadelphia-Camden-Wilmington, PA-NJ-DE-MD MSA",6463936.73046875,16472.2943566225
472,19066,METRO37980M37980,SA,"Philadelphia-Camden-Wilmington, PA-NJ-DE-MD MSA",5866685.4140625,12275.3454924806
473,07878,METRO35620MM5640,SA,"Newark, NJ HUD Metro FMR Area",369305.0703125,3621.03759665578
474,07922,METRO35620MM5640,SA,"Newark, NJ HUD Metro FMR Area",25347660.546875,29623.9729984621
475,08026,METRO37980M37980,SA,"Philadelphia-Camden-Wilmington, PA-NJ-DE-MD MSA",9668755.0390625,13849.2982072931
476,08042,METRO37980M37980,SA,"Philadelphia-Camden-Wilmington, PA-NJ-DE-MD MSA",3768393.66015625,9893.84333744216
477,28104,METRO16740M16740,SA,"Charlotte-Concord-Gastonia, NC-SC HUD Metro FMR Area",115999683.15625,107729.734591453
478,66207,METRO28140M28140,SA,"Kansas City, MO-KS HUD Metro FMR Area",19683499.8984375,22597.7044039182
479,44056,METRO10420M10420,SA,"Akron, OH MSA",45014327.0898438,37464.5237033716
480,33955,METRO39460M39460,SA,"Punta Gorda, FL MSA",260892044.152344,116822.492353748
481,43511,METRO45780M45780,SA,"Toledo, OH HUD Metro FMR Area",188810066.539063,86281.2461357114
482,23461,METRO47260M47260,SA,"Virginia Beach-Norfolk-Newport News, VA-NC HUD Metro FMR Area",6106464.078125,11409.0500094628
483,34760,METRO36740M36740,SA,"Orlando-Kissimmee-Sanford, FL MSA",1884287.8359375,6998.56847559363
484,33785,METRO45300M45300,SA,"Tampa-St. Petersburg-Clearwater, FL MSA",6486550.35546875,21469.1914404768
485,34140,METRO34940M34940,SA,"Naples-Marco Island, FL MSA",5153455.35742188,13868.4036664338
486,37686,METRO28700M28700,SA,"Kingsport-Bristol, TN-VA MSA",133397474.191406,94975.747610122
487,23665,METRO47260M47260,SA,"Virginia Beach-Norfolk-Newport News, VA-NC HUD Metro FMR Area",28605825.828125,35857.8721328969
488,33701,METRO45300M45300,SA,"Tampa-St. Petersburg-Clearwater, FL MSA",10438413.9980469,15126.5040470326
489,29910,METRO25940N45013,SA,"Beaufort County, SC HUD Metro FMR Area",432049139.308594,143149.706949565
490,34953,METRO38940M38940,SA,"Port St. Lucie, FL MSA",78773772.09375,36875.5967875856
491,34984,METRO38940M38940,SA,"Port St. Lucie, FL MSA",32951094.2089844,35654.4641353059
492,34986,METRO38940M38940,SA,"Port St. Lucie, FL MSA",62151934.4257813,35137.6382956001
493,32466,METRO37460N12133,SA,"Washington County, FL HUD Metro FMR Area",63380622.125,47791.5922767408
494,37201,METRO34980M34980,SA,"Nashville-Davidson--Murfreesboro--Franklin, TN HUD Metro FMR Area",1519185.4453125,8233.67029183174
495,33442,METRO33100MM2680,SA,"Fort Lauderdale, FL HUD Metro FMR Area",25373489.9707031,21756.0423433987
496,60461,METRO16980M16980,SA,"Chicago-Joliet-Naperville, IL HUD Metro FMR Area",15574272.8710938,17844.3396242122
497,37037,METRO34980M34980,SA,"Nashville-Davidson--Murfreesboro--Franklin, TN HUD Metro FMR Area",305491881.195313,149776.747671648
498,32550,METRO18880N12131,SA,"Walton County, FL HUD Metro FMR Area",25441501.2695313,35939.441809798
499,60661,METRO16980M16980,SA,"Chicago-Joliet-Naperville, IL HUD Metro FMR Area",1397630.18359375,5989.51238817459
500,37067,METRO34980M34980,SA,"Nashville-Davidson--Murfreesboro--Franklin, TN HUD Metro FMR Area",128804637.847656,106494.369217259
501,27560,METRO20500M20500,SA,"Durham-Chapel Hill, NC HUD Metro FMR Area",14344795.59375,45536.8599367193
502,33184,METRO33100MM5000,SA,"Miami-Miami Beach-Kendall, FL HUD Metro FMR Area",8465173.41796875,19266.9140752168
503,33473,METRO33100MM8960,SA,"West Palm Beach-Boca Raton, FL HUD Metro FMR Area",23080128.3867188,22673.7519439883
504,31632,METRO46660M46660,SA,"Valdosta, GA MSA",320270602.011719,105898.011829561
505,33413,METRO33100MM8960,SA,"West Palm Beach-Boca Raton, FL HUD Metro FMR Area",24941964.2578125,25191.4806289001
506,59730,METRO14580M14580,SA,"Bozeman, MT MSA",3387495198.57422,357006.9403032
507,60602,METRO16980M16980,SA,"Chicago-Joliet-Naperville, IL HUD Metro FMR Area",386602.7421875,3588.23929921491
508,60606,METRO16980M16980,SA,"Chicago-Joliet-Naperville, IL HUD Metro FMR Area",1295539.421875,6671.73727391538
509,60611,METRO16980M16980,SA,"Chicago-Joliet-Naperville, IL HUD Metro FMR Area",3577942.96484375,11411.9043934571
510,37122,METRO34980M34980,SA,"Nashville-Davidson--Murfreesboro--Franklin, TN HUD Metro FMR Area",467391200.1875,174548.970355945
511,33064,METRO33100MM2680,SA,"Fort Lauderdale, FL HUD Metro FMR Area",33974468.3085938,31378.7005046991
512,33351,METRO33100MM2680,SA,"Fort Lauderdale, FL HUD Metro FMR Area",19340881.8652344,19864.2015216037
513,33076,METRO33100MM2680,SA,"Fort Lauderdale, FL HUD Metro FMR Area",41428710.6152344,34299.9595392218
514,95632,METRO44700M44700,SA,"Stockton-Lodi, CA MSA",146215067.007813,123208.137914408
515,95634,METRO40900M40900,SA,"Sacramento--Roseville--Arden-Arcade, CA HUD Metro FMR Area",508123535.292969,239364.284159744
516,12027,METRO10580M10580,SA,"Albany-Schenectady-Troy, NY MSA",36199459.984375,31713.9773067585
517,91390,METRO31080MM4480,SA,"Los Angeles-Long Beach-Glendale, CA HUD Metro FMR Area",608643496.039063,227956.426508537
518,91030,METRO31080MM4480,SA,"Los Angeles-Long Beach-Glendale, CA HUD Metro FMR Area",13064744.859375,15982.3571268619
519,02338,METRO14460MM1200,SA,"Brockton, MA HUD Metro FMR Area",81588783.5,39377.7302773637
520,93944,METRO41500M41500,SA,"Salinas, CA MSA",1350976.55859375,5771.15735305535
521,92604,METRO31080MM5945,SA,"Santa Ana-Anaheim-Irvine, CA HUD Metro FMR Area",12748005.203125,16119.1212714296
522,79938,METRO21340M21340,SA,"El Paso, TX HUD Metro FMR Area",766045623.964844,191648.95225987
523,79938,METRO21340N48229,SA,"Hudspeth County, TX HUD Metro FMR Area",639864844.429688,227414.721875317
524,85708,METRO46060M46060,SA,"Tucson, AZ MSA",10499201.9726563,14698.0872787964
525,93465,METRO42020M42020,SA,"San Luis Obispo-Paso Robles, CA MSA",331875985.5,143636.585734836
526,10028,METRO35620MM5600,SA,"New York, NY HUD Metro FMR Area",1460354.5625,6817.86510324785
527,96713,METRO27980M27980,SA,"Kahului-Wailuku-Lahaina, HI HUD Metro FMR Area",492473978.789063,153953.115961134
528,10002,METRO35620MM5600,SA,"New York, NY HUD Metro FMR Area",3697248.6640625,7921.37270157708
529,59602,METRO25740N30049,SA,"Lewis and Clark County, MT HUD Metro FMR Area",3002034412.75781,358408.360227451
530,37934,METRO28940M28940,SA,"Knoxville, TN HUD Metro FMR Area",69584278.9492188,35641.8892783573
531,30248,METRO12060N13035,SA,"Butts County, GA HUD Metro FMR Area",21987704.1679688,30004.5803221505
532,07030,METRO35620MM3640,SA,"Jersey City, NJ HUD Metro FMR Area",8894125.91796875,12330.5951973675
533,08326,METRO12100M12100,SA,"Atlantic City-Hammonton, NJ HUD Metro FMR Area",13892959.5546875,29770.3788604907
534,36113,METRO33860M33860,SA,"Montgomery, AL MSA",2678232.015625,8665.77656981136
535,33146,METRO33100MM5000,SA,"Miami-Miami Beach-Kendall, FL HUD Metro FMR Area",10323979.1621094,16610.6581393715
536,99702,METRO21820M21820,SA,"Fairbanks-College, AK MSA",303831724.90625,106150.778968174
537,80921,METRO17820M17820,SA,"Colorado Springs, CO HUD Metro FMR Area",210925760.691406,158200.686401784
538,77010,METRO26420M26420,SA,"Houston-The Woodlands-Sugar Land, TX HUD Metro FMR Area",422949.29296875,3015.37595313825
539,93619,METRO23420M23420,SA,"Fresno, CA HUD Metro FMR Area",757660859.835938,214022.227532146
540,93635,METRO32900M32900,SA,"Merced, CA MSA",1617143701.41016,388678.80631612
541,93636,METRO23420M31460,SA,"Madera County, CA HUD Metro FMR Area",807697515.726563,185556.63640184
542,11721,METRO35620MM5380,SA,"Nassau-Suffolk, NY HUD Metro FMR Area",12579635.2382813,20694.2738980767
543,93667,METRO23420M23420,SA,"Fresno, CA HUD Metro FMR Area",482397616.574219,170725.67142153
544,93730,METRO23420M23420,SA,"Fresno, CA HUD Metro FMR Area",33087314.8359375,35544.2953052508
545,93940,METRO41500M41500,SA,"Salinas, CA MSA",140757906.082031,137934.660924329
546,77094,METRO26420M26420,SA,"Houston-The Woodlands-Sugar Land, TX HUD Metro FMR Area",11925256.3671875,28448.6622210099
547,94105,METRO41860MM7360,SA,"San Francisco, CA HUD Metro FMR Area",1633732.98828125,6911.9264896111
548,90713,METRO31080MM4480,SA,"Los Angeles-Long Beach-Glendale, CA HUD Metro FMR Area",12991234.5390625,18011.5525462253
549,94939,METRO41860MM7360,SA,"San Francisco, CA HUD Metro FMR Area",10584616.1835938,22343.5129279269
550,95903,METRO49700M49700,SA,"Yuba City, CA MSA",88327253.6171875,56325.4522571118
551,77401,METRO26420M26420,SA,"Houston-The Woodlands-Sugar Land, TX HUD Metro FMR Area",12599366.5664063,19267.8390901695
552,94513,METRO41860MM5775,SA,"Oakland-Fremont, CA HUD Metro FMR Area",334995882.03125,153867.082375289
553,33635,METRO45300M45300,SA,"Tampa-St. Petersburg-Clearwater, FL MSA",25152592.578125,23545.2158036576
554,94585,METRO46700M46700,SA,"Vallejo, CA MSA",480153291.054688,196713.296373365
555,92134,METRO41740M41740,SA,"San Diego-Chula Vista-Carlsbad, CA MSA",279536.73046875,2954.90957481443
556,94941,METRO41860MM7360,SA,"San Francisco, CA HUD Metro FMR Area",161765987.671875,125693.299905662
557,95007,METRO42100M42100,SA,"Santa Cruz-Watsonville, CA MSA",6425515.7734375,17107.2111066808
558,95060,METRO42100M42100,SA,"Santa Cruz-Watsonville, CA MSA",221943649.085938,126212.762068758
559,95076,METRO41500M41500,SA,"Salinas, CA MSA",125004376.511719,61127.003177363
560,95131,METRO41940M41940,SA,"San Jose-Sunnyvale-Santa Clara, CA HUD Metro FMR Area",23711263.6875,29048.8046023711
561,95135,METRO41940M41940,SA,"San Jose-Sunnyvale-Santa Clara, CA HUD Metro FMR Area",533227638.796875,172651.002977938
562,95139,METRO41940M41940,SA,"San Jose-Sunnyvale-Santa Clara, CA HUD Metro FMR Area",4922407.21875,10436.6327029147
563,18933,METRO37980M37980,SA,"Philadelphia-Camden-Wilmington, PA-NJ-DE-MD MSA",3032581.62890625,12819.1825917644
564,89148,METRO29820M29820,SA,"Las Vegas-Henderson-North Las Vegas, NV MSA",38581502.9257813,37008.2475039444
565,80290,METRO19740M19740,SA,"Denver-Aurora-Centennial, CO MSA",32354.37890625,739.785052798541
566,35461,METRO46220N01107,SA,"Pickens County, AL HUD Metro FMR Area",476747916.0625,131115.819095615
567,96161,METRO40900M40900,SA,"Sacramento--Roseville--Arden-Arcade, CA HUD Metro FMR Area",345598772.941406,166787.079246366
568,07043,METRO35620MM0875,SA,"Bergen-Passaic, NJ HUD Metro FMR Area",436815.73828125,3391.60709295023
569,07043,METRO35620MM5640,SA,"Newark, NJ HUD Metro FMR Area",11038429.7109375,14459.4827039274
570,78023,METRO41700M41700,SA,"San Antonio-New Braunfels, TX HUD Metro FMR Area",267274105.332031,124928.328921127
571,78023,METRO41700N48325,SA,"Medina County, TX HUD Metro FMR Area",42189484.3320313,44983.422864902
572,33426,METRO33100MM8960,SA,"West Palm Beach-Boca Raton, FL HUD Metro FMR Area",20123413.2011719,30480.5955805442
573,91501,METRO31080MM4480,SA,"Los Angeles-Long Beach-Glendale, CA HUD Metro FMR Area",10354729.8789063,14962.1692775943
574,75244,METRO19100M19100,SA,"Dallas, TX HUD Metro FMR Area",17044600.8789063,19403.7943009793
575,98040,METRO42660MM7600,SA,"Seattle-Bellevue, WA HUD Metro FMR Area",73310713.03125,39705.3434858117
576,85365,METRO49740M49740,SA,"Yuma, AZ MSA",5002395179.14844,622832.531853756
577,98065,METRO42660MM7600,SA,"Seattle-Bellevue, WA HUD Metro FMR Area",405608304.773438,141654.357744213
578,98101,METRO42660MM7600,SA,"Seattle-Bellevue, WA HUD Metro FMR Area",3121355.9765625,8941.40471253297
579,84092,METRO41620M41620,SA,"Salt Lake City, UT HUD Metro FMR Area",244015039.730469,102902.254044988
580,90254,METRO31080MM4480,SA,"Los Angeles-Long Beach-Glendale, CA HUD Metro FMR Area",5278567.90234375,10311.7874965858
581,97490,METRO21660M21660,SA,"Eugene-Springfield, OR MSA",482083548.328125,177940.23363988
582,92386,METRO40140M40140,SA,"Riverside-San Bernardino-Ontario, CA MSA",8686532.015625,15515.1595223139
583,86432,METRO29420M29420,SA,"Lake Havasu City-Kingman, AZ MSA",4353861757.68359,383562.847640702
584,92407,METRO40140M40140,SA,"Riverside-San Bernardino-Ontario, CA MSA",310564760.5,160438.130216894
585,75071,METRO19100M19100,SA,"Dallas, TX HUD Metro FMR Area",278666734.265625,143373.996464177
586,92562,METRO40140M40140,SA,"Riverside-San Bernardino-Ontario, CA MSA",336193071.230469,149078.650437744
587,98314,METRO14740M14740,SA,"Bremerton-Silverdale-Port Orchard, WA MSA",639586.3125,5511.40280136666
588,97214,METRO38900M38900,SA,"Portland-Vancouver-Hillsboro, OR-WA MSA",16017240.8359375,19576.0030730597
589,80817,METRO39380M39380,SA,"Pueblo, CO MSA",114917233.632813,68618.0309433511
590,98340,METRO14740M14740,SA,"Bremerton-Silverdale-Port Orchard, WA MSA",42770115.8203125,37821.8424304219
591,98360,METRO42660MM8200,SA,"Tacoma, WA HUD Metro FMR Area",386170435.5625,146582.674076484
592,93271,METRO47300M47300,SA,"Visalia, CA MSA",617876960.496094,227120.17026597
593,83607,METRO14260N16045,SA,"Gem County, ID HUD Metro FMR Area",113187909.164063,53200.3332023407
594,70801,METRO12940M12940,SA,"Baton Rouge, LA HUD Metro FMR Area",374491.98046875,3536.46458862778
595,92625,METRO31080MM5945,SA,"Santa Ana-Anaheim-Irvine, CA HUD Metro FMR Area",9876522.62109375,20238.6473790869
596,76247,METRO19100M19100,SA,"Dallas, TX HUD Metro FMR Area",266884842.804688,128786.575835221
597,83616,METRO14260M14260,SA,"Boise City, ID HUD Metro FMR Area",360201690.761719,128607.557183376
598,93105,METRO42200M42200,SA,"Santa Maria-Santa Barbara, CA MSA",537116983.808594,240110.572003465
599,93117,METRO42200M42200,SA,"Santa Maria-Santa Barbara, CA MSA",643271894.550781,210073.32830211
600,93243,METRO12540M12540,SA,"Bakersfield-Delano, CA MSA",403908900.902344,173175.419622068
601,98616,METRO31020M31020,SA,"Longview-Kelso, WA MSA",26850891.9765625,63418.7780557142
602,92011,METRO41740M41740,SA,"San Diego-Chula Vista-Carlsbad, CA MSA",25473840.9570313,25632.9778928273
603,80924,METRO17820M17820,SA,"Colorado Springs, CO HUD Metro FMR Area",25172966.46875,24021.0804275132
604,93451,METRO41500M41500,SA,"Salinas, CA MSA",1501779785.85938,246278.752873857
605,93451,METRO42020M42020,SA,"San Luis Obispo-Paso Robles, CA MSA",267648237.039063,130042.058402804
606,93460,METRO42200M42200,SA,"Santa Maria-Santa Barbara, CA MSA",844870008.925781,247016.966161278
607,85262,METRO38060M38060,SA,"Phoenix-Mesa-Chandler, AZ MSA",584572339.441406,178341.986554127
608,85264,METRO38060M38060,SA,"Phoenix-Mesa-Chandler, AZ MSA",1626480430.94922,256008.50630279
609,85641,METRO46060M46060,SA,"Tucson, AZ MSA",1241022240.87891,275836.61038576
610,97350,METRO10540M10540,SA,"Albany, OR MSA",536088705.828125,178025.945228422
611,97350,METRO41420M41420,SA,"Salem, OR MSA",41504037.6875,69929.9601026093
612,97351,METRO41420M41420,SA,"Salem, OR MSA",275171749.15625,126106.541350401
613,76002,METRO19100MM2800,SA,"Fort Worth-Arlington, TX HUD Metro FMR Area",26138064.578125,24908.8380927114
614,76008,METRO19100MM2800,SA,"Fort Worth-Arlington, TX HUD Metro FMR Area",300308077.003906,156122.788266339
615,89004,METRO29820M29820,SA,"Las Vegas-Henderson-North Las Vegas, NV MSA",26116804.0820313,25067.6730861297
616,91024,METRO31080MM4480,SA,"Los Angeles-Long Beach-Glendale, CA HUD Metro FMR Area",13312297.578125,21303.6079420382
617,75189,METRO19100M19100,SA,"Dallas, TX HUD Metro FMR Area",409020210.90625,170490.625349312
618,86336,METRO39150M39150,SA,"Prescott Valley-Prescott, AZ MSA",573176121.832031,143857.368866702
619,91210,METRO31080MM4480,SA,"Los Angeles-Long Beach-Glendale, CA HUD Metro FMR Area",369163.48046875,2432.22471999998
620,87540,METRO42140M42140,SA,"Santa Fe, NM MSA",639574305.046875,178871.222759391
621,92122,METRO41740M41740,SA,"San Diego-Chula Vista-Carlsbad, CA MSA",19784776.015625,19647.8188892117
622,00650,METRO41980N72923,SA,"Barranquitas-Aibonito, PR HUD Metro FMR Area",2653345.86523438,13361.0318507303
623,75225,METRO19100M19100,SA,"Dallas, TX HUD Metro FMR Area",17247487.4257813,18214.9900862478
624,86004,METRO22380M22380,SA,"Flagstaff, AZ MSA",3571119218.71484,505941.93206539
625,74103,METRO46140M46140,SA,"Tulsa, OK HUD Metro FMR Area",2595875.08203125,8471.45782769274
626,90071,METRO31080MM4480,SA,"Los Angeles-Long Beach-Glendale, CA HUD Metro FMR Area",506285.96875,3006.1429567653
627,90077,METRO31080MM4480,SA,"Los Angeles-Long Beach-Glendale, CA HUD Metro FMR Area",28075159.3164063,25732.9319093533
628,86438,METRO29420M29420,SA,"Lake Havasu City-Kingman, AZ MSA",3689094842.21484,335059.706693753
629,32228,METRO27260M27260,SA,"Jacksonville, FL HUD Metro FMR Area",416236.11328125,3200.68243150533
630,85331,METRO38060M38060,SA,"Phoenix-Mesa-Chandler, AZ MSA",493977362.433594,150347.220338707
631,10535,METRO35620MM5600,SA,"New York, NY HUD Metro FMR Area",2370283.1875,8232.23323585142
632,92155,METRO41740M41740,SA,"San Diego-Chula Vista-Carlsbad, CA MSA",282116.98046875,3673.74369205442
633,96860,METRO46520M46520,SA,"Urban Honolulu, HI MSA",5693279.9296875,17172.5814146169
634,02672,METRO12700M12700,SA,"Barnstable Town, MA MSA",2303372.125,7724.85091325748
635,11005,METRO35620MM5600,SA,"New York, NY HUD Metro FMR Area",825024.53515625,4077.55292914871
636,48331,METRO19820M19820,SA,"Detroit-Warren-Livonia, MI HUD Metro FMR Area",44482615.6679688,31065.1972841219
637,91387,METRO31080MM4480,SA,"Los Angeles-Long Beach-Glendale, CA HUD Metro FMR Area",204086167.734375,106209.608214649
638,98092,METRO42660MM8200,SA,"Tacoma, WA HUD Metro FMR Area",8389714.1328125,23832.3116108362
639,97488,METRO21660M21660,SA,"Eugene-Springfield, OR MSA",747922087.5,208202.305274014
640,95230,METRO33700M33700,SA,"Modesto, CA MSA",280524973.238281,96769.4822047173
641,95230,METRO44700M44700,SA,"Stockton-Lodi, CA MSA",123897726.160156,92774.5399087056
642,90639,METRO31080MM4480,SA,"Los Angeles-Long Beach-Glendale, CA HUD Metro FMR Area",507456.72265625,3758.18844720971
643,31905,METRO17980M17980,SA,"Columbus, GA-AL HUD Metro FMR Area",335310862.378906,166295.484698778
644,87501,METRO42140M42140,SA,"Santa Fe, NM MSA",199770587.457031,112090.946006148
645,07970,METRO35620MM5640,SA,"Newark, NJ HUD Metro FMR Area",1217416.5234375,5255.67094210392
646,10545,METRO35620MM5600,SA,"New York, NY HUD Metro FMR Area",558687.5625,2964.02373691656
647,76127,METRO19100MM2800,SA,"Fort Worth-Arlington, TX HUD Metro FMR Area",7976655.19921875,17293.61284541
648,35040,METRO13820N01021,SA,"Chilton County, AL HUD Metro FMR Area",48804379.734375,63018.7580642845
649,32925,METRO37340M37340,SA,"Palm Bay-Melbourne-Titusville, FL MSA",35947045.4570313,24794.503743816
650,33503,METRO45300M45300,SA,"Tampa-St. Petersburg-Clearwater, FL MSA",2042591.04296875,6524.75349340493
651,93409,METRO42020M42020,SA,"San Luis Obispo-Paso Robles, CA MSA",1529836.04296875,6374.02318276108
652,08205,METRO12100M12100,SA,"Atlantic City-Hammonton, NJ HUD Metro FMR Area",223900612.378906,106207.309569171
653,75251,METRO19100M19100,SA,"Dallas, TX HUD Metro FMR Area",2222578.98046875,10325.6966004964
654,37174,METRO34980M34980,SA,"Nashville-Davidson--Murfreesboro--Franklin, TN HUD Metro FMR Area",65323779.390625,81881.1178953524
655,37174,METRO34980N47119,SA,"Maury County, TN HUD Metro FMR Area",205399940.90625,108651.633013186
656,33028,METRO33100MM2680,SA,"Fort Lauderdale, FL HUD Metro FMR Area",19089252.2773438,19790.7160214016
657,59752,METRO25740N30007,SA,"Broadwater County, MT HUD Metro FMR Area",400969387.132813,103582.989087952
658,10009,METRO35620MM5600,SA,"New York, NY HUD Metro FMR Area",2777809.6640625,6971.4591477302
659,70739,METRO12940M12940,SA,"Baton Rouge, LA HUD Metro FMR Area",168169367.035156,133700.120489038
660,33767,METRO45300M45300,SA,"Tampa-St. Petersburg-Clearwater, FL MSA",18487501.1738281,24517.0938593685
661,29482,METRO16700M16700,SA,"Charleston-North Charleston, SC MSA",11647184.4375,17176.8710468778
662,48070,METRO19820M19820,SA,"Detroit-Warren-Livonia, MI HUD Metro FMR Area",7101580.03125,10811.6772522967
663,33029,METRO33100MM2680,SA,"Fort Lauderdale, FL HUD Metro FMR Area",61419107.4726563,35872.7134408236
664,93614,METRO23420M31460,SA,"Madera County, CA HUD Metro FMR Area",526442081.316406,172458.901933501
665,93924,METRO41500M41500,SA,"Salinas, CA MSA",750645643.746094,220379.094533362
666,93962,METRO41500M41500,SA,"Salinas, CA MSA",492865.5703125,2965.01434048307
667,95843,METRO40900M40900,SA,"Sacramento--Roseville--Arden-Arcade, CA HUD Metro FMR Area",27767507.890625,26044.3814553662
668,78006,METRO41700M41700,SA,"San Antonio-New Braunfels, TX HUD Metro FMR Area",93562655.5703125,92306.940413675
669,75132,METRO19100M19100,SA,"Dallas, TX HUD Metro FMR Area",382398.67578125,4264.74629935878
670,95363,METRO33700M33700,SA,"Modesto, CA MSA",1965906690.08203,283378.731001566
671,21140,METRO12580M12580,SA,"Baltimore-Columbia-Towson, MD MSA",7557232.328125,12933.9936293972
672,96759,METRO46520M46520,SA,"Urban Honolulu, HI MSA",466148.58203125,2835.63240834671
673,48085,METRO19820M19820,SA,"Detroit-Warren-Livonia, MI HUD Metro FMR Area",45289948.9570313,26914.7321201682
674,55401,METRO33460M33460,SA,"Minneapolis-St. Paul-Bloomington, MN-WI HUD Metro FMR Area",4679428.7265625,12733.5372798042
675,85215,METRO38060M38060,SA,"Phoenix-Mesa-Chandler, AZ MSA",318473457.449219,138291.038117319
676,98038,METRO42660MM7600,SA,"Seattle-Bellevue, WA HUD Metro FMR Area",374248157.59375,156294.587442969
677,89143,METRO29820M29820,SA,"Las Vegas-Henderson-North Las Vegas, NV MSA",14003016.2773438,18365.7940841836
678,75409,METRO19100M19100,SA,"Dallas, TX HUD Metro FMR Area",294877619.730469,126829.417335181
679,98121,METRO42660MM7600,SA,"Seattle-Bellevue, WA HUD Metro FMR Area",2454980.03125,7988.73757949115
680,97020,METRO41420M41420,SA,"Salem, OR MSA",1470368.4296875,7184.17660588317
681,37363,METRO16860M16860,SA,"Chattanooga, TN-GA MSA",235589380.488281,157385.262008393
682,34787,METRO36740M36740,SA,"Orlando-Kissimmee-Sanford, FL MSA",262520662.957031,132985.607857544
683,10162,METRO35620MM5600,SA,"New York, NY HUD Metro FMR Area",67384.43359375,1085.77225873874
684,83716,METRO14260M14260,SA,"Boise City, ID HUD Metro FMR Area",2060278053.33203,534502.845048874
685,75166,METRO19100M19100,SA,"Dallas, TX HUD Metro FMR Area",59639525.5,46878.7898370476
686,10016,METRO35620MM5600,SA,"New York, NY HUD Metro FMR Area",2476767.765625,7124.65874408702
687,01053,METRO11200M11200,SA,"Amherst Town-Northampton, MA MSA",27808538.1210938,25899.6613280852
688,93908,METRO41500M41500,SA,"Salinas, CA MSA",982297184.6875,327338.359474969
689,85645,METRO46060M46060,SA,"Tucson, AZ MSA",353552101.425781,152239.621576983
690,38924,METRO27140M28051,SA,"Holmes County, MS HUD Metro FMR Area",290185262.523438,124306.32420015
691,32227,METRO27260M27260,SA,"Jacksonville, FL HUD Metro FMR Area",4850304.38671875,17005.3692397917
692,13103,METRO45060M45060,SA,"Syracuse, NY MSA",1961185.390625,8874.7294642616
693,60654,METRO16980M16980,SA,"Chicago-Joliet-Naperville, IL HUD Metro FMR Area",2685248.81640625,9459.5301392124
694,33172,METRO33100MM5000,SA,"Miami-Miami Beach-Kendall, FL HUD Metro FMR Area",22529250.3945313,25993.2006341232
695,27517,METRO20500M20500,SA,"Durham-Chapel Hill, NC HUD Metro FMR Area",198123226.777344,111891.125451201
696,07417,METRO35620MM0875,SA,"Bergen-Passaic, NJ HUD Metro FMR Area",45032406.0117188,29745.1733436289
697,60642,METRO16980M16980,SA,"Chicago-Joliet-Naperville, IL HUD Metro FMR Area",8211762.0078125,15961.997676158
698,10537,METRO35620MM5600,SA,"New York, NY HUD Metro FMR Area",5368221.58203125,10354.9675458642
699,79918,METRO21340M21340,SA,"El Paso, TX HUD Metro FMR Area",27491123.7421875,31487.6134566214
700,11713,METRO35620MM5380,SA,"Nassau-Suffolk, NY HUD Metro FMR Area",25710312.921875,32178.1305509937
701,02457,METRO14460MM1120,SA,"Boston-Cambridge-Quincy, MA-NH HUD Metro FMR Area",955948.8359375,7314.86306925637
702,32821,METRO36740M36740,SA,"Orlando-Kissimmee-Sanford, FL MSA",57405934.6132813,41019.220825383
703,34736,METRO36740M36740,SA,"Orlando-Kissimmee-Sanford, FL MSA",488126245.476563,243978.821135544
704,11509,METRO35620MM5380,SA,"Nassau-Suffolk, NY HUD Metro FMR Area",5047307.03515625,12575.4478291721
705,19333,METRO37980M37980,SA,"Philadelphia-Camden-Wilmington, PA-NJ-DE-MD MSA",16338705.1601563,27574.5760096887
706,37315,METRO16860M16860,SA,"Chattanooga, TN-GA MSA",488927.953125,4011.26979125668
707,12486,METRO28740M28740,SA,"Kingston, NY MSA",16069004.0078125,22868.166114568
708,06089,METRO25540M25540,SA,"Hartford-West Hartford-East Hartford, CT MSA",13759990.9726563,18065.6408238771
709,01430,METRO49340MM2600,SA,"Fitchburg-Leominster, MA HUD Metro FMR Area",187382032.472656,59076.8491209631
710,48304,METRO19820M19820,SA,"Detroit-Warren-Livonia, MI HUD Metro FMR Area",54932500.5429688,32983.3911042316
711,93311,METRO12540M12540,SA,"Bakersfield-Delano, CA MSA",830396290.410156,262579.273633822
712,34734,METRO36740M36740,SA,"Orlando-Kissimmee-Sanford, FL MSA",6646069.0078125,17230.1158710091
713,33991,METRO15980M15980,SA,"Cape Coral-Fort Myers, FL MSA",44996274.9726563,33808.5083918601
714,90293,METRO31080MM4480,SA,"Los Angeles-Long Beach-Glendale, CA HUD Metro FMR Area",9514556.69140625,25008.4610329174
715,60203,METRO16980M16980,SA,"Chicago-Joliet-Naperville, IL HUD Metro FMR Area",3196833.359375,9197.64138890744
716,93407,METRO42020M42020,SA,"San Luis Obispo-Paso Robles, CA MSA",3405996.1171875,9260.69683337982
717,07933,METRO35620MM5640,SA,"Newark, NJ HUD Metro FMR Area",24532897.7148438,25522.3820462418
718,00934,METRO41980MM7440,SA,"San Juan-Guaynabo, PR HUD Metro FMR Area",4140207.41503906,9031.33097493921
719,15232,METRO38300M38300,SA,"Pittsburgh, PA HUD Metro FMR Area",3661776.73828125,12012.3432039131
720,33547,METRO29460M29460,SA,"Lakeland-Winter Haven, FL MSA",13719555.0898438,18566.4077524994
721,33547,METRO45300M45300,SA,"Tampa-St. Petersburg-Clearwater, FL MSA",543919118.263672,137448.211733738
722,10038,METRO35620MM5600,SA,"New York, NY HUD Metro FMR Area",1268777.05859375,6162.84893499863
723,95304,METRO44700M44700,SA,"Stockton-Lodi, CA MSA",647118888.75,215908.124526923
724,90701,METRO31080MM4480,SA,"Los Angeles-Long Beach-Glendale, CA HUD Metro FMR Area",6142652.25,14332.221009569
725,28078,METRO16740M16740,SA,"Charlotte-Concord-Gastonia, NC-SC HUD Metro FMR Area",263508699.832031,104778.370334126
726,34288,METRO35840M35840,SA,"North Port-Bradenton-Sarasota, FL MSA",65612644.8613281,37342.0972400832
727,76643,METRO47380M47380,SA,"Waco, TX HUD Metro FMR Area",27145395.25,27418.2100138107
728,86022,METRO29420M29420,SA,"Lake Havasu City-Kingman, AZ MSA",1053908846.01172,183999.75781431
729,76227,METRO19100M19100,SA,"Dallas, TX HUD Metro FMR Area",307271682.535156,128594.624871226
730,33981,METRO39460M39460,SA,"Punta Gorda, FL MSA",187465836.933594,128746.275738176
731,96786,METRO46520M46520,SA,"Urban Honolulu, HI MSA",269455529.410156,135748.153603942
732,32751,METRO36740M36740,SA,"Orlando-Kissimmee-Sanford, FL MSA",27675421.0683594,36747.0367872556
733,34110,METRO15980M15980,SA,"Cape Coral-Fort Myers, FL MSA",2756472.99023438,10692.680091058
734,34110,METRO34940M34940,SA,"Naples-Marco Island, FL MSA",52286316.3125,36740.1073053647
735,55047,METRO33460M33460,SA,"Minneapolis-St. Paul-Bloomington, MN-WI HUD Metro FMR Area",183004117.359375,100142.937590149
736,19341,METRO37980M37980,SA,"Philadelphia-Camden-Wilmington, PA-NJ-DE-MD MSA",61121086.3203125,46974.3910320112
737,19004,METRO37980M37980,SA,"Philadelphia-Camden-Wilmington, PA-NJ-DE-MD MSA",12076062.2421875,14994.1672213225
738,40245,METRO31140M31140,SA,"Louisville, KY-IN HUD Metro FMR Area",101845462.304688,80767.2329090369
739,07626,METRO35620MM0875,SA,"Bergen-Passaic, NJ HUD Metro FMR Area",9365186.94140625,16088.5460802881
740,85224,METRO38060M38060,SA,"Phoenix-Mesa-Chandler, AZ MSA",35072742.3085938,29692.3161638403
741,85282,METRO38060M38060,SA,"Phoenix-Mesa-Chandler, AZ MSA",41311649.484375,43373.7689231474
742,34711,METRO36740M36740,SA,"Orlando-Kissimmee-Sanford, FL MSA",201384345.460938,111993.541627935
743,33126,METRO33100MM5000,SA,"Miami-Miami Beach-Kendall, FL HUD Metro FMR Area",19337631.3710938,32244.794190547
744,33408,METRO33100MM8960,SA,"West Palm Beach-Boca Raton, FL HUD Metro FMR Area",30460690.5859375,32458.9470791001
745,33511,METRO45300M45300,SA,"Tampa-St. Petersburg-Clearwater, FL MSA",56222993.2441406,48062.5104924991
746,32080,METRO27260M27260,SA,"Jacksonville, FL HUD Metro FMR Area",68940607.5664063,70713.7765595789
747,89052,METRO29820M29820,SA,"Las Vegas-Henderson-North Las Vegas, NV MSA",64601935.4414063,45524.9893795714
748,89134,METRO29820M29820,SA,"Las Vegas-Henderson-North Las Vegas, NV MSA",26603700.671875,22479.8355978533
749,98006,METRO42660MM7600,SA,"Seattle-Bellevue, WA HUD Metro FMR Area",68063668.234375,39737.41837895
750,98446,METRO42660MM8200,SA,"Tacoma, WA HUD Metro FMR Area",60952841.0546875,51370.9051232622
751,85629,METRO46060M46060,SA,"Tucson, AZ MSA",852409798.902344,246977.671369806
752,85739,METRO46060M46060,SA,"Tucson, AZ MSA",121596642.367188,57612.0526202311
753,75009,METRO19100M19100,SA,"Dallas, TX HUD Metro FMR Area",372288019.289063,116537.476171219
754,37027,METRO34980M34980,SA,"Nashville-Davidson--Murfreesboro--Franklin, TN HUD Metro FMR Area",226190962.5,118984.565460565
755,92337,METRO40140M40140,SA,"Riverside-San Bernardino-Ontario, CA MSA",51808772.5898438,37365.2418403314
756,90067,METRO31080MM4480,SA,"Los Angeles-Long Beach-Glendale, CA HUD Metro FMR Area",1660485.83984375,6017.2327891252
757,90073,METRO31080MM4480,SA,"Los Angeles-Long Beach-Glendale, CA HUD Metro FMR Area",2005550.375,8769.24238328104
758,07052,METRO35620MM5640,SA,"Newark, NJ HUD Metro FMR Area",54901535.1445313,32410.8739829431
759,60047,METRO16980M16980,SA,"Chicago-Joliet-Naperville, IL HUD Metro FMR Area",171118953.699219,98209.297401772
760,07950,METRO35620MM5640,SA,"Newark, NJ HUD Metro FMR Area",41742253.8828125,47372.5361674379
761,07020,METRO35620MM0875,SA,"Bergen-Passaic, NJ HUD Metro FMR Area",11057635.3320313,19010.536354369
762,33428,METRO33100MM8960,SA,"West Palm Beach-Boca Raton, FL HUD Metro FMR Area",37673572.609375,32903.3848481176
763,07092,METRO35620MM5640,SA,"Newark, NJ HUD Metro FMR Area",18121391.6210938,19730.8704588339
764,07082,METRO35620MM5640,SA,"Newark, NJ HUD Metro FMR Area",27854585.8164063,30454.7563545996
765,48375,METRO19820M19820,SA,"Detroit-Warren-Livonia, MI HUD Metro FMR Area",40030004.875,33965.7227259112
766,32764,METRO19660M19660,SA,"Deltona-Daytona Beach-Ormond Beach, FL HUD Metro FMR Area",354127795.988281,148805.702978339
767,95639,METRO40900M40900,SA,"Sacramento--Roseville--Arden-Arcade, CA HUD Metro FMR Area",21609857.8632813,24496.1962866202
768,37922,METRO28940M28940,SA,"Knoxville, TN HUD Metro FMR Area",139336941.054688,94655.2782454488
769,95075,METRO41940N06069,SA,"San Benito County, CA HUD Metro FMR Area",372291530.730469,136531.033002037
770,95348,METRO32900M32900,SA,"Merced, CA MSA",243311449.753906,146462.664906493
771,64157,METRO28140M28140,SA,"Kansas City, MO-KS HUD Metro FMR Area",46822838.515625,35880.7421388226
772,78045,METRO29700M29700,SA,"Laredo, TX MSA",2215745217.80469,429283.793878787
773,33965,METRO15980M15980,SA,"Cape Coral-Fort Myers, FL MSA",7926319.1171875,11607.5213463736
774,29730,METRO16740N45023,SA,"Chester County, SC HUD Metro FMR Area",22028161.1445313,33275.6129314725
775,89141,METRO29820M29820,SA,"Las Vegas-Henderson-North Las Vegas, NV MSA",41683084.296875,29935.0392636292
776,89147,METRO29820M29820,SA,"Las Vegas-Henderson-North Las Vegas, NV MSA",29241335.359375,26556.4151164171
777,30363,METRO12060M12060,SA,"Atlanta-Sandy Springs-Roswell, GA HUD Metro FMR Area",927511.2421875,4870.62527824958
778,92551,METRO40140M40140,SA,"Riverside-San Bernardino-Ontario, CA MSA",23761970.8710938,22475.3979974036
779,90401,METRO31080MM4480,SA,"Los Angeles-Long Beach-Glendale, CA HUD Metro FMR Area",2952414.01171875,8706.76332350155
780,30009,METRO12060M12060,SA,"Atlanta-Sandy Springs-Roswell, GA HUD Metro FMR Area",34697947.421875,51009.1282115304
781,11106,METRO35620MM5600,SA,"New York, NY HUD Metro FMR Area",3849199.19140625,9644.89786170427
782,10003,METRO35620MM5600,SA,"New York, NY HUD Metro FMR Area",2569208.92578125,7662.87567943773
783,30066,METRO12060M12060,SA,"Atlanta-Sandy Springs-Roswell, GA HUD Metro FMR Area",103598858.507813,68872.2521097388
784,45243,METRO17140M17140,SA,"Cincinnati, OH-KY-IN  HUD Metro FMR Area",84103722.1015625,44776.1730145706
785,93429,METRO42200M42200,SA,"Santa Maria-Santa Barbara, CA MSA",26650095.1601563,27182.1297768738
786,95017,METRO42100M42100,SA,"Santa Cruz-Watsonville, CA MSA",255092439.375,88443.1514164867
787,20833,METRO12580M12580,SA,"Baltimore-Columbia-Towson, MD MSA",8180448.21484375,19621.3638669208
788,20762,METRO47900M47900,SA,"Washington-Arlington-Alexandria, DC-VA-MD HUD Metro FMR Area",24876547.6992188,20543.4078287516
789,02906,METRO39300M39300,SA,"Providence-Fall River, RI-MA HUD Metro FMR Area",17693937.2539063,25932.4337671528
790,87008,METRO10740M10740,SA,"Albuquerque, NM MSA",103475269.023438,67468.2728393932
791,11214,METRO35620MM5600,SA,"New York, NY HUD Metro FMR Area",8877885.51953125,16537.1575370187
792,71280,METRO33740M22067,SA,"Morehouse Parish, LA HUD Metro FMR Area",14240269.6015625,34011.2311369469
793,01106,METRO44140M44140,SA,"Springfield, MA MSA",47922848.3046875,28672.88753916
794,97089,METRO38900M38900,SA,"Portland-Vancouver-Hillsboro, OR-WA MSA",114722088.476563,61299.0510371484
795,32836,METRO36740M36740,SA,"Orlando-Kissimmee-Sanford, FL MSA",51789563.5878906,46225.714720848
796,96863,METRO46520M46520,SA,"Urban Honolulu, HI MSA",3110449.77734375,7225.61575718543
797,80920,METRO17820M17820,SA,"Colorado Springs, CO HUD Metro FMR Area",53241967.953125,33948.6296446191
798,96779,METRO27980M27980,SA,"Kahului-Wailuku-Lahaina, HI HUD Metro FMR Area",35472261.8515625,44986.0944099654
799,93933,METRO41500M41500,SA,"Salinas, CA MSA",42812333.0273438,40725.659909569
800,94549,METRO41860MM5775,SA,"Oakland-Fremont, CA HUD Metro FMR Area",83537807.4921875,78131.5631492695
801,11801,METRO35620MM5380,SA,"Nassau-Suffolk, NY HUD Metro FMR Area",30266029.6445313,25517.9252680164
802,78108,METRO41700M41700,SA,"San Antonio-New Braunfels, TX HUD Metro FMR Area",97137865.2695313,67258.8494388548
803,31605,METRO46660M46660,SA,"Valdosta, GA MSA",174273727.601563,87104.982102595
804,02537,METRO12700M12700,SA,"Barnstable Town, MA MSA",64614137.390625,49571.3768344714
805,76131,METRO19100MM2800,SA,"Fort Worth-Arlington, TX HUD Metro FMR Area",57560780.2148438,45099.0682528053
806,90049,METRO31080MM4480,SA,"Los Angeles-Long Beach-Glendale, CA HUD Metro FMR Area",56780038.4570313,42652.809417013
807,92354,METRO40140M40140,SA,"Riverside-San Bernardino-Ontario, CA MSA",18869544.1445313,30131.7975308391
808,11217,METRO35620MM5600,SA,"New York, NY HUD Metro FMR Area",3372699.79296875,9492.3687048725
809,01876,METRO14460MM4560,SA,"Lowell, MA HUD Metro FMR Area",100907893.183594,46845.750273757
810,11419,METRO35620MM5600,SA,"New York, NY HUD Metro FMR Area",5064261.43359375,9773.06553448194
811,02481,METRO14460MM1120,SA,"Boston-Cambridge-Quincy, MA-NH HUD Metro FMR Area",30131859.6015625,34028.9914063551
812,78266,METRO41700M41700,SA,"San Antonio-New Braunfels, TX HUD Metro FMR Area",137762336.828125,96572.972615902
813,75033,METRO19100M19100,SA,"Dallas, TX HUD Metro FMR Area",82035801.5351563,40830.8630975263
814,11229,METRO35620MM5600,SA,"New York, NY HUD Metro FMR Area",9260217.69921875,18615.6734845859
815,95242,METRO44700M44700,SA,"Stockton-Lodi, CA MSA",388519690.054688,107612.346364497
816,10994,METRO35620MM5600,SA,"New York, NY HUD Metro FMR Area",29983353.1015625,35791.6526000864
817,94534,METRO46700M46700,SA,"Vallejo, CA MSA",330887064.441406,132080.002305702
818,91345,METRO31080MM4480,SA,"Los Angeles-Long Beach-Glendale, CA HUD Metro FMR Area",12380673.6679688,15217.9908449968
819,95830,METRO40900M40900,SA,"Sacramento--Roseville--Arden-Arcade, CA HUD Metro FMR Area",55432265.734375,37231.2491636041
820,94517,METRO41860MM5775,SA,"Oakland-Fremont, CA HUD Metro FMR Area",198917487.445313,96143.4497336224
821,91792,METRO31080MM4480,SA,"Los Angeles-Long Beach-Glendale, CA HUD Metro FMR Area",14537835.203125,27582.199844611
822,91311,METRO31080MM4480,SA,"Los Angeles-Long Beach-Glendale, CA HUD Metro FMR Area",123250181.652344,76105.1766708673
823,91311,METRO37100M37100,SA,"Oxnard-Thousand Oaks-Ventura, CA MSA",4095871.4609375,26357.6958752687
824,95062,METRO42100M42100,SA,"Santa Cruz-Watsonville, CA MSA",21247877.7070313,23968.3401904691
825,11222,METRO35620MM5600,SA,"New York, NY HUD Metro FMR Area",7237829.88671875,13390.9080948211
826,94507,METRO41860MM5775,SA,"Oakland-Fremont, CA HUD Metro FMR Area",46516303.8359375,55416.5946863034
827,91364,METRO31080MM4480,SA,"Los Angeles-Long Beach-Glendale, CA HUD Metro FMR Area",28620263.6445313,28329.4300280652
828,32958,METRO42680M42680,SA,"Sebastian-Vero Beach-West Vero Corridor, FL MSA",107547664.652344,59466.8433024435
829,43054,METRO18140M18140,SA,"Columbus, OH HUD Metro FMR Area",114906561.609375,67265.6961714202
830,32065,METRO27260M27260,SA,"Jacksonville, FL HUD Metro FMR Area",69385833.0078125,58082.4792680327
831,33764,METRO45300M45300,SA,"Tampa-St. Petersburg-Clearwater, FL MSA",21863493.4433594,34219.427709292
832,33782,METRO45300M45300,SA,"Tampa-St. Petersburg-Clearwater, FL MSA",19278584.0019531,24856.5450648721
833,32829,METRO36740M36740,SA,"Orlando-Kissimmee-Sanford, FL MSA",67820946.3027344,49067.3172394492
834,07004,METRO35620MM5640,SA,"Newark, NJ HUD Metro FMR Area",46858760.7109375,44622.1894904429
835,08343,METRO37980M37980,SA,"Philadelphia-Camden-Wilmington, PA-NJ-DE-MD MSA",141831100.289063,65841.1168659906
836,07865,METRO10900MM5640,SA,"Warren County, NJ HUD Metro FMR Area",48528862.7421875,37826.7359361931
837,07865,METRO35620MM5640,SA,"Newark, NJ HUD Metro FMR Area",10751968.9648438,17796.3879691491
838,85138,METRO38060M38060,SA,"Phoenix-Mesa-Chandler, AZ MSA",313499485.503906,113850.770573675
839,85121,METRO38060M38060,SA,"Phoenix-Mesa-Chandler, AZ MSA",281469942.949219,84700.8823964078
840,85286,METRO38060M38060,SA,"Phoenix-Mesa-Chandler, AZ MSA",59153577.8476563,48031.1250161867
841,60015,METRO16980M16980,SA,"Chicago-Joliet-Naperville, IL HUD Metro FMR Area",65071500.2890625,47914.334197817
842,33312,METRO33100MM2680,SA,"Fort Lauderdale, FL HUD Metro FMR Area",37121642.0839844,36564.1294100608
843,33133,METRO33100MM5000,SA,"Miami-Miami Beach-Kendall, FL HUD Metro FMR Area",13534208.9941406,22376.3851274472
844,33322,METRO33100MM2680,SA,"Fort Lauderdale, FL HUD Metro FMR Area",18680995.0742188,21876.6230382652
845,33431,METRO33100MM8960,SA,"West Palm Beach-Boca Raton, FL HUD Metro FMR Area",27897986.1464844,27112.2431985431
846,99353,METRO28420M28420,SA,"Kennewick-Richland, WA MSA",143680402.9375,62560.2433554955
847,32578,METRO18880N12131,SA,"Walton County, FL HUD Metro FMR Area",2162785.30078125,17463.9386042715
848,32968,METRO42680M42680,SA,"Sebastian-Vero Beach-West Vero Corridor, FL MSA",143529525.839844,77459.3492570222
849,60093,METRO16980M16980,SA,"Chicago-Joliet-Naperville, IL HUD Metro FMR Area",40113453.2695313,35339.7533926947
850,32162,METRO36100M36100,SA,"Ocala, FL MSA",12013253.1523438,17195.8771179915
851,32162,METRO48680M48680,SA,"Wildwood-The Villages, FL MSA",67765263.8789063,49673.5455504133
852,28542,METRO27340M27340,SA,"Jacksonville, NC MSA",6118628.796875,15500.2525674644
853,87083,METRO10740M10740,SA,"Albuquerque, NM MSA",42591413.3046875,29565.7602387084
854,32461,METRO18880N12131,SA,"Walton County, FL HUD Metro FMR Area",54672479.6914063,40717.3518870323
855,02445,METRO14460MM1120,SA,"Boston-Cambridge-Quincy, MA-NH HUD Metro FMR Area",12614066.6601563,22699.5216293777
856,92661,METRO31080MM5945,SA,"Santa Ana-Anaheim-Irvine, CA HUD Metro FMR Area",2684252.9765625,10879.0181781174
857,01223,METRO38340N25003,SA,"Berkshire County, MA (part) HUD Metro FMR Area",338568252.183594,102526.047343562
858,04435,METRO12620N23019,SA,"Penobscot County, ME (part) HUD Metro FMR Area",200302994.617188,56974.7459067418
859,07676,METRO35620MM0875,SA,"Bergen-Passaic, NJ HUD Metro FMR Area",13643536.5625,16816.80398147
860,08053,METRO37980M37980,SA,"Philadelphia-Camden-Wilmington, PA-NJ-DE-MD MSA",130177262.742188,54822.8102009888
861,07039,METRO35620MM5640,SA,"Newark, NJ HUD Metro FMR Area",63778021.1054688,36297.3500278032
862,08221,METRO12100M12100,SA,"Atlantic City-Hammonton, NJ HUD Metro FMR Area",27205057.8554688,27134.0935790831
863,86015,METRO22380M22380,SA,"Flagstaff, AZ MSA",67536879.3476563,56631.9962211626
864,78670,METRO41700M41700,SA,"San Antonio-New Braunfels, TX HUD Metro FMR Area",19450448.7382813,21564.4828117765
865,86011,METRO22380M22380,SA,"Flagstaff, AZ MSA",520906.90234375,3832.9780766229
866,02199,METRO14460MM1120,SA,"Boston-Cambridge-Quincy, MA-NH HUD Metro FMR Area",268188.0703125,2108.16889324095
867,89130,METRO29820M29820,SA,"Las Vegas-Henderson-North Las Vegas, NV MSA",30768638.0703125,35390.6633286185
868,10519,METRO35620MM5600,SA,"New York, NY HUD Metro FMR Area",1301865.48828125,8679.19092371737
869,21409,METRO12580M12580,SA,"Baltimore-Columbia-Towson, MD MSA",68066368.5703125,49671.2687297412
870,03907,METRO38860N23031,SA,"York County, ME (part) HUD Metro FMR Area",21005127.9765625,24932.8764933746
871,93901,METRO41500M41500,SA,"Salinas, CA MSA",38575791.2070313,59412.3869273678
872,84009,METRO41620M41620,SA,"Salt Lake City, UT HUD Metro FMR Area",48412228.3710938,32211.76466913
873,97431,METRO21660M21660,SA,"Eugene-Springfield, OR MSA",210921432.976563,112646.694681148
874,14586,METRO40380M40380,SA,"Rochester, NY MSA",54170480.3398438,43864.186419577
875,11238,METRO35620MM5600,SA,"New York, NY HUD Metro FMR Area",8703298.75,18378.7162214859
876,78254,METRO41700M41700,SA,"San Antonio-New Braunfels, TX HUD Metro FMR Area",69553283.0429688,75027.1213908142
877,11369,METRO35620MM5600,SA,"New York, NY HUD Metro FMR Area",4917553.71484375,11365.5811711922
878,07675,METRO35620MM0875,SA,"Bergen-Passaic, NJ HUD Metro FMR Area",49005435.578125,42492.994090337
879,92130,METRO41740M41740,SA,"San Diego-Chula Vista-Carlsbad, CA MSA",68442217.5039063,42207.9767168451
880,96753,METRO27980M27980,SA,"Kahului-Wailuku-Lahaina, HI HUD Metro FMR Area",109321034.574219,84411.4260057946
881,96706,METRO46520M46520,SA,"Urban Honolulu, HI MSA",54924778.9453125,35015.7312971502
882,41091,METRO17140M17140,SA,"Cincinnati, OH-KY-IN  HUD Metro FMR Area",241509100.25,104902.657555625
883,60061,METRO16980M16980,SA,"Chicago-Joliet-Naperville, IL HUD Metro FMR Area",40535279.0820313,40442.5833712297
884,15042,METRO38300M38300,SA,"Pittsburgh, PA HUD Metro FMR Area",76803978.2773438,53776.3856088743
885,70130,METRO35380M35380,SA,"New Orleans-Metairie, LA HUD Metro FMR Area",9009330.33398438,14887.6452848029
886,94526,METRO41860MM5775,SA,"Oakland-Fremont, CA HUD Metro FMR Area",54664381.3203125,45284.489435866
887,90404,METRO31080MM4480,SA,"Los Angeles-Long Beach-Glendale, CA HUD Metro FMR Area",7472305.53515625,13429.2483616428
888,19073,METRO37980M37980,SA,"Philadelphia-Camden-Wilmington, PA-NJ-DE-MD MSA",91265236.3320313,58582.3288932861
889,70070,METRO35380M35380,SA,"New Orleans-Metairie, LA HUD Metro FMR Area",385482127.332031,123324.75699717
890,93314,METRO12540M12540,SA,"Bakersfield-Delano, CA MSA",348785775.640625,111427.151331525
891,10504,METRO35620MM5600,SA,"New York, NY HUD Metro FMR Area",82107656.1523438,55577.7344620848
892,11790,METRO35620MM5380,SA,"Nassau-Suffolk, NY HUD Metro FMR Area",33841930.5390625,44897.533418451
893,92336,METRO40140M40140,SA,"Riverside-San Bernardino-Ontario, CA MSA",75416160.625,50835.1429748956
894,78739,METRO12420M12420,SA,"Austin-Round Rock-San Marcos, TX MSA",40286982.2773438,32640.5998837951
895,79762,METRO36220M36220,SA,"Odessa, TX MSA",110754134.671875,78361.7497825039
896,92024,METRO41740M41740,SA,"San Diego-Chula Vista-Carlsbad, CA MSA",68523386.9804688,60083.3063111436
897,95831,METRO40900M40900,SA,"Sacramento--Roseville--Arden-Arcade, CA HUD Metro FMR Area",31889309.5273438,24178.2025918455
898,08318,METRO47220M47220,SA,"Vineland, NJ MSA",18097581.7304688,59915.0611318047
899,02324,METRO14460MM1200,SA,"Brockton, MA HUD Metro FMR Area",131853779.074219,59256.9500548676
900,02460,METRO14460MM1120,SA,"Boston-Cambridge-Quincy, MA-NH HUD Metro FMR Area",6494059.15625,16725.9737482284
901,02446,METRO14460MM1120,SA,"Boston-Cambridge-Quincy, MA-NH HUD Metro FMR Area",6071088.5859375,10958.2703343456
902,97068,METRO38900M38900,SA,"Portland-Vancouver-Hillsboro, OR-WA MSA",124407030.195313,61382.4197072114
903,20816,METRO47900M47900,SA,"Washington-Arlington-Alexandria, DC-VA-MD HUD Metro FMR Area",17897338.7382813,21637.5803595475
904,98629,METRO38900M38900,SA,"Portland-Vancouver-Hillsboro, OR-WA MSA",202937165.109375,82580.0462043528
905,19380,METRO37980M37980,SA,"Philadelphia-Camden-Wilmington, PA-NJ-DE-MD MSA",136059247.902344,89544.2954767519
906,18045,METRO10900M10900,SA,"Allentown-Bethlehem-Easton, PA HUD Metro FMR Area",88579750.671875,70737.6287884868
907,89519,METRO39900M39900,SA,"Reno, NV HUD Metro FMR Area",28655607.953125,36515.0067218116
908,98103,METRO42660MM7600,SA,"Seattle-Bellevue, WA HUD Metro FMR Area",29896244.75,29431.4811701876
909,98383,METRO14740M14740,SA,"Bremerton-Silverdale-Port Orchard, WA MSA",101182387.609375,81788.5048807909
910,98642,METRO38900M38900,SA,"Portland-Vancouver-Hillsboro, OR-WA MSA",318665380.90625,90167.4436126548
911,60124,METRO16980M16980,SA,"Chicago-Joliet-Naperville, IL HUD Metro FMR Area",179604791.1875,94191.5683032407
912,07044,METRO35620MM5640,SA,"Newark, NJ HUD Metro FMR Area",12710314.859375,17329.2096001488
913,07083,METRO35620MM5640,SA,"Newark, NJ HUD Metro FMR Area",39466136.9257813,39847.9205262245
914,96853,METRO46520M46520,SA,"Urban Honolulu, HI MSA",483412.65234375,3470.47380072972
915,07876,METRO35620MM5640,SA,"Newark, NJ HUD Metro FMR Area",26769040.609375,27277.5391739257
916,60012,METRO16980M16980,SA,"Chicago-Joliet-Naperville, IL HUD Metro FMR Area",81912602.578125,70870.2878780777
917,07932,METRO35620MM5640,SA,"Newark, NJ HUD Metro FMR Area",31237505.5429688,35702.7087257115
918,08086,METRO37980M37980,SA,"Philadelphia-Camden-Wilmington, PA-NJ-DE-MD MSA",39661186.078125,64065.683351861
919,18077,METRO10900M10900,SA,"Allentown-Bethlehem-Easton, PA HUD Metro FMR Area",4191359.5625,18079.5875705959
920,98107,METRO42660MM7600,SA,"Seattle-Bellevue, WA HUD Metro FMR Area",13963911.671875,19917.1158229093
921,31522,METRO15260M15260,SA,"Brunswick-St. Simons, GA MSA",212585505.224609,87724.9736460909
922,30039,METRO12060M12060,SA,"Atlanta-Sandy Springs-Roswell, GA HUD Metro FMR Area",96724425.7304688,59919.8130038149
923,31407,METRO42340M42340,SA,"Savannah, GA MSA",124816559.947266,67919.5549349824
924,31527,METRO15260M15260,SA,"Brunswick-St. Simons, GA MSA",44853412.453125,44949.7834640902
925,06484,METRO47930M47930,SA,"Waterbury-Shelton, CT MSA",146458945.773438,55177.1640337466
926,14091,METRO15380M15380,SA,"Buffalo-Cheektowaga, NY MSA",106468268.902344,99765.2235794142
927,28480,METRO48900M48900,SA,"Wilmington, NC HUD Metro FMR Area",19215493.5546875,22037.138445389
928,33621,METRO45300M45300,SA,"Tampa-St. Petersburg-Clearwater, FL MSA",29519246.4472656,24080.3676529431
929,10577,METRO35620MM5600,SA,"New York, NY HUD Metro FMR Area",30332221.8710938,28250.0707492202
930,03885,METRO14460MM6450,SA,"Portsmouth-Rochester, NH HUD Metro FMR Area",74945077.9257813,36226.7984802182
931,80549,METRO22660M22660,SA,"Fort Collins-Loveland, CO MSA",820270821.722656,164728.002488203
932,80549,METRO24540M24540,SA,"Greeley, CO MSA",43701090.5976563,30913.8762419227
933,11201,METRO35620MM5600,SA,"New York, NY HUD Metro FMR Area",6275900.515625,13693.3047358836
934,02467,METRO14460MM1120,SA,"Boston-Cambridge-Quincy, MA-NH HUD Metro FMR Area",24169753.3476563,31850.1990356724
935,92880,METRO40140M40140,SA,"Riverside-San Bernardino-Ontario, CA MSA",100841640.296875,77343.1523378931
936,29414,METRO16700M16700,SA,"Charleston-North Charleston, SC MSA",185271638.224609,80411.0300134764
937,02912,METRO39300M39300,SA,"Providence-Fall River, RI-MA HUD Metro FMR Area",970979.44921875,7570.47220534609
938,95326,METRO33700M33700,SA,"Modesto, CA MSA",110826966.578125,69830.0273488955
939,95835,METRO40900M40900,SA,"Sacramento--Roseville--Arden-Arcade, CA HUD Metro FMR Area",38133563.0820313,36681.764461432
940,95683,METRO40900M40900,SA,"Sacramento--Roseville--Arden-Arcade, CA HUD Metro FMR Area",367746055.839844,102035.29682392
941,29492,METRO16700M16700,SA,"Charleston-North Charleston, SC MSA",230326404.505859,92386.6563953716
942,19312,METRO37980M37980,SA,"Philadelphia-Camden-Wilmington, PA-NJ-DE-MD MSA",42737434.8007813,46023.8033630158
943,91006,METRO31080MM4480,SA,"Los Angeles-Long Beach-Glendale, CA HUD Metro FMR Area",25094520.6875,48620.2798268322
944,94928,METRO42220M42220,SA,"Santa Rosa-Petaluma, CA MSA",32709390.7890625,38700.2893217722
945,11379,METRO35620MM5600,SA,"New York, NY HUD Metro FMR Area",10043098.625,17001.4744527875
946,60490,METRO16980M16980,SA,"Chicago-Joliet-Naperville, IL HUD Metro FMR Area",45023274.7773438,44304.5049859511
947,03110,METRO31700MM4760,SA,"Manchester, NH HUD Metro FMR Area",159863545.285156,55801.5327328891
948,91724,METRO31080MM4480,SA,"Los Angeles-Long Beach-Glendale, CA HUD Metro FMR Area",23553314.0390625,36263.6766717
949,77380,METRO26420M26420,SA,"Houston-The Woodlands-Sugar Land, TX HUD Metro FMR Area",43978208.4882813,31638.3721426212
950,78252,METRO41700M41700,SA,"San Antonio-New Braunfels, TX HUD Metro FMR Area",98390918.296875,69785.5729781509
951,93437,METRO42200M42200,SA,"Santa Maria-Santa Barbara, CA MSA",191104547.09375,83138.2491498949
952,78244,METRO41700M41700,SA,"San Antonio-New Braunfels, TX HUD Metro FMR Area",26210167.7304688,33580.9888192046
953,92653,METRO31080MM5945,SA,"Santa Ana-Anaheim-Irvine, CA HUD Metro FMR Area",26082031.984375,39540.6446226102
954,10606,METRO35620MM5600,SA,"New York, NY HUD Metro FMR Area",6700077.41796875,14754.0425401483
955,93312,METRO12540M12540,SA,"Bakersfield-Delano, CA MSA",55376453.9375,36371.2229631266
956,92881,METRO40140M40140,SA,"Riverside-San Bernardino-Ontario, CA MSA",122908932.601563,86983.1280668685
957,91354,METRO31080MM4480,SA,"Los Angeles-Long Beach-Glendale, CA HUD Metro FMR Area",27924160.6445313,29080.9727610665
958,77041,METRO26420M26420,SA,"Houston-The Woodlands-Sugar Land, TX HUD Metro FMR Area",65866632.6367188,47974.1088977698
959,76711,METRO47380M47380,SA,"Waco, TX HUD Metro FMR Area",14331228.6601563,16616.6221282
960,91761,METRO40140M40140,SA,"Riverside-San Bernardino-Ontario, CA MSA",107781403.089844,54250.4198909034
961,91765,METRO31080MM4480,SA,"Los Angeles-Long Beach-Glendale, CA HUD Metro FMR Area",70134101.2578125,50216.6321472475
962,02130,METRO14460MM1120,SA,"Boston-Cambridge-Quincy, MA-NH HUD Metro FMR Area",17408398.7265625,24055.832666001
963,32934,METRO37340M37340,SA,"Palm Bay-Melbourne-Titusville, FL MSA",84353745.7792969,51938.5247375586
964,32092,METRO27260M27260,SA,"Jacksonville, FL HUD Metro FMR Area",514572888.150391,120424.994557271
965,32141,METRO19660M19660,SA,"Deltona-Daytona Beach-Ormond Beach, FL HUD Metro FMR Area",82697800.1972656,41686.706683277
966,34105,METRO34940M34940,SA,"Naples-Marco Island, FL MSA",32836879.5527344,32842.3947362597
967,33487,METRO33100MM8960,SA,"West Palm Beach-Boca Raton, FL HUD Metro FMR Area",22989074.2246094,24773.1850285365
968,33412,METRO33100MM8960,SA,"West Palm Beach-Boca Raton, FL HUD Metro FMR Area",194815455.160156,73421.5750605173
969,34746,METRO36740M36740,SA,"Orlando-Kissimmee-Sanford, FL MSA",186740575.376953,91085.2724627729
970,77007,METRO26420M26420,SA,"Houston-The Woodlands-Sugar Land, TX HUD Metro FMR Area",26214829.109375,30191.5750469764
971,77377,METRO26420M26420,SA,"Houston-The Woodlands-Sugar Land, TX HUD Metro FMR Area",123353793.117188,88415.3654502959
972,75035,METRO19100M19100,SA,"Dallas, TX HUD Metro FMR Area",92642092.90625,50841.9922193968
973,32963,METRO42680M42680,SA,"Sebastian-Vero Beach-West Vero Corridor, FL MSA",117004706.240234,91540.3987917681
974,33141,METRO33100MM5000,SA,"Miami-Miami Beach-Kendall, FL HUD Metro FMR Area",22522531.7441406,22543.0395995499
975,10573,METRO35620MM5600,SA,"New York, NY HUD Metro FMR Area",25123613.5234375,27748.003036012
976,11803,METRO35620MM5380,SA,"Nassau-Suffolk, NY HUD Metro FMR Area",27876559.8476563,23983.0543338115
977,07750,METRO35620MM5190,SA,"Monmouth-Ocean, NJ HUD Metro FMR Area",8794332.00390625,12687.4076028373
978,07079,METRO35620MM5640,SA,"Newark, NJ HUD Metro FMR Area",12876768.609375,14877.5032663703
979,85086,METRO38060M38060,SA,"Phoenix-Mesa-Chandler, AZ MSA",230929356.429688,78243.3282740282
980,60585,METRO16980M16980,SA,"Chicago-Joliet-Naperville, IL HUD Metro FMR Area",61944484.6289063,62196.3472823387
981,60585,METRO16980MM3780,SA,"Kendall County, IL HUD Metro FMR Area",8294124.49609375,21136.2207385234
982,02452,METRO14460MM1120,SA,"Boston-Cambridge-Quincy, MA-NH HUD Metro FMR Area",18332595.8710938,20844.2385687895
983,07871,METRO35620MM5640,SA,"Newark, NJ HUD Metro FMR Area",183436106.394531,73669.2824921963
984,02163,METRO14460MM1120,SA,"Boston-Cambridge-Quincy, MA-NH HUD Metro FMR Area",847741.44140625,5034.79628437259
985,07450,METRO35620MM0875,SA,"Bergen-Passaic, NJ HUD Metro FMR Area",26544017.1132813,30400.1835181943
986,07076,METRO35620MM5640,SA,"Newark, NJ HUD Metro FMR Area",40682112.2929688,41895.0622389939
987,19342,METRO37980M37980,SA,"Philadelphia-Camden-Wilmington, PA-NJ-DE-MD MSA",87240803.40625,77216.6815046483
988,89011,METRO29820M29820,SA,"Las Vegas-Henderson-North Las Vegas, NV MSA",67670625.6445313,56327.8471517321
989,89511,METRO39900M39900,SA,"Reno, NV HUD Metro FMR Area",570824821.671875,122713.770244794
990,89014,METRO29820M29820,SA,"Las Vegas-Henderson-North Las Vegas, NV MSA",30339689.2265625,31347.5234300111
991,48025,METRO19820M19820,SA,"Detroit-Warren-Livonia, MI HUD Metro FMR Area",38432138.0820313,33991.0246005455
992,32544,METRO18880M18880,SA,"Crestview-Fort Walton Beach-Destin, FL HUD Metro FMR Area",29804792.6855469,26636.3752646518
993,07940,METRO35620MM5640,SA,"Newark, NJ HUD Metro FMR Area",22249799.1601563,23596.4586441689
994,21044,METRO12580M12580,SA,"Baltimore-Columbia-Towson, MD MSA",51826776.8164063,37229.2856365285
995,10004,METRO35620MM5600,SA,"New York, NY HUD Metro FMR Area",2018326.078125,10707.6562248633
996,11235,METRO35620MM5600,SA,"New York, NY HUD Metro FMR Area",11649002.6640625,20200.3105229857
997,10708,METRO35620MM5600,SA,"New York, NY HUD Metro FMR Area",13418928.5820313,24006.591926901
998,11554,METRO35620MM5380,SA,"Nassau-Suffolk, NY HUD Metro FMR Area",28593200.7265625,25670.7219448059
999,80202,METRO19740M19740,SA,"Denver-Aurora-Centennial, CO MSA",5069060.87890625,14470.2518909405
1000,10958,METRO28880M28880,SA,"Kiryas Joel-Poughkeepsie-Newburgh, NY MSA",98311495.6367188,73170.0000009537
1001,11360,METRO35620MM5600,SA,"New York, NY HUD Metro FMR Area",6135142.84375,11250.0098205534
1002,92106,METRO41740M41740,SA,"San Diego-Chula Vista-Carlsbad, CA MSA",21660941.6601563,33973.3087596375
1003,91020,METRO31080MM4480,SA,"Los Angeles-Long Beach-Glendale, CA HUD Metro FMR Area",2704842.1796875,8532.60442020888
1004,06471,METRO35300M35300,SA,"New Haven, CT MSA",49530998.9648438,41816.5465649514
1005,91607,METRO31080MM4480,SA,"Los Angeles-Long Beach-Glendale, CA HUD Metro FMR Area",9443474.75,15221.3482697333
1006,02461,METRO14460MM1120,SA,"Boston-Cambridge-Quincy, MA-NH HUD Metro FMR Area",7287368.25,22842.1012283559
1007,01742,METRO14460MM1120,SA,"Boston-Cambridge-Quincy, MA-NH HUD Metro FMR Area",121099844.941406,51141.1002196099
1008,66610,METRO45820M45820,SA,"Topeka, KS MSA",191562038.683594,109030.219650257
1009,91708,METRO40140M40140,SA,"Riverside-San Bernardino-Ontario, CA MSA",30928762.0585938,28324.2174790982
1010,93455,METRO42200M42200,SA,"Santa Maria-Santa Barbara, CA MSA",457118233.679688,196202.934638327
1011,92688,METRO31080MM5945,SA,"Santa Ana-Anaheim-Irvine, CA HUD Metro FMR Area",49574259.3085938,43249.8624632802
1012,95678,METRO40900M40900,SA,"Sacramento--Roseville--Arden-Arcade, CA HUD Metro FMR Area",48751761.2617188,43337.1531399168
1013,94028,METRO41860MM7360,SA,"San Francisco, CA HUD Metro FMR Area",57731072.0507813,49108.00094168
1014,93906,METRO41500M41500,SA,"Salinas, CA MSA",53661904.0546875,40002.0296215335
1015,91307,METRO31080MM4480,SA,"Los Angeles-Long Beach-Glendale, CA HUD Metro FMR Area",17042796.9414063,23573.2017098519
1016,91307,METRO37100M37100,SA,"Oxnard-Thousand Oaks-Ventura, CA MSA",13839939.15625,17807.6692379427
1017,90064,METRO31080MM4480,SA,"Los Angeles-Long Beach-Glendale, CA HUD Metro FMR Area",14036079.2226563,21515.0405892781
1018,94402,METRO41860MM7360,SA,"San Francisco, CA HUD Metro FMR Area",20856738.25,44172.3691538885
1019,11368,METRO35620MM5600,SA,"New York, NY HUD Metro FMR Area",12052600.5820313,18141.0030893348
1020,10017,METRO35620MM5600,SA,"New York, NY HUD Metro FMR Area",1340546.44140625,8961.37615852997
1021,92591,METRO40140M40140,SA,"Riverside-San Bernardino-Ontario, CA MSA",64350757.4648438,47040.0257828632
1022,92373,METRO40140M40140,SA,"Riverside-San Bernardino-Ontario, CA MSA",151380609.023438,92079.2962180718
1023,90068,METRO31080MM4480,SA,"Los Angeles-Long Beach-Glendale, CA HUD Metro FMR Area",30941592.5,36780.9187622871
1024,92008,METRO41740M41740,SA,"San Diego-Chula Vista-Carlsbad, CA MSA",39779556.6210938,34247.4965358171
1025,19087,METRO37980M37980,SA,"Philadelphia-Camden-Wilmington, PA-NJ-DE-MD MSA",69211602.8007813,64251.8599007378
1026,11418,METRO35620MM5600,SA,"New York, NY HUD Metro FMR Area",7491711.76953125,14943.5934450515
1027,97217,METRO38900M38900,SA,"Portland-Vancouver-Hillsboro, OR-WA MSA",80809893.6328125,67347.484544119
1028,91604,METRO31080MM4480,SA,"Los Angeles-Long Beach-Glendale, CA HUD Metro FMR Area",18192109.015625,25454.9402859296
1029,77059,METRO26420M26420,SA,"Houston-The Woodlands-Sugar Land, TX HUD Metro FMR Area",32014330.4570313,30358.1713148482
1030,02215,METRO14460MM1120,SA,"Boston-Cambridge-Quincy, MA-NH HUD Metro FMR Area",4806307.3515625,15869.8161388452
1031,02139,METRO14460MM1120,SA,"Boston-Cambridge-Quincy, MA-NH HUD Metro FMR Area",8279780.8671875,13715.6902622857
1032,01907,METRO14460MM1120,SA,"Boston-Cambridge-Quincy, MA-NH HUD Metro FMR Area",14692653.6328125,17614.4504677131
1033,33624,METRO45300M45300,SA,"Tampa-St. Petersburg-Clearwater, FL MSA",32107930.3828125,33860.0559378217
1034,34987,METRO38940M38940,SA,"Port St. Lucie, FL MSA",376573354.984375,91074.7588418665
1035,34684,METRO45300M45300,SA,"Tampa-St. Petersburg-Clearwater, FL MSA",27006160.9355469,30094.3584396911
1036,38017,METRO32820M32820,SA,"Memphis, TN-MS-AR HUD Metro FMR Area",319669186.757813,120820.196389877
1037,60544,METRO16980M16980,SA,"Chicago-Joliet-Naperville, IL HUD Metro FMR Area",91214120.0234375,72107.4418036413
1038,34639,METRO45300M45300,SA,"Tampa-St. Petersburg-Clearwater, FL MSA",96214124.5722656,61349.5383950689
1039,32127,METRO19660M19660,SA,"Deltona-Daytona Beach-Ormond Beach, FL HUD Metro FMR Area",63107267,48321.6163581835
1040,33143,METRO33100MM5000,SA,"Miami-Miami Beach-Kendall, FL HUD Metro FMR Area",25476596.703125,30434.2755875296
1041,33544,METRO45300M45300,SA,"Tampa-St. Petersburg-Clearwater, FL MSA",96508664.90625,57498.1921629907
1042,33606,METRO45300M45300,SA,"Tampa-St. Petersburg-Clearwater, FL MSA",11884615.7441406,22381.2925621344
1043,33309,METRO33100MM2680,SA,"Fort Lauderdale, FL HUD Metro FMR Area",34128768.5234375,27396.7284467108
1044,33331,METRO33100MM2680,SA,"Fort Lauderdale, FL HUD Metro FMR Area",39126434.921875,28286.2480560402
1045,34120,METRO34940M34940,SA,"Naples-Marco Island, FL MSA",470433308.529297,104392.919934045
1046,32765,METRO36740M36740,SA,"Orlando-Kissimmee-Sanford, FL MSA",143323717.84375,80858.1874823242
1047,23116,METRO40060M40060,SA,"Richmond, VA HUD Metro FMR Area",229341809.546875,114047.920052546
1048,20003,METRO47900M47900,SA,"Washington-Arlington-Alexandria, DC-VA-MD HUD Metro FMR Area",10641690.4375,18849.2346634052
1049,06443,METRO35300M35300,SA,"New Haven, CT MSA",168996156.367188,88654.0585406378
1050,06524,METRO35300M35300,SA,"New Haven, CT MSA",98856849.6875,45140.0470340924
1051,32346,METRO45220N12129,SA,"Wakulla County, FL HUD Metro FMR Area",86556682.78125,67076.7414541128
1052,33149,METRO33100MM5000,SA,"Miami-Miami Beach-Kendall, FL HUD Metro FMR Area",24309595.2949219,34450.7013354909
1053,10006,METRO35620MM5600,SA,"New York, NY HUD Metro FMR Area",437776.65625,3415.26457969686
1054,10973,METRO28880M28880,SA,"Kiryas Joel-Poughkeepsie-Newburgh, NY MSA",38828044.0859375,36483.7355403584
1055,02903,METRO39300M39300,SA,"Providence-Fall River, RI-MA HUD Metro FMR Area",9657028.75,21245.3254839367
1056,07627,METRO35620MM0875,SA,"Bergen-Passaic, NJ HUD Metro FMR Area",9454143.4375,14367.4435184737
1057,80018,METRO19740M19740,SA,"Denver-Aurora-Centennial, CO MSA",155034718.046875,83312.0014872171
1058,30339,METRO12060M12060,SA,"Atlanta-Sandy Springs-Roswell, GA HUD Metro FMR Area",38654144.4453125,55922.9659485743
1059,28211,METRO16740M16740,SA,"Charlotte-Concord-Gastonia, NC-SC HUD Metro FMR Area",42727873.5546875,37237.1433232606
1060,20724,METRO12580M12580,SA,"Baltimore-Columbia-Towson, MD MSA",80838569.4921875,46995.6390382282
1061,10589,METRO35620MM5600,SA,"New York, NY HUD Metro FMR Area",33045444.5507813,36805.5529159514
1062,19701,METRO37980M37980,SA,"Philadelphia-Camden-Wilmington, PA-NJ-DE-MD MSA",119461051.890625,76035.0593590154
1063,19426,METRO37980M37980,SA,"Philadelphia-Camden-Wilmington, PA-NJ-DE-MD MSA",152251171.070313,90642.3479574091
1064,38362,METRO27180M27180,SA,"Jackson, TN HUD Metro FMR Area",34068218.109375,37079.4048248975
1065,17584,METRO29540M29540,SA,"Lancaster, PA MSA",65982557.7304688,55434.0315083291
1066,10065,METRO35620MM5600,SA,"New York, NY HUD Metro FMR Area",1889654.828125,6951.48793506279
1067,10040,METRO35620MM5600,SA,"New York, NY HUD Metro FMR Area",2574700.94140625,8205.95043873036
1068,00716,METRO38660M38660,SA,"Ponce, PR HUD Metro FMR Area",25347627.1689453,44680.8635391071
1069,85257,METRO38060M38060,SA,"Phoenix-Mesa-Chandler, AZ MSA",25899859.1289063,30686.067126756
1070,11566,METRO35620MM5380,SA,"Nassau-Suffolk, NY HUD Metro FMR Area",28858871.2851563,28843.1708622763
1071,96825,METRO46520M46520,SA,"Urban Honolulu, HI MSA",34069126.3671875,27755.5135022083
1072,31210,METRO31420M31420,SA,"Macon-Bibb County, GA HUD Metro FMR Area",115518027.660156,54333.8909276445
1073,10463,METRO35620MM5600,SA,"New York, NY HUD Metro FMR Area",13142595.4453125,26245.0798954594
1074,10532,METRO35620MM5600,SA,"New York, NY HUD Metro FMR Area",10744465.4726563,26051.9928253514
1075,77441,METRO26420M26420,SA,"Houston-The Woodlands-Sugar Land, TX HUD Metro FMR Area",89747376.0078125,63777.4640311982
1076,11791,METRO35620MM5380,SA,"Nassau-Suffolk, NY HUD Metro FMR Area",57447324.1953125,50782.8175695696
1077,11361,METRO35620MM5600,SA,"New York, NY HUD Metro FMR Area",7885376.46484375,12502.6723237337
1078,95633,METRO40900M40900,SA,"Sacramento--Roseville--Arden-Arcade, CA HUD Metro FMR Area",168927287.492188,89957.3580835622
1079,92118,METRO41740M41740,SA,"San Diego-Chula Vista-Carlsbad, CA MSA",44469505.6054688,67669.4711968473
1080,91916,METRO41740M41740,SA,"San Diego-Chula Vista-Carlsbad, CA MSA",228110932.167969,104850.130638059
1081,92505,METRO40140M40140,SA,"Riverside-San Bernardino-Ontario, CA MSA",38348126.0625,30462.9204172602
1082,45242,METRO17140M17140,SA,"Cincinnati, OH-KY-IN  HUD Metro FMR Area",58825996.234375,43433.5894034054
1083,32250,METRO27260M27260,SA,"Jacksonville, FL HUD Metro FMR Area",36789089.0390625,36006.2445408293
1084,34236,METRO35840M35840,SA,"North Port-Bradenton-Sarasota, FL MSA",30794949.0742188,28252.5954261396
1085,23146,METRO40060M40060,SA,"Richmond, VA HUD Metro FMR Area",135847831.554688,74714.4755580945
1086,22840,METRO25500M25500,SA,"Harrisonburg, VA MSA",133289593.183594,95595.1116275986
1087,07016,METRO35620MM5640,SA,"Newark, NJ HUD Metro FMR Area",21537439.9453125,23930.1668672947
1088,85392,METRO38060M38060,SA,"Phoenix-Mesa-Chandler, AZ MSA",37185329.046875,31037.7259271191
1089,18020,METRO10900M10900,SA,"Allentown-Bethlehem-Easton, PA HUD Metro FMR Area",59303907.5742188,57566.3770494656
1090,18062,METRO10900M10900,SA,"Allentown-Bethlehem-Easton, PA HUD Metro FMR Area",65813360.5546875,43272.1927067967
1091,18062,METRO39740M39740,SA,"Reading, PA MSA",28567298.5703125,26554.8483279969
1092,33026,METRO33100MM2680,SA,"Fort Lauderdale, FL HUD Metro FMR Area",16431804.28125,18382.8300382929
1093,33173,METRO33100MM5000,SA,"Miami-Miami Beach-Kendall, FL HUD Metro FMR Area",18068422.0878906,20583.8270038127
1094,33716,METRO45300M45300,SA,"Tampa-St. Petersburg-Clearwater, FL MSA",26526417.2070313,33093.3821972198
1095,33760,METRO45300M45300,SA,"Tampa-St. Petersburg-Clearwater, FL MSA",19611302.4238281,29004.7650497099
1096,33021,METRO33100MM2680,SA,"Fort Lauderdale, FL HUD Metro FMR Area",28839543.1679688,24324.8629587667
1097,32725,METRO19660M19660,SA,"Deltona-Daytona Beach-Ormond Beach, FL HUD Metro FMR Area",110444422.515625,66963.7066315007
1098,32766,METRO36740M36740,SA,"Orlando-Kissimmee-Sanford, FL MSA",157270423.900391,72557.5662476703
1099,33067,METRO33100MM2680,SA,"Fort Lauderdale, FL HUD Metro FMR Area",33836141.3515625,27821.8992688548
1100,38135,METRO32820M32820,SA,"Memphis, TN-MS-AR HUD Metro FMR Area",50351893.6875,46443.1213975845
1101,21405,METRO12580M12580,SA,"Baltimore-Columbia-Towson, MD MSA",8233386.19921875,15426.4063771707
1102,07021,METRO35620MM5640,SA,"Newark, NJ HUD Metro FMR Area",6363601.11328125,14272.234171781
1103,37902,METRO28940M28940,SA,"Knoxville, TN HUD Metro FMR Area",2002743.3984375,9677.43950605276
1104,37219,METRO34980M34980,SA,"Nashville-Davidson--Murfreesboro--Franklin, TN HUD Metro FMR Area",844542.9296875,6729.12076326609
1105,28277,METRO16740M16740,SA,"Charlotte-Concord-Gastonia, NC-SC HUD Metro FMR Area",94709443.0585938,53163.5663864985
1106,07465,METRO35620MM0875,SA,"Bergen-Passaic, NJ HUD Metro FMR Area",43704103.1679688,49361.5399248845
1107,07081,METRO35620MM5640,SA,"Newark, NJ HUD Metro FMR Area",23479383.3984375,24331.6758836931
1108,08802,METRO10900MM5640,SA,"Warren County, NJ HUD Metro FMR Area",46755791.671875,32543.8392301035
1109,07040,METRO35620MM5640,SA,"Newark, NJ HUD Metro FMR Area",17497856.1914063,21396.2102696144
1110,60134,METRO16980M16980,SA,"Chicago-Joliet-Naperville, IL HUD Metro FMR Area",69201814.6171875,58827.5800155875
1111,02464,METRO14460MM1120,SA,"Boston-Cambridge-Quincy, MA-NH HUD Metro FMR Area",2672663.32421875,10385.9710810283
1112,02837,METRO39300M39300,SA,"Providence-Fall River, RI-MA HUD Metro FMR Area",104429772.0625,47397.373965581
1113,02882,METRO39300M39300,SA,"Providence-Fall River, RI-MA HUD Metro FMR Area",69466214.71875,59148.6678922854
1114,89129,METRO29820M29820,SA,"Las Vegas-Henderson-North Las Vegas, NV MSA",39800010.9492188,28827.9626575988
1115,89074,METRO29820M29820,SA,"Las Vegas-Henderson-North Las Vegas, NV MSA",35982873.9335938,34670.5987186237
1116,88002,METRO29740M29740,SA,"Las Cruces, NM MSA",186091514.933594,75874.9428476104
1117,72718,METRO22220M22220,SA,"Fayetteville-Springdale-Rogers, AR MSA",23181633.1992188,28401.4626925217
1118,34242,METRO35840M35840,SA,"North Port-Bradenton-Sarasota, FL MSA",20105805.9785156,31915.7712014334
1119,07028,METRO35620MM5640,SA,"Newark, NJ HUD Metro FMR Area",5949789.390625,15565.3564903944
1120,77362,METRO26420M26420,SA,"Houston-The Woodlands-Sugar Land, TX HUD Metro FMR Area",37291341.75,60611.1584218548
1121,08241,METRO12100M12100,SA,"Atlantic City-Hammonton, NJ HUD Metro FMR Area",37274116.7617188,34860.2991779839
1122,20841,METRO47900M47900,SA,"Washington-Arlington-Alexandria, DC-VA-MD HUD Metro FMR Area",120966707.214844,80215.9777886904
1123,60083,METRO16980M16980,SA,"Chicago-Joliet-Naperville, IL HUD Metro FMR Area",127427494.734375,78233.7657202891
1124,21043,METRO12580M12580,SA,"Baltimore-Columbia-Towson, MD MSA",74242643.3320313,54173.522217123
1125,60026,METRO16980M16980,SA,"Chicago-Joliet-Naperville, IL HUD Metro FMR Area",19248004.5546875,33640.5784051775
1126,98039,METRO42660MM7600,SA,"Seattle-Bellevue, WA HUD Metro FMR Area",33424678.484375,33464.7409117198
1127,33872,METRO42700M42700,SA,"Sebring, FL MSA",76044487.2558594,51523.7624625457
1128,32169,METRO19660M19660,SA,"Deltona-Daytona Beach-Ormond Beach, FL HUD Metro FMR Area",92894399.3789063,73287.8856053775
1129,95045,METRO41940N06069,SA,"San Benito County, CA HUD Metro FMR Area",192120488.019531,105716.696869533
1130,80840,METRO17820M17820,SA,"Colorado Springs, CO HUD Metro FMR Area",101230218.566406,46574.0630712019
1131,80930,METRO17820M17820,SA,"Colorado Springs, CO HUD Metro FMR Area",146347570.679688,55824.388646474
1132,10804,METRO35620MM5600,SA,"New York, NY HUD Metro FMR Area",19847816.4335938,22282.9339832164
1133,10576,METRO35620MM5600,SA,"New York, NY HUD Metro FMR Area",106567406.570313,61924.1603502788
1134,11216,METRO35620MM5600,SA,"New York, NY HUD Metro FMR Area",4305867.7890625,11117.0548417565
1135,85087,METRO38060M38060,SA,"Phoenix-Mesa-Chandler, AZ MSA",330140444.542969,119734.342711687
1136,77450,METRO26420M26420,SA,"Houston-The Woodlands-Sugar Land, TX HUD Metro FMR Area",69012126.4179688,48178.1199948542
1137,92506,METRO40140M40140,SA,"Riverside-San Bernardino-Ontario, CA MSA",61099756.9335938,54925.8830820401
1138,92101,METRO41740M41740,SA,"San Diego-Chula Vista-Carlsbad, CA MSA",40492972.40625,56408.8748484029
1139,95832,METRO40900M40900,SA,"Sacramento--Roseville--Arden-Arcade, CA HUD Metro FMR Area",37554268.7929688,57120.2040674102
1140,94539,METRO41860MM5775,SA,"Oakland-Fremont, CA HUD Metro FMR Area",103275495.292969,50141.0370967849
1141,93907,METRO41500M41500,SA,"Salinas, CA MSA",221645141.242188,113508.177646418
1142,22101,METRO47900M47900,SA,"Washington-Arlington-Alexandria, DC-VA-MD HUD Metro FMR Area",56348599.3242188,33467.1774881906
1143,20152,METRO47900M47900,SA,"Washington-Arlington-Alexandria, DC-VA-MD HUD Metro FMR Area",57925065.4453125,59268.879035559
1144,11738,METRO35620MM5380,SA,"Nassau-Suffolk, NY HUD Metro FMR Area",22663666.3398438,35227.6558262373
1145,92399,METRO40140M40140,SA,"Riverside-San Bernardino-Ontario, CA MSA",202789272.625,81940.9565764767
1146,23314,METRO47260M47260,SA,"Virginia Beach-Norfolk-Newport News, VA-NC HUD Metro FMR Area",83858329.4140625,49371.4001259807
1147,92270,METRO40140M40140,SA,"Riverside-San Bernardino-Ontario, CA MSA",97812273.140625,53914.3536934611
1148,35763,METRO26620M26620,SA,"Huntsville, AL MSA",158179963.058594,95621.7868335743
1149,95377,METRO44700M44700,SA,"Stockton-Lodi, CA MSA",406166554,103063.653504718
1150,77030,METRO26420M26420,SA,"Houston-The Woodlands-Sugar Land, TX HUD Metro FMR Area",9083855.0625,17520.5460596809
1151,85350,METRO49740M49740,SA,"Yuma, AZ MSA",298151821.21875,98226.6583353759
1152,85268,METRO38060M38060,SA,"Phoenix-Mesa-Chandler, AZ MSA",77176682.5273438,39798.5475800365
1153,10027,METRO35620MM5600,SA,"New York, NY HUD Metro FMR Area",4268947.93359375,15281.0438715931
1154,75032,METRO19100M19100,SA,"Dallas, TX HUD Metro FMR Area",207348094.425781,98771.9802252571
1155,02127,METRO14460MM1120,SA,"Boston-Cambridge-Quincy, MA-NH HUD Metro FMR Area",11084423.46875,19907.0431061743
1156,07746,METRO35620MM5190,SA,"Monmouth-Ocean, NJ HUD Metro FMR Area",55501682.6367188,49007.1296196704
1157,02143,METRO14460MM1120,SA,"Boston-Cambridge-Quincy, MA-NH HUD Metro FMR Area",7266991.875,13915.5851823526
1158,02135,METRO14460MM1120,SA,"Boston-Cambridge-Quincy, MA-NH HUD Metro FMR Area",12581412.171875,20755.3125646328
1159,02109,METRO14460MM1120,SA,"Boston-Cambridge-Quincy, MA-NH HUD Metro FMR Area",930156.984375,8171.10722587348
1160,98075,METRO42660MM7600,SA,"Seattle-Bellevue, WA HUD Metro FMR Area",65193774.6171875,55723.1460388443
1161,45040,METRO17140M17140,SA,"Cincinnati, OH-KY-IN  HUD Metro FMR Area",123587222.285156,61202.9612976312
1162,60102,METRO16980M16980,SA,"Chicago-Joliet-Naperville, IL HUD Metro FMR Area",76485063.1328125,57254.5738399469
1163,07885,METRO35620MM5640,SA,"Newark, NJ HUD Metro FMR Area",69801036,93341.8984482575
1164,07928,METRO35620MM5640,SA,"Newark, NJ HUD Metro FMR Area",42673564.6601563,39398.885586419
1165,07630,METRO35620MM0875,SA,"Bergen-Passaic, NJ HUD Metro FMR Area",10953517.7265625,23353.2684697791
1166,08534,METRO45940M45940,SA,"Trenton-Princeton, NJ MSA",98151756.578125,57325.3424183684
1167,98380,METRO14740M14740,SA,"Bremerton-Silverdale-Port Orchard, WA MSA",265142505.8125,104983.915373597
1168,89044,METRO29820M29820,SA,"Las Vegas-Henderson-North Las Vegas, NV MSA",231106374.503906,102727.004557633
1169,98296,METRO42660MM7600,SA,"Seattle-Bellevue, WA HUD Metro FMR Area",203586492.484375,114914.958052567
1170,48164,METRO33780M33780,SA,"Monroe, MI MSA",5306768.7421875,19223.0255952161
1171,20754,METRO12580M12580,SA,"Baltimore-Columbia-Towson, MD MSA",11603438.234375,24047.4263441433
1172,27519,METRO20500M20500,SA,"Durham-Chapel Hill, NC HUD Metro FMR Area",7135591.6484375,24641.2313997267
1173,12507,METRO28880M28880,SA,"Kiryas Joel-Poughkeepsie-Newburgh, NY MSA",8901308.6796875,16256.3786451439
1174,90272,METRO31080MM4480,SA,"Los Angeles-Long Beach-Glendale, CA HUD Metro FMR Area",89738963.1484375,49925.2725225744
1175,01545,METRO49340M49340,SA,"Worcester, MA HUD Metro FMR Area",103388792.253906,44289.7050581369
1176,11964,METRO35620MM5380,SA,"Nassau-Suffolk, NY HUD Metro FMR Area",62965288.1835938,69749.469535043
1177,20008,METRO47900M47900,SA,"Washington-Arlington-Alexandria, DC-VA-MD HUD Metro FMR Area",13329721.8554688,22622.0612492505
1178,32223,METRO27260M27260,SA,"Jacksonville, FL HUD Metro FMR Area",73008987.5351563,35037.0449995666
1179,03854,METRO14460MM6450,SA,"Portsmouth-Rochester, NH HUD Metro FMR Area",9212230.91796875,15474.8970337374
1180,66027,METRO28140M28140,SA,"Kansas City, MO-KS HUD Metro FMR Area",42130220.0625,31371.2145313189
1181,95668,METRO40900M40900,SA,"Sacramento--Roseville--Arden-Arcade, CA HUD Metro FMR Area",84287969.625,68657.9474313693
1182,95668,METRO49700M49700,SA,"Yuba City, CA MSA",194160944.238281,78872.2269422573
1183,95765,METRO40900M40900,SA,"Sacramento--Roseville--Arden-Arcade, CA HUD Metro FMR Area",53473884.4765625,37917.1336064584
1184,91784,METRO40140M40140,SA,"Riverside-San Bernardino-Ontario, CA MSA",35414491.296875,26384.282923291
1185,95148,METRO41940M41940,SA,"San Jose-Sunnyvale-Santa Clara, CA HUD Metro FMR Area",32684927.3984375,32336.0584892739
1186,15142,METRO38300M38300,SA,"Pittsburgh, PA HUD Metro FMR Area",10054256.2265625,20763.7400844074
1187,10005,METRO35620MM5600,SA,"New York, NY HUD Metro FMR Area",321446.0390625,3132.2234979344
1188,10011,METRO35620MM5600,SA,"New York, NY HUD Metro FMR Area",2875978.01953125,10252.9701645238
1189,94957,METRO41860MM7360,SA,"San Francisco, CA HUD Metro FMR Area",5961480.5,15349.2769894275
1190,91202,METRO31080MM4480,SA,"Los Angeles-Long Beach-Glendale, CA HUD Metro FMR Area",18794286.0351563,24489.6269495196
1191,91710,METRO40140M40140,SA,"Riverside-San Bernardino-Ontario, CA MSA",83209943.8515625,51607.3879954948
1192,33990,METRO15980M15980,SA,"Cape Coral-Fort Myers, FL MSA",34562951.8945313,28219.3820420581
1193,95687,METRO46700M46700,SA,"Vallejo, CA MSA",188931358.871094,99503.9440644665
1194,91001,METRO31080MM4480,SA,"Los Angeles-Long Beach-Glendale, CA HUD Metro FMR Area",31383604.8164063,30222.8793246035
1195,20854,METRO47900M47900,SA,"Washington-Arlington-Alexandria, DC-VA-MD HUD Metro FMR Area",158382889.40625,87582.5953304122
1196,93110,METRO42200M42200,SA,"Santa Maria-Santa Barbara, CA MSA",31069175.078125,33107.1609815437
1197,21037,METRO12580M12580,SA,"Baltimore-Columbia-Towson, MD MSA",87687380.8867188,62657.0118003999
1198,07460,METRO35620MM5640,SA,"Newark, NJ HUD Metro FMR Area",90092507.1757813,70149.9142701211
1199,21122,METRO12580M12580,SA,"Baltimore-Columbia-Towson, MD MSA",169932107.800781,76590.0544060297
1200,92618,METRO31080MM5945,SA,"Santa Ana-Anaheim-Irvine, CA HUD Metro FMR Area",77622402.4296875,44665.5095621674
1201,92507,METRO40140M40140,SA,"Riverside-San Bernardino-Ontario, CA MSA",80959790.3320313,65556.489076869
1202,76034,METRO19100MM2800,SA,"Fort Worth-Arlington, TX HUD Metro FMR Area",48495519.1875,39591.2220046122
1203,91320,METRO37100M37100,SA,"Oxnard-Thousand Oaks-Ventura, CA MSA",76486462.203125,52534.4703585633
1204,91701,METRO40140M40140,SA,"Riverside-San Bernardino-Ontario, CA MSA",28020967.9023438,33579.3649070733
1205,92553,METRO40140M40140,SA,"Riverside-San Bernardino-Ontario, CA MSA",38669659.1328125,29046.1606130994
1206,02140,METRO14460MM1120,SA,"Boston-Cambridge-Quincy, MA-NH HUD Metro FMR Area",5607908.2890625,14474.9602881091
1207,91351,METRO31080MM4480,SA,"Los Angeles-Long Beach-Glendale, CA HUD Metro FMR Area",33137436.2851563,49483.2985004277
1208,79765,METRO36220M36220,SA,"Odessa, TX MSA",38402973.734375,47648.8279575863
1209,02138,METRO14460MM1120,SA,"Boston-Cambridge-Quincy, MA-NH HUD Metro FMR Area",14591028.40625,23329.9623367822
1210,91423,METRO31080MM4480,SA,"Los Angeles-Long Beach-Glendale, CA HUD Metro FMR Area",15518414.2460938,26848.4643771244
1211,19425,METRO37980M37980,SA,"Philadelphia-Camden-Wilmington, PA-NJ-DE-MD MSA",119748087.054688,63998.464836222
1212,94510,METRO46700M46700,SA,"Vallejo, CA MSA",126683056.113281,73664.8944260238
1213,90505,METRO31080MM4480,SA,"Los Angeles-Long Beach-Glendale, CA HUD Metro FMR Area",21990328.96875,25764.2483928884
1214,11432,METRO35620MM5600,SA,"New York, NY HUD Metro FMR Area",9184499.0625,17590.4938688403
1215,75089,METRO19100M19100,SA,"Dallas, TX HUD Metro FMR Area",51769027.25,37459.0760592547
1216,77077,METRO26420M26420,SA,"Houston-The Woodlands-Sugar Land, TX HUD Metro FMR Area",58273424.6132813,43064.3359967944
1217,00959,METRO41980MM7440,SA,"San Juan-Guaynabo, PR HUD Metro FMR Area",17682744.9199219,46510.3745112665
1218,78258,METRO41700M41700,SA,"San Antonio-New Braunfels, TX HUD Metro FMR Area",59872028.3515625,56084.2484458039
1219,85226,METRO38060M38060,SA,"Phoenix-Mesa-Chandler, AZ MSA",143734889.878906,71970.5842576648
1220,77005,METRO26420M26420,SA,"Houston-The Woodlands-Sugar Land, TX HUD Metro FMR Area",13207150.6015625,20276.84603983
1221,32119,METRO19660M19660,SA,"Deltona-Daytona Beach-Ormond Beach, FL HUD Metro FMR Area",30749119.0742188,35937.6207806616
1222,33812,METRO29460M29460,SA,"Lakeland-Winter Haven, FL MSA",34401464.25,30082.3137061582
1223,32168,METRO19660M19660,SA,"Deltona-Daytona Beach-Ormond Beach, FL HUD Metro FMR Area",534211708.894531,165310.908048998
1224,75002,METRO19100M19100,SA,"Dallas, TX HUD Metro FMR Area",148259131.039063,69891.0513348495
1225,33180,METRO33100MM5000,SA,"Miami-Miami Beach-Kendall, FL HUD Metro FMR Area",12200466.6582031,15878.6299709719
1226,34474,METRO36100M36100,SA,"Ocala, FL MSA",71476595.8027344,43088.9104904137
1227,33436,METRO33100MM8960,SA,"West Palm Beach-Boca Raton, FL HUD Metro FMR Area",38464575.53125,42350.6112471758
1228,14051,METRO15380M15380,SA,"Buffalo-Cheektowaga, NY MSA",75518378.046875,56959.2219652292
1229,33166,METRO33100MM5000,SA,"Miami-Miami Beach-Kendall, FL HUD Metro FMR Area",26062047.2832031,40697.2390803232
1230,34211,METRO35840M35840,SA,"North Port-Bradenton-Sarasota, FL MSA",113171439.90625,63392.9031359296
1231,34758,METRO36740M36740,SA,"Orlando-Kissimmee-Sanford, FL MSA",87553919.8398438,49873.3108376394
1232,32258,METRO27260M27260,SA,"Jacksonville, FL HUD Metro FMR Area",63690270.875,45127.2067315226
1233,33316,METRO33100MM2680,SA,"Fort Lauderdale, FL HUD Metro FMR Area",15784678.8203125,20928.8072767192
1234,34688,METRO45300M45300,SA,"Tampa-St. Petersburg-Clearwater, FL MSA",58602072.1933594,47221.120162678
1235,07652,METRO35620MM0875,SA,"Bergen-Passaic, NJ HUD Metro FMR Area",47727880.6757813,36174.1555050228
1236,07960,METRO35620MM5640,SA,"Newark, NJ HUD Metro FMR Area",158084689.34375,90931.802848436
1237,07481,METRO35620MM0875,SA,"Bergen-Passaic, NJ HUD Metro FMR Area",30283967.390625,29263.5305847055
1238,95671,METRO40900M40900,SA,"Sacramento--Roseville--Arden-Arcade, CA HUD Metro FMR Area",6544534.7734375,10048.5883892753
1239,07045,METRO35620MM5640,SA,"Newark, NJ HUD Metro FMR Area",31101515.2226563,45193.0270495664
1240,08525,METRO45940M45940,SA,"Trenton-Princeton, NJ MSA",69826755.3710938,49712.2293481634
1241,08551,METRO35620MM5015,SA,"Middlesex-Somerset-Hunterdon, NJ HUD Metro FMR Area",117900140.023438,70360.5777608968
1242,80938,METRO17820M17820,SA,"Colorado Springs, CO HUD Metro FMR Area",22821646.9453125,26783.633318393
1243,02835,METRO39300M39300,SA,"Providence-Fall River, RI-MA HUD Metro FMR Area",44938895.6835938,56012.160636357
1244,02468,METRO14460MM1120,SA,"Boston-Cambridge-Quincy, MA-NH HUD Metro FMR Area",7379678.90625,14274.1162815851
1245,30341,METRO12060M12060,SA,"Atlanta-Sandy Springs-Roswell, GA HUD Metro FMR Area",37754228.9882813,43802.0363306814
1246,30319,METRO12060M12060,SA,"Atlanta-Sandy Springs-Roswell, GA HUD Metro FMR Area",39274060.9335938,37598.3382152935
1247,01721,METRO14460MM1120,SA,"Boston-Cambridge-Quincy, MA-NH HUD Metro FMR Area",60925586.1328125,34803.668914387
1248,20059,METRO47900M47900,SA,"Washington-Arlington-Alexandria, DC-VA-MD HUD Metro FMR Area",463241.62109375,3396.71290846277
1249,11954,METRO35620MM5380,SA,"Nassau-Suffolk, NY HUD Metro FMR Area",95295504.7226563,62327.5959184748
1250,06752,METRO14860M08210,SA,"Bridgewater town, CT Exception Area",80034898.96875,43876.0529747803
1251,93106,METRO42200M42200,SA,"Santa Maria-Santa Barbara, CA MSA",2434034.39453125,9870.78606148391
1252,48009,METRO19820M19820,SA,"Detroit-Warren-Livonia, MI HUD Metro FMR Area",23772058.3789063,25424.9566036911
1253,02114,METRO14460MM1120,SA,"Boston-Cambridge-Quincy, MA-NH HUD Metro FMR Area",2608401.78125,8066.70706099734
1254,21826,METRO41540M41540,SA,"Salisbury, MD HUD Metro FMR Area",17108647.4609375,27386.5136309743
1255,20723,METRO12580M12580,SA,"Baltimore-Columbia-Towson, MD MSA",57822962.8867188,44318.7568717251
1256,10019,METRO35620MM5600,SA,"New York, NY HUD Metro FMR Area",3040060.5,11491.339709065
1257,10128,METRO35620MM5600,SA,"New York, NY HUD Metro FMR Area",2037015.29296875,7337.58667861631
1258,10598,METRO35620MM5600,SA,"New York, NY HUD Metro FMR Area",126896631.160156,85131.8293768808
1259,11794,METRO35620MM5380,SA,"Nassau-Suffolk, NY HUD Metro FMR Area",981571.41015625,5618.60551368335
1260,83634,METRO14260M14260,SA,"Boise City, ID HUD Metro FMR Area",771198545.058594,173971.1899501
1261,92518,METRO40140M40140,SA,"Riverside-San Bernardino-Ontario, CA MSA",29610953.234375,37480.6762912962
1262,94933,METRO41860MM7360,SA,"San Francisco, CA HUD Metro FMR Area",13462877.8671875,23812.0411410838
1263,70030,METRO26380M26380,SA,"Houma-Bayou Cane-Thibodaux, LA MSA",19570945.484375,20151.6613717007
1264,70030,METRO35380M35380,SA,"New Orleans-Metairie, LA HUD Metro FMR Area",95440998.9824219,54241.6867836638
1265,95655,METRO40900M40900,SA,"Sacramento--Roseville--Arden-Arcade, CA HUD Metro FMR Area",40464335,30212.593053581
1266,90210,METRO31080MM4480,SA,"Los Angeles-Long Beach-Glendale, CA HUD Metro FMR Area",40888009.7304688,34130.7119023002
1267,93737,METRO23420M23420,SA,"Fresno, CA HUD Metro FMR Area",39422662.0507813,41230.3436409236
1268,22153,METRO47900M47900,SA,"Washington-Arlington-Alexandria, DC-VA-MD HUD Metro FMR Area",38395238.2890625,31660.779698877
1269,02134,METRO14460MM1120,SA,"Boston-Cambridge-Quincy, MA-NH HUD Metro FMR Area",6281820.6328125,20977.5069774017
1270,29742,METRO16740N45023,SA,"Chester County, SC HUD Metro FMR Area",51017609.2382813,34125.8202232183
1271,29403,METRO16700M16700,SA,"Charleston-North Charleston, SC MSA",23541261.3964844,34160.7146539318
1272,02420,METRO14460MM1120,SA,"Boston-Cambridge-Quincy, MA-NH HUD Metro FMR Area",33698805.7148438,32491.5071232881
1273,77098,METRO26420M26420,SA,"Houston-The Woodlands-Sugar Land, TX HUD Metro FMR Area",6050625.21484375,11533.7081754715
1274,92677,METRO31080MM5945,SA,"Santa Ana-Anaheim-Irvine, CA HUD Metro FMR Area",61638996.3007813,43081.6975805706
1275,90715,METRO31080MM4480,SA,"Los Angeles-Long Beach-Glendale, CA HUD Metro FMR Area",6522266.3046875,14934.0161668685
1276,95236,METRO44700M44700,SA,"Stockton-Lodi, CA MSA",526365007.871094,137076.639033824
1277,94043,METRO41940M41940,SA,"San Jose-Sunnyvale-Santa Clara, CA HUD Metro FMR Area",34717302.7890625,31383.6073897648
1278,87043,METRO10740M10740,SA,"Albuquerque, NM MSA",419361659.890625,106473.394593783
1279,18929,METRO37980M37980,SA,"Philadelphia-Camden-Wilmington, PA-NJ-DE-MD MSA",32999625.7460938,33787.8558286556
1280,94568,METRO41860MM5775,SA,"Oakland-Fremont, CA HUD Metro FMR Area",68346209.4765625,47206.4528382403
1281,94086,METRO41940M41940,SA,"San Jose-Sunnyvale-Santa Clara, CA HUD Metro FMR Area",17934357.6757813,26281.8920763331
1282,90027,METRO31080MM4480,SA,"Los Angeles-Long Beach-Glendale, CA HUD Metro FMR Area",31284083.2070313,33605.141386878
1283,94404,METRO41860MM7360,SA,"San Francisco, CA HUD Metro FMR Area",20181266.0507813,22708.7381017357
1284,07023,METRO35620MM5640,SA,"Newark, NJ HUD Metro FMR Area",6001474.05078125,9892.34501187559
1285,92223,METRO40140M40140,SA,"Riverside-San Bernardino-Ontario, CA MSA",169755040.695313,83638.2896354152
1286,78633,METRO12420M12420,SA,"Austin-Round Rock-San Marcos, TX MSA",280467394.578125,117159.451546867
1287,75214,METRO19100M19100,SA,"Dallas, TX HUD Metro FMR Area",30539542.2421875,29008.1105485905
1288,91505,METRO31080MM4480,SA,"Los Angeles-Long Beach-Glendale, CA HUD Metro FMR Area",20386102.2773438,29803.3630128974
1289,11103,METRO35620MM5600,SA,"New York, NY HUD Metro FMR Area",3122943.953125,9312.63238877267
1290,76311,METRO48660M48660,SA,"Wichita Falls, TX MSA",9039057.58203125,15895.4450886252
1291,85258,METRO38060M38060,SA,"Phoenix-Mesa-Chandler, AZ MSA",39467942.734375,28303.0970572519
1292,75052,METRO19100MM2800,SA,"Fort Worth-Arlington, TX HUD Metro FMR Area",42898563.6289063,40438.5408816895
1293,32827,METRO36740M36740,SA,"Orlando-Kissimmee-Sanford, FL MSA",82064409.0566406,72652.3288588511
1294,37421,METRO16860M16860,SA,"Chattanooga, TN-GA MSA",122793915.710938,67705.8254200684
1295,38476,METRO34980N47081,SA,"Hickman County, TN HUD Metro FMR Area",65029884.359375,49061.1329238984
1296,60035,METRO16980M16980,SA,"Chicago-Joliet-Naperville, IL HUD Metro FMR Area",59819442.8164063,50974.0743091331
1297,08402,METRO12100M12100,SA,"Atlantic City-Hammonton, NJ HUD Metro FMR Area",6977681.02734375,11501.2705910172
1298,08340,METRO47220M47220,SA,"Vineland, NJ MSA",98182252.9570313,50753.8773409756
1299,07632,METRO35620MM0875,SA,"Bergen-Passaic, NJ HUD Metro FMR Area",15321144.0039063,17645.7706771565
1300,85308,METRO38060M38060,SA,"Phoenix-Mesa-Chandler, AZ MSA",64629008.765625,43296.5022050459
1301,20155,METRO47900M47900,SA,"Washington-Arlington-Alexandria, DC-VA-MD HUD Metro FMR Area",112691931.523438,103676.607425414
1302,85143,METRO38060M38060,SA,"Phoenix-Mesa-Chandler, AZ MSA",115863771.324219,61930.411335323
1303,85283,METRO38060M38060,SA,"Phoenix-Mesa-Chandler, AZ MSA",33389614.5351563,35997.8137931348
1304,33414,METRO33100MM8960,SA,"West Palm Beach-Boca Raton, FL HUD Metro FMR Area",93810643.0078125,50587.2901569183
1305,60601,METRO16980M16980,SA,"Chicago-Joliet-Naperville, IL HUD Metro FMR Area",1877409.01171875,7009.58315994597
1306,33317,METRO33100MM2680,SA,"Fort Lauderdale, FL HUD Metro FMR Area",31384416.9589844,25093.8432088841
1307,19047,METRO37980M37980,SA,"Philadelphia-Camden-Wilmington, PA-NJ-DE-MD MSA",78627068.7109375,68054.5080350217
1308,32124,METRO19660M19660,SA,"Deltona-Daytona Beach-Ormond Beach, FL HUD Metro FMR Area",210623594.357422,84675.8909205298
1309,33324,METRO33100MM2680,SA,"Fort Lauderdale, FL HUD Metro FMR Area",29906044.8886719,26502.400724269
1310,34983,METRO38940M38940,SA,"Port St. Lucie, FL MSA",50012131.2578125,40517.4720119596
1311,33196,METRO33100MM5000,SA,"Miami-Miami Beach-Kendall, FL HUD Metro FMR Area",169061601.390625,88733.571684456
1312,33559,METRO45300M45300,SA,"Tampa-St. Petersburg-Clearwater, FL MSA",40755129.6621094,52320.161408224
1313,33993,METRO15980M15980,SA,"Cape Coral-Fort Myers, FL MSA",171529227.154297,101130.418388923
1314,33137,METRO33100MM5000,SA,"Miami-Miami Beach-Kendall, FL HUD Metro FMR Area",17188579.234375,18108.1081016827
1315,98424,METRO42660MM8200,SA,"Tacoma, WA HUD Metro FMR Area",36217733.59375,32533.1946033225
1316,94111,METRO41860MM7360,SA,"San Francisco, CA HUD Metro FMR Area",1141727.71484375,6429.64585267951
1317,80927,METRO17820M17820,SA,"Colorado Springs, CO HUD Metro FMR Area",19260942.3242188,19791.5277129229
1318,28804,METRO11700M11700,SA,"Asheville, NC MSA",115021661.734375,93980.6399879334
1319,11786,METRO35620MM5380,SA,"Nassau-Suffolk, NY HUD Metro FMR Area",21919041.2578125,26264.4869942731
1320,10533,METRO35620MM5600,SA,"New York, NY HUD Metro FMR Area",16467883.8554688,21173.9650798847
1321,10803,METRO35620MM5600,SA,"New York, NY HUD Metro FMR Area",10071771.6601563,17855.9805854201
1322,92147,METRO41740M41740,SA,"San Diego-Chula Vista-Carlsbad, CA MSA",322972.3828125,2722.81419599392
1323,10524,METRO35620MM5600,SA,"New York, NY HUD Metro FMR Area",97432186.9023438,55038.0265955682
1324,32804,METRO36740M36740,SA,"Orlando-Kissimmee-Sanford, FL MSA",28193702.3769531,31378.6362722091
1325,96762,METRO46520M46520,SA,"Urban Honolulu, HI MSA",37693363.8320313,33376.2073158051
1326,80132,METRO17820M17820,SA,"Colorado Springs, CO HUD Metro FMR Area",172218153.320313,99654.1034360962
1327,77382,METRO26420M26420,SA,"Houston-The Woodlands-Sugar Land, TX HUD Metro FMR Area",42123240.5351563,47333.5483004742
1328,35080,METRO13820M13820,SA,"Birmingham-Hoover, AL HUD Metro FMR Area",175040490.953125,103112.303944224
1329,06437,METRO35300M35300,SA,"New Haven, CT MSA",219814022.371094,82382.7713120727
1330,02648,METRO12700M12700,SA,"Barnstable Town, MA MSA",51152493.5664063,45333.49464774
1331,19060,METRO37980M37980,SA,"Philadelphia-Camden-Wilmington, PA-NJ-DE-MD MSA",34443716.2226563,36243.6712321708
1332,20721,METRO47900M47900,SA,"Washington-Arlington-Alexandria, DC-VA-MD HUD Metro FMR Area",72833174.265625,43133.6490198263
1333,02341,METRO14460MM1200,SA,"Brockton, MA HUD Metro FMR Area",73432989.8125,45316.0592304066
1334,10029,METRO35620MM5600,SA,"New York, NY HUD Metro FMR Area",5286940.90625,10732.8558891871
1335,02668,METRO12700M12700,SA,"Barnstable Town, MA MSA",46378676.234375,64039.0311298366
1336,02675,METRO12700M12700,SA,"Barnstable Town, MA MSA",39716137.5234375,34100.9327755126
1337,29451,METRO16700M16700,SA,"Charleston-North Charleston, SC MSA",46110774.0664063,46491.0088024475
1338,97137,METRO41420M41420,SA,"Salem, OR MSA",242633994.257813,90539.2917930864
1339,96707,METRO46520M46520,SA,"Urban Honolulu, HI MSA",130380161.90625,57940.9458587653
1340,92545,METRO40140M40140,SA,"Riverside-San Bernardino-Ontario, CA MSA",111718771.445313,94771.5665642374
1341,92882,METRO40140M40140,SA,"Riverside-San Bernardino-Ontario, CA MSA",44248626.2890625,38944.0526325378
1342,77373,METRO26420M26420,SA,"Houston-The Woodlands-Sugar Land, TX HUD Metro FMR Area",83675645.1015625,50501.8429908603
1343,90815,METRO31080MM4480,SA,"Los Angeles-Long Beach-Glendale, CA HUD Metro FMR Area",27331395.0585938,27230.6425630106
1344,91750,METRO31080MM4480,SA,"Los Angeles-Long Beach-Glendale, CA HUD Metro FMR Area",70916100.2460938,59660.5608907538
1345,23456,METRO47260M47260,SA,"Virginia Beach-Norfolk-Newport News, VA-NC HUD Metro FMR Area",220431422.382813,100518.640424302
1346,23511,METRO47260M47260,SA,"Virginia Beach-Norfolk-Newport News, VA-NC HUD Metro FMR Area",21061455.2070313,30705.2077832864
1347,75072,METRO19100M19100,SA,"Dallas, TX HUD Metro FMR Area",45593669.484375,42925.8206503913
1348,85255,METRO38060M38060,SA,"Phoenix-Mesa-Chandler, AZ MSA",331327499.261719,111720.100508205
1349,85353,METRO38060M38060,SA,"Phoenix-Mesa-Chandler, AZ MSA",80385231.9023438,46385.5358957264
1350,92582,METRO40140M40140,SA,"Riverside-San Bernardino-Ontario, CA MSA",69293654.4257813,37097.5674888241
1351,93921,METRO41500M41500,SA,"Salinas, CA MSA",3959837.1171875,10659.7613036364
1352,94582,METRO41860MM5775,SA,"Oakland-Fremont, CA HUD Metro FMR Area",55775819.875,37403.4774535826
1353,75206,METRO19100M19100,SA,"Dallas, TX HUD Metro FMR Area",15648649.8320313,21325.2226272304
1354,85085,METRO38060M38060,SA,"Phoenix-Mesa-Chandler, AZ MSA",143335543.128906,56120.067522421
1355,02482,METRO14460MM1120,SA,"Boston-Cambridge-Quincy, MA-NH HUD Metro FMR Area",18729598.6367188,37149.6990208281
1356,33607,METRO45300M45300,SA,"Tampa-St. Petersburg-Clearwater, FL MSA",31505138.3984375,43578.1039738569
1357,32738,METRO19660M19660,SA,"Deltona-Daytona Beach-Ormond Beach, FL HUD Metro FMR Area",98315403.0136719,57432.9225506485
1358,33018,METRO33100MM5000,SA,"Miami-Miami Beach-Kendall, FL HUD Metro FMR Area",105011925.431641,49600.1382284704
1359,00705,METRO41980N72923,SA,"Barranquitas-Aibonito, PR HUD Metro FMR Area",85155192.4765625,53245.6445274837
1360,33470,METRO33100MM8960,SA,"West Palm Beach-Boca Raton, FL HUD Metro FMR Area",669653335.246094,152211.881515625
1361,32712,METRO36740M36740,SA,"Orlando-Kissimmee-Sanford, FL MSA",245779180.947266,109820.172683018
1362,94536,METRO41860MM5775,SA,"Oakland-Fremont, CA HUD Metro FMR Area",58175559.4414063,46769.5913112087
1363,33140,METRO33100MM5000,SA,"Miami-Miami Beach-Kendall, FL HUD Metro FMR Area",18796583.5234375,25690.4633046853
1364,93101,METRO42200M42200,SA,"Santa Maria-Santa Barbara, CA MSA",12155483.0117188,22327.9878856578
1365,33193,METRO33100MM5000,SA,"Miami-Miami Beach-Kendall, FL HUD Metro FMR Area",30144639.5429688,28233.9731172129
1366,07757,METRO35620MM5190,SA,"Monmouth-Ocean, NJ HUD Metro FMR Area",15238760.6757813,20034.0062787353
1367,07930,METRO35620MM5640,SA,"Newark, NJ HUD Metro FMR Area",115348704.773438,67399.0877498085
1368,89441,METRO39900M39900,SA,"Reno, NV HUD Metro FMR Area",217480395.09375,86689.6134714471
1369,89034,METRO29820M29820,SA,"Las Vegas-Henderson-North Las Vegas, NV MSA",69051684.21875,47024.527587446
1370,40023,METRO31140M31140,SA,"Louisville, KY-IN HUD Metro FMR Area",95033943.9101563,71834.5045009763
1371,89161,METRO29820M29820,SA,"Las Vegas-Henderson-North Las Vegas, NV MSA",587440941.132813,158251.031630211
1372,48380,METRO19820M19820,SA,"Detroit-Warren-Livonia, MI HUD Metro FMR Area",91052180.5351563,48622.3685285049
1373,60175,METRO16980M16980,SA,"Chicago-Joliet-Naperville, IL HUD Metro FMR Area",158674171.410156,97797.332199541
1374,07901,METRO35620MM5640,SA,"Newark, NJ HUD Metro FMR Area",28917539.7929688,26961.0509883097
1375,07094,METRO35620MM3640,SA,"Jersey City, NJ HUD Metro FMR Area",29443405.6757813,27813.0225967305
1376,60563,METRO16980M16980,SA,"Chicago-Joliet-Naperville, IL HUD Metro FMR Area",70030044.3398438,69755.8556497361
1377,08730,METRO35620MM5190,SA,"Monmouth-Ocean, NJ HUD Metro FMR Area",10530150.8554688,15047.8518135473
1378,07458,METRO35620MM0875,SA,"Bergen-Passaic, NJ HUD Metro FMR Area",46684518.5390625,38560.1467163636
1379,08077,METRO37980M37980,SA,"Philadelphia-Camden-Wilmington, PA-NJ-DE-MD MSA",39416145.9179688,32740.888048756
1380,06716,METRO47930M47930,SA,"Waterbury-Shelton, CT MSA",96889738.4609375,39719.591239406
1381,32246,METRO27260M27260,SA,"Jacksonville, FL HUD Metro FMR Area",67718103.0664063,48985.8061406722
1382,93109,METRO42200M42200,SA,"Santa Maria-Santa Barbara, CA MSA",13553262.5039063,21999.0615733327
1383,10510,METRO35620MM5600,SA,"New York, NY HUD Metro FMR Area",46728308.0703125,48009.1746095335
1384,37932,METRO28940M28940,SA,"Knoxville, TN HUD Metro FMR Area",121293426.722656,79710.8879117694
1385,20637,METRO47900M47900,SA,"Washington-Arlington-Alexandria, DC-VA-MD HUD Metro FMR Area",144298870.09375,84466.2337597129
1386,06461,METRO35300M47535,SA,"Milford town, CT Exception Area",47022433.2382813,35686.5013891541
1387,92317,METRO40140M40140,SA,"Riverside-San Bernardino-Ontario, CA MSA",6100172.58203125,19064.8170471281
1388,30622,METRO12020M12020,SA,"Athens-Clarke County, GA MSA",127993322.871094,81932.4500174078
1389,06488,METRO47930M47930,SA,"Waterbury-Shelton, CT MSA",184943135.695313,61979.4152817221
1390,93523,METRO12540M12540,SA,"Bakersfield-Delano, CA MSA",146345147.078125,112676.387287871
1391,91360,METRO37100M37100,SA,"Oxnard-Thousand Oaks-Ventura, CA MSA",59618851.875,48872.7830992559
1392,55445,METRO33460M33460,SA,"Minneapolis-St. Paul-Bloomington, MN-WI HUD Metro FMR Area",40958637.5546875,35790.9587268638
1393,45202,METRO17140M17140,SA,"Cincinnati, OH-KY-IN  HUD Metro FMR Area",12721269.6328125,29298.3232127527
1394,32082,METRO27260M27260,SA,"Jacksonville, FL HUD Metro FMR Area",146339679.292969,91242.7504305608
1395,96818,METRO46520M46520,SA,"Urban Honolulu, HI MSA",35922643.7539063,46252.0147290118
1396,30327,METRO12060M12060,SA,"Atlanta-Sandy Springs-Roswell, GA HUD Metro FMR Area",67053032.265625,46868.9553667019
1397,79934,METRO21340M21340,SA,"El Paso, TX HUD Metro FMR Area",213435233.832031,72484.6239767301
1398,96717,METRO46520M46520,SA,"Urban Honolulu, HI MSA",74247296.2773438,47731.8117865915
1399,85310,METRO38060M38060,SA,"Phoenix-Mesa-Chandler, AZ MSA",34475886.953125,35155.1463142948
1400,85147,METRO38060M38060,SA,"Phoenix-Mesa-Chandler, AZ MSA",261923587.613281,109491.899300504
1401,21666,METRO12580M12580,SA,"Baltimore-Columbia-Towson, MD MSA",106407620.769531,71975.6473710374
1402,10026,METRO35620MM5600,SA,"New York, NY HUD Metro FMR Area",1752893.078125,7174.83756168372
1403,11211,METRO35620MM5600,SA,"New York, NY HUD Metro FMR Area",6742184.59765625,16397.5228715841
1404,60607,METRO16980M16980,SA,"Chicago-Joliet-Naperville, IL HUD Metro FMR Area",10905624.453125,19618.5640416424
1405,95677,METRO40900M40900,SA,"Sacramento--Roseville--Arden-Arcade, CA HUD Metro FMR Area",41629439.7695313,40347.4474471436
1406,91763,METRO40140M40140,SA,"Riverside-San Bernardino-Ontario, CA MSA",20044318.0390625,29149.1728024699
1407,92886,METRO31080MM5945,SA,"Santa Ana-Anaheim-Irvine, CA HUD Metro FMR Area",48975142.3085938,46312.6772102392
1408,92091,METRO41740M41740,SA,"San Diego-Chula Vista-Carlsbad, CA MSA",4746355.84765625,18217.5739013849
1409,32224,METRO27260M27260,SA,"Jacksonville, FL HUD Metro FMR Area",75729002.6523438,70883.3177769587
1410,60151,METRO16980MM2050,SA,"DeKalb County, IL HUD Metro FMR Area",95175819.4414063,66208.7122786104
1411,08234,METRO12100M12100,SA,"Atlantic City-Hammonton, NJ HUD Metro FMR Area",276082519.984375,83372.464818793
1412,32225,METRO27260M27260,SA,"Jacksonville, FL HUD Metro FMR Area",120245461.546875,64420.5266543225
1413,03082,METRO31700N33011,SA,"Hillsborough County, NH (part) HUD Metro FMR Area",139726779.109375,71105.3283445962
1414,32226,METRO27260M27260,SA,"Jacksonville, FL HUD Metro FMR Area",371392889.767578,126100.267585782
1415,48191,METRO33780M33780,SA,"Monroe, MI MSA",9358856.95703125,19819.4000938799
1416,32212,METRO27260M27260,SA,"Jacksonville, FL HUD Metro FMR Area",29526989.3398438,25220.4858769957
1417,08201,METRO12100M12100,SA,"Atlantic City-Hammonton, NJ HUD Metro FMR Area",32387028.5625,29253.1746231302
1418,08080,METRO37980M37980,SA,"Philadelphia-Camden-Wilmington, PA-NJ-DE-MD MSA",128975007.71875,106160.889449569
1419,01890,METRO14460MM1120,SA,"Boston-Cambridge-Quincy, MA-NH HUD Metro FMR Area",30160971.0273438,25678.0283190798
1420,77046,METRO26420M26420,SA,"Houston-The Woodlands-Sugar Land, TX HUD Metro FMR Area",386801.2890625,4029.0088929484
1421,08088,METRO37980M37980,SA,"Philadelphia-Camden-Wilmington, PA-NJ-DE-MD MSA",669392982.660156,133624.934121154
1422,02822,METRO39300M39300,SA,"Providence-Fall River, RI-MA HUD Metro FMR Area",255643862.949219,91929.1796453872
1423,21077,METRO12580M12580,SA,"Baltimore-Columbia-Towson, MD MSA",1864391.13671875,11136.6298021863
1424,94575,METRO41860MM5775,SA,"Oakland-Fremont, CA HUD Metro FMR Area",743146.296875,3657.65175149018
1425,18602,METRO42540M42540,SA,"Scranton--Wilkes-Barre, PA MSA",9184361.16796875,16565.9611133935
1426,93237,METRO47300M47300,SA,"Visalia, CA MSA",18235875.7382813,24134.8504121436
1427,31561,METRO15260M15260,SA,"Brunswick-St. Simons, GA MSA",17744766.90625,31139.7983932491
1428,30234,METRO12060N13035,SA,"Butts County, GA HUD Metro FMR Area",37784844.1210938,52869.6940794833
1429,01532,METRO49340M49340,SA,"Worcester, MA HUD Metro FMR Area",88920174.890625,40803.5217951826
1430,06510,METRO35300M35300,SA,"New Haven, CT MSA",1245431.88671875,8679.88562174437
1431,10014,METRO35620MM5600,SA,"New York, NY HUD Metro FMR Area",2188726.203125,7851.23069764117
1432,10018,METRO35620MM5600,SA,"New York, NY HUD Metro FMR Area",1560779.625,10242.5902972255
1433,10025,METRO35620MM5600,SA,"New York, NY HUD Metro FMR Area",4050048.7734375,9553.47565964808
1434,01731,METRO14460MM1120,SA,"Boston-Cambridge-Quincy, MA-NH HUD Metro FMR Area",11165936.7539063,19658.3440110519
1435,06611,METRO14860M77200,SA,"Trumbull town, CT Exception Area",107742625.59375,48671.2842781981
1436,10031,METRO35620MM5600,SA,"New York, NY HUD Metro FMR Area",2992373.3359375,9104.31670997576
1437,10033,METRO35620MM5600,SA,"New York, NY HUD Metro FMR Area",2706475.65625,10888.0233795512
1438,10044,METRO35620MM5600,SA,"New York, NY HUD Metro FMR Area",1017844.28125,8503.24552887537
1439,10069,METRO35620MM5600,SA,"New York, NY HUD Metro FMR Area",177683.7890625,2817.15916606638
1440,15015,METRO38300M38300,SA,"Pittsburgh, PA HUD Metro FMR Area",4246415.5703125,13262.1056467511
1441,10280,METRO35620MM5600,SA,"New York, NY HUD Metro FMR Area",507314.3203125,4184.7311381791
1442,10514,METRO35620MM5600,SA,"New York, NY HUD Metro FMR Area",58717057.28125,52399.2015501464
1443,01821,METRO14460MM4560,SA,"Lowell, MA HUD Metro FMR Area",80834624.1523438,49709.9349906107
1444,10546,METRO35620MM5600,SA,"New York, NY HUD Metro FMR Area",5588626.4296875,15599.1960361794
1445,10562,METRO35620MM5600,SA,"New York, NY HUD Metro FMR Area",64321396.7070313,59642.2103228799
1446,01824,METRO14460MM4560,SA,"Lowell, MA HUD Metro FMR Area",88209564.2695313,40978.4365103244
1447,06824,METRO14860M26620,SA,"Fairfield town, CT Exception Area",94524953.078125,59068.420189171
1448,10530,METRO35620MM5600,SA,"New York, NY HUD Metro FMR Area",17912810.3710938,27670.6739912448
1449,10536,METRO35620MM5600,SA,"New York, NY HUD Metro FMR Area",135022279.363281,86546.8497075864
1450,10538,METRO35620MM5600,SA,"New York, NY HUD Metro FMR Area",16014791.8671875,27186.5649887271
1451,06890,METRO14860M26620,SA,"Fairfield town, CT Exception Area",13522256.0390625,19173.3259274844
1452,17407,METRO49620M49620,SA,"York-Hanover, PA MSA",7521121.95703125,19934.2859551582
1453,30309,METRO12060M12060,SA,"Atlanta-Sandy Springs-Roswell, GA HUD Metro FMR Area",12537201.5703125,23638.3006073101
1454,60173,METRO16980M16980,SA,"Chicago-Joliet-Naperville, IL HUD Metro FMR Area",30185909.0039063,33276.269771367
1455,08344,METRO12100M12100,SA,"Atlantic City-Hammonton, NJ HUD Metro FMR Area",9450604.45703125,18536.40931695
1456,08344,METRO47220M47220,SA,"Vineland, NJ MSA",12318469.8984375,21275.8117595832
1457,08349,METRO47220M47220,SA,"Vineland, NJ MSA",160562581.730469,85463.8108139164
1458,08502,METRO35620MM5015,SA,"Middlesex-Somerset-Hunterdon, NJ HUD Metro FMR Area",59628879.859375,42188.156794636
1459,08515,METRO37980M37980,SA,"Philadelphia-Camden-Wilmington, PA-NJ-DE-MD MSA",94387974.5039063,54429.0530361417
1460,08535,METRO35620MM5190,SA,"Monmouth-Ocean, NJ HUD Metro FMR Area",84927577.40625,62515.0525902009
1461,08542,METRO45940M45940,SA,"Trenton-Princeton, NJ MSA",1708472.77734375,9050.70434503618
1462,08550,METRO45940M45940,SA,"Trenton-Princeton, NJ MSA",87746717.8320313,40637.6617171226
1463,35223,METRO13820M13820,SA,"Birmingham-Hoover, AL HUD Metro FMR Area",31575319.5859375,46621.4966831012
1464,08641,METRO37980M37980,SA,"Philadelphia-Camden-Wilmington, PA-NJ-DE-MD MSA",22446189.921875,29450.5255061517
1465,08648,METRO45940M45940,SA,"Trenton-Princeton, NJ MSA",75222046.8164063,45157.2161575782
1466,08352,METRO47220M47220,SA,"Vineland, NJ MSA",1186200.3125,5796.2188473616
1467,19107,METRO37980M37980,SA,"Philadelphia-Camden-Wilmington, PA-NJ-DE-MD MSA",2409417.69140625,7298.424666796
1468,48322,METRO19820M19820,SA,"Detroit-Warren-Livonia, MI HUD Metro FMR Area",56318912.125,35546.301701327
1469,19438,METRO37980M37980,SA,"Philadelphia-Camden-Wilmington, PA-NJ-DE-MD MSA",99304318.1679688,68486.0409638732
1470,32410,METRO37460M37460,SA,"Panama City, FL HUD Metro FMR Area",5438960.54492188,29983.0961012761
1471,30338,METRO12060M12060,SA,"Atlanta-Sandy Springs-Roswell, GA HUD Metro FMR Area",37463391.1953125,32467.6221893209
1472,11236,METRO35620MM5600,SA,"New York, NY HUD Metro FMR Area",16192042.515625,17092.4310311876
1473,11237,METRO35620MM5600,SA,"New York, NY HUD Metro FMR Area",4578558.421875,13838.4859195492
1474,11354,METRO35620MM5600,SA,"New York, NY HUD Metro FMR Area",9905247.2890625,18822.3700326819
1475,11357,METRO35620MM5600,SA,"New York, NY HUD Metro FMR Area",12803352.4492188,17757.3309264999
1476,11362,METRO35620MM5600,SA,"New York, NY HUD Metro FMR Area",9463040.41796875,15226.2711039824
1477,11364,METRO35620MM5600,SA,"New York, NY HUD Metro FMR Area",11309510,16534.1800849154
1478,02459,METRO14460MM1120,SA,"Boston-Cambridge-Quincy, MA-NH HUD Metro FMR Area",24347512.7617188,34540.337064753
1479,55386,METRO33460M33460,SA,"Minneapolis-St. Paul-Bloomington, MN-WI HUD Metro FMR Area",38487485.703125,36908.3633277441
1480,11366,METRO35620MM5600,SA,"New York, NY HUD Metro FMR Area",6879551.7265625,19823.1089690532
1481,11372,METRO35620MM5600,SA,"New York, NY HUD Metro FMR Area",3335414.7890625,9483.51721143029
1482,11374,METRO35620MM5600,SA,"New York, NY HUD Metro FMR Area",4232711.7578125,12700.1991412682
1483,02766,METRO39300MM1120,SA,"Taunton-Mansfield-Norton, MA HUD Metro FMR Area",137433625.046875,49743.0124066784
1484,19118,METRO37980M37980,SA,"Philadelphia-Camden-Wilmington, PA-NJ-DE-MD MSA",14451247.734375,19248.4704683742
1485,19123,METRO37980M37980,SA,"Philadelphia-Camden-Wilmington, PA-NJ-DE-MD MSA",6050267.37890625,12560.8512566551
1486,02771,METRO39300M39300,SA,"Providence-Fall River, RI-MA HUD Metro FMR Area",86655773.9140625,47134.560028916
1487,19130,METRO37980M37980,SA,"Philadelphia-Camden-Wilmington, PA-NJ-DE-MD MSA",5783730.1328125,11228.3557857109
1488,11413,METRO35620MM5600,SA,"New York, NY HUD Metro FMR Area",13661464.046875,21423.5822847407
1489,11420,METRO35620MM5600,SA,"New York, NY HUD Metro FMR Area",9478709.46875,12914.8445808769
1490,19146,METRO37980M37980,SA,"Philadelphia-Camden-Wilmington, PA-NJ-DE-MD MSA",7956699.71484375,15030.8832476465
1491,30324,METRO12060M12060,SA,"Atlanta-Sandy Springs-Roswell, GA HUD Metro FMR Area",20096205.6796875,31206.9726292646
1492,11422,METRO35620MM5600,SA,"New York, NY HUD Metro FMR Area",9750100.53125,21246.0775147516
1493,19301,METRO37980M37980,SA,"Philadelphia-Camden-Wilmington, PA-NJ-DE-MD MSA",15857324.578125,32401.3658496556
1494,60422,METRO16980M16980,SA,"Chicago-Joliet-Naperville, IL HUD Metro FMR Area",18450713.6289063,28493.3770031727
1495,19317,METRO37980M37980,SA,"Philadelphia-Camden-Wilmington, PA-NJ-DE-MD MSA",98015026.0507813,64450.3781090057
1496,19343,METRO37980M37980,SA,"Philadelphia-Camden-Wilmington, PA-NJ-DE-MD MSA",123539467.648438,85154.0741520913
1497,03840,METRO14460MM6450,SA,"Portsmouth-Rochester, NH HUD Metro FMR Area",64601415.5546875,40971.4741852754
1498,03856,METRO14460MM6450,SA,"Portsmouth-Rochester, NH HUD Metro FMR Area",35153637.0390625,31647.020614775
1499,19103,METRO37980M37980,SA,"Philadelphia-Camden-Wilmington, PA-NJ-DE-MD MSA",2967374.390625,8358.16136074567
1500,19373,METRO37980M37980,SA,"Philadelphia-Camden-Wilmington, PA-NJ-DE-MD MSA",14253092.21875,26268.8068847308
1501,19422,METRO37980M37980,SA,"Philadelphia-Camden-Wilmington, PA-NJ-DE-MD MSA",54463954.1367188,43360.1504336481
1502,10954,METRO35620MM5600,SA,"New York, NY HUD Metro FMR Area",31400224.5585938,37541.6929247092
1503,10983,METRO35620MM5600,SA,"New York, NY HUD Metro FMR Area",9514677.00390625,15451.4970168312
1504,01887,METRO14460MM1120,SA,"Boston-Cambridge-Quincy, MA-NH HUD Metro FMR Area",81869781.25,42288.8890184969
1505,02030,METRO14460MM1120,SA,"Boston-Cambridge-Quincy, MA-NH HUD Metro FMR Area",72875194.2890625,50083.9027698585
1506,10989,METRO35620MM5600,SA,"New York, NY HUD Metro FMR Area",25056868.5976563,30600.8434305432
1507,02110,METRO14460MM1120,SA,"Boston-Cambridge-Quincy, MA-NH HUD Metro FMR Area",824025.76953125,6258.96363827697
1508,02116,METRO14460MM1120,SA,"Boston-Cambridge-Quincy, MA-NH HUD Metro FMR Area",3874189.484375,10629.3652850513
1509,02144,METRO14460MM1120,SA,"Boston-Cambridge-Quincy, MA-NH HUD Metro FMR Area",5271500.4296875,16552.1651350046
1510,02379,METRO14460MM1200,SA,"Brockton, MA HUD Metro FMR Area",73607634.9570313,36200.4557782104
1511,02421,METRO14460MM1120,SA,"Boston-Cambridge-Quincy, MA-NH HUD Metro FMR Area",46367442.5507813,34569.6757976783
1512,02451,METRO14460MM1120,SA,"Boston-Cambridge-Quincy, MA-NH HUD Metro FMR Area",28556251.9648438,28284.7318626686
1513,02542,METRO12700M12700,SA,"Barnstable Town, MA MSA",132896420.199219,61635.6241269315
1514,11101,METRO35620MM5600,SA,"New York, NY HUD Metro FMR Area",12108638.09375,23083.1048424134
1515,11102,METRO35620MM5600,SA,"New York, NY HUD Metro FMR Area",3188182.67578125,8837.23094452411
1516,02563,METRO12700M12700,SA,"Barnstable Town, MA MSA",65874327.09375,76763.9593297987
1517,02645,METRO12700M12700,SA,"Barnstable Town, MA MSA",87193266.0859375,51852.7350282826
1518,11105,METRO35620MM5600,SA,"New York, NY HUD Metro FMR Area",7307871.19140625,13230.810170309
1519,11205,METRO35620MM5600,SA,"New York, NY HUD Metro FMR Area",5918683.76953125,13267.5174913573
1520,11210,METRO35620MM5600,SA,"New York, NY HUD Metro FMR Area",7446818.85546875,14021.9476663723
1521,11218,METRO35620MM5600,SA,"New York, NY HUD Metro FMR Area",6082866.2734375,13532.7332517876
1522,60194,METRO16980M16980,SA,"Chicago-Joliet-Naperville, IL HUD Metro FMR Area",17606295.5390625,36499.5610073584
1523,11221,METRO35620MM5600,SA,"New York, NY HUD Metro FMR Area",6220989.9453125,14506.2254552756
1524,11228,METRO35620MM5600,SA,"New York, NY HUD Metro FMR Area",6753612.59765625,14679.7045921294
1525,30269,METRO12060M12060,SA,"Atlanta-Sandy Springs-Roswell, GA HUD Metro FMR Area",100982497.207031,56884.9288185359
1526,10579,METRO35620MM5600,SA,"New York, NY HUD Metro FMR Area",167088318.257813,74254.1241670582
1527,10583,METRO35620MM5600,SA,"New York, NY HUD Metro FMR Area",56708716.7421875,56969.6834992303
1528,10590,METRO35620MM5600,SA,"New York, NY HUD Metro FMR Area",63054455.4804688,53277.3492629214
1529,10594,METRO35620MM5600,SA,"New York, NY HUD Metro FMR Area",11759422.9882813,20110.8168623996
1530,10607,METRO35620MM5600,SA,"New York, NY HUD Metro FMR Area",9833444.13671875,27081.5414556921
1531,10707,METRO35620MM5600,SA,"New York, NY HUD Metro FMR Area",5741089.46875,15502.5439562191
1532,10913,METRO35620MM5600,SA,"New York, NY HUD Metro FMR Area",19388282.6796875,23406.2588705503
1533,10917,METRO28880M28880,SA,"Kiryas Joel-Poughkeepsie-Newburgh, NY MSA",23450994.2539063,37343.3198567816
1534,10921,METRO28880M28880,SA,"Kiryas Joel-Poughkeepsie-Newburgh, NY MSA",38034731.7304688,37861.8054939339
1535,60022,METRO16980M16980,SA,"Chicago-Joliet-Naperville, IL HUD Metro FMR Area",18753265.9648438,19527.2429787484
1536,11975,METRO35620MM5380,SA,"Nassau-Suffolk, NY HUD Metro FMR Area",19606666.2382813,25386.3881253666
1537,20009,METRO47900M47900,SA,"Washington-Arlington-Alexandria, DC-VA-MD HUD Metro FMR Area",5677760.61328125,11310.1904672152
1538,30041,METRO12060M12060,SA,"Atlanta-Sandy Springs-Roswell, GA HUD Metro FMR Area",260144389.566406,116383.306515863
1539,60190,METRO16980M16980,SA,"Chicago-Joliet-Naperville, IL HUD Metro FMR Area",23243714.9375,39120.3217620552
1540,60043,METRO16980M16980,SA,"Chicago-Joliet-Naperville, IL HUD Metro FMR Area",2856801.0390625,8174.67411266632
1541,19610,METRO39740M39740,SA,"Reading, PA MSA",31837190.1992188,33655.965493117
1542,14534,METRO40380M40380,SA,"Rochester, NY MSA",158653412.574219,77293.042523947
1543,60404,METRO16980M16980,SA,"Chicago-Joliet-Naperville, IL HUD Metro FMR Area",73577337.75,45481.1893150369
1544,30308,METRO12060M12060,SA,"Atlanta-Sandy Springs-Roswell, GA HUD Metro FMR Area",5992748.5625,14128.5555854064
1545,55017,METRO33460M33460,SA,"Minneapolis-St. Paul-Bloomington, MN-WI HUD Metro FMR Area",139434104.585938,77012.6796598243
1546,30017,METRO12060M12060,SA,"Atlanta-Sandy Springs-Roswell, GA HUD Metro FMR Area",44299628.2265625,43721.047479637
1547,07058,METRO35620MM5640,SA,"Newark, NJ HUD Metro FMR Area",13626255.7539063,23815.1889937597
1548,30022,METRO12060M12060,SA,"Atlanta-Sandy Springs-Roswell, GA HUD Metro FMR Area",90833253.1640625,66686.534610284
1549,32033,METRO27260M27260,SA,"Jacksonville, FL HUD Metro FMR Area",273642691.011719,73054.6082052324
1550,11762,METRO35620MM5380,SA,"Nassau-Suffolk, NY HUD Metro FMR Area",14804957.9335938,30921.0494027494
1551,11792,METRO35620MM5380,SA,"Nassau-Suffolk, NY HUD Metro FMR Area",44781641.0507813,38516.0222041821
1552,11930,METRO35620MM5380,SA,"Nassau-Suffolk, NY HUD Metro FMR Area",39027955.9296875,44360.6934912799
1553,18069,METRO10900M10900,SA,"Allentown-Bethlehem-Easton, PA HUD Metro FMR Area",64027985.8828125,50676.4370283737
1554,18106,METRO10900M10900,SA,"Allentown-Bethlehem-Easton, PA HUD Metro FMR Area",36295521.15625,47623.9649161201
1555,48301,METRO19820M19820,SA,"Detroit-Warren-Livonia, MI HUD Metro FMR Area",36140441.7890625,31831.8120110723
1556,11766,METRO35620MM5380,SA,"Nassau-Suffolk, NY HUD Metro FMR Area",29194342.390625,34133.6921048287
1557,30305,METRO12060M12060,SA,"Atlanta-Sandy Springs-Roswell, GA HUD Metro FMR Area",24567537.3671875,33107.8450141968
1558,30307,METRO12060M12060,SA,"Atlanta-Sandy Springs-Roswell, GA HUD Metro FMR Area",17148350.1679688,29239.3491323967
1559,11732,METRO35620MM5380,SA,"Nassau-Suffolk, NY HUD Metro FMR Area",9749920.75,24674.2807450531
1560,16046,METRO38300M38300,SA,"Pittsburgh, PA HUD Metro FMR Area",102917905.292969,98467.5829542274
1561,11783,METRO35620MM5380,SA,"Nassau-Suffolk, NY HUD Metro FMR Area",16163511.34375,27905.9773219971
1562,18034,METRO10900M10900,SA,"Allentown-Bethlehem-Easton, PA HUD Metro FMR Area",49630936.671875,73156.2716638013
1563,11747,METRO35620MM5380,SA,"Nassau-Suffolk, NY HUD Metro FMR Area",56868609.0820313,47000.7287278068
1564,60192,METRO16980M16980,SA,"Chicago-Joliet-Naperville, IL HUD Metro FMR Area",52636046.8007813,81292.0344494577
1565,32003,METRO27260M27260,SA,"Jacksonville, FL HUD Metro FMR Area",79378819.2871094,37531.2530061651
1566,07803,METRO35620MM5640,SA,"Newark, NJ HUD Metro FMR Area",13617272.296875,17468.5987680056
1567,60126,METRO16980M16980,SA,"Chicago-Joliet-Naperville, IL HUD Metro FMR Area",52938292.3671875,40535.3741883343
1568,21108,METRO12580M12580,SA,"Baltimore-Columbia-Towson, MD MSA",56830388.5742188,70910.778311139
1569,21113,METRO12580M12580,SA,"Baltimore-Columbia-Towson, MD MSA",64262089.6914063,53047.2897873614
1570,21114,METRO12580M12580,SA,"Baltimore-Columbia-Towson, MD MSA",24845291.359375,24270.5781373874
1571,21131,METRO12580M12580,SA,"Baltimore-Columbia-Towson, MD MSA",97751402.8359375,58483.7551580941
1572,07739,METRO35620MM5190,SA,"Monmouth-Ocean, NJ HUD Metro FMR Area",14780151.6367188,19224.9952520312
1573,07755,METRO35620MM5190,SA,"Monmouth-Ocean, NJ HUD Metro FMR Area",13108380.5351563,17682.9012497784
1574,07620,METRO35620MM0875,SA,"Bergen-Passaic, NJ HUD Metro FMR Area",42140875.5546875,33064.0047255056
1575,19955,METRO20100M20100,SA,"Dover, DE MSA",417577.62109375,4002.14224169784
1576,21032,METRO12580M12580,SA,"Baltimore-Columbia-Towson, MD MSA",81898768.5742188,51841.8942214938
1577,21047,METRO12580M12580,SA,"Baltimore-Columbia-Towson, MD MSA",98572346.0039063,71231.1278026039
1578,20759,METRO12580M12580,SA,"Baltimore-Columbia-Towson, MD MSA",28299463.8007813,45617.0311285847
1579,21054,METRO12580M12580,SA,"Baltimore-Columbia-Towson, MD MSA",68407186.0390625,79541.23199873
1580,38672,METRO32820M32820,SA,"Memphis, TN-MS-AR HUD Metro FMR Area",50374795.1523438,59716.1679170422
1581,21036,METRO12580M12580,SA,"Baltimore-Columbia-Towson, MD MSA",28554907.1601563,31971.4109722989
1582,30127,METRO12060M12060,SA,"Atlanta-Sandy Springs-Roswell, GA HUD Metro FMR Area",194908683.425781,107221.146514704
1583,60107,METRO16980M16980,SA,"Chicago-Joliet-Naperville, IL HUD Metro FMR Area",36329802.71875,39520.8852312926
1584,07456,METRO35620MM0875,SA,"Bergen-Passaic, NJ HUD Metro FMR Area",129964314.628906,58376.8695612536
1585,25306,METRO16620M16620,SA,"Charleston, WV HUD Metro FMR Area",157399738.675781,83763.6407221521
1586,60112,METRO16980MM2050,SA,"DeKalb County, IL HUD Metro FMR Area",17117878.9101563,31621.0500119062
1587,20812,METRO47900M47900,SA,"Washington-Arlington-Alexandria, DC-VA-MD HUD Metro FMR Area",1373499.89453125,6206.74693816561
1588,19938,METRO20100M20100,SA,"Dover, DE MSA",177524532.628906,88026.7945659358
1589,33773,METRO45300M45300,SA,"Tampa-St. Petersburg-Clearwater, FL MSA",18899892.4960938,36639.4379629145
1590,28729,METRO11700M11700,SA,"Asheville, NC MSA",16213894.78125,26531.7395609911
1591,33765,METRO45300M45300,SA,"Tampa-St. Petersburg-Clearwater, FL MSA",14231145.5761719,26670.621178364
1592,34238,METRO35840M35840,SA,"North Port-Bradenton-Sarasota, FL MSA",46521214.4746094,36948.0074045897
1593,08019,METRO37980M37980,SA,"Philadelphia-Camden-Wilmington, PA-NJ-DE-MD MSA",503091467.34375,131606.155797517
1594,08002,METRO37980M37980,SA,"Philadelphia-Camden-Wilmington, PA-NJ-DE-MD MSA",32307292.4765625,28756.3453114188
1595,08003,METRO37980M37980,SA,"Philadelphia-Camden-Wilmington, PA-NJ-DE-MD MSA",48423662.1640625,31157.6071696176
1596,07926,METRO35620MM5640,SA,"Newark, NJ HUD Metro FMR Area",1616314.28515625,5856.95432795099
1597,07931,METRO35620MM5640,SA,"Newark, NJ HUD Metro FMR Area",24828270.8671875,33450.1859444466
1598,07935,METRO35620MM5640,SA,"Newark, NJ HUD Metro FMR Area",12339336.3554688,27286.4139947488
1599,07936,METRO35620MM5640,SA,"Newark, NJ HUD Metro FMR Area",36561944.7695313,31489.8841050925
1600,60062,METRO16980M16980,SA,"Chicago-Joliet-Naperville, IL HUD Metro FMR Area",90150563,73225.1817615668
1601,07981,METRO35620MM5640,SA,"Newark, NJ HUD Metro FMR Area",28091928.1289063,25845.5924982079
1602,18902,METRO37980M37980,SA,"Philadelphia-Camden-Wilmington, PA-NJ-DE-MD MSA",121102504.015625,81190.4854790108
1603,18923,METRO37980M37980,SA,"Philadelphia-Camden-Wilmington, PA-NJ-DE-MD MSA",8155073.015625,27375.004133072
1604,18925,METRO37980M37980,SA,"Philadelphia-Camden-Wilmington, PA-NJ-DE-MD MSA",44565294.7421875,50506.8192795235
1605,12547,METRO28740M28740,SA,"Kingston, NY MSA",43699032.8632813,37695.124693777
1606,32130,METRO19660M19660,SA,"Deltona-Daytona Beach-Ormond Beach, FL HUD Metro FMR Area",355408916.417969,139366.705902838
1607,18954,METRO37980M37980,SA,"Philadelphia-Camden-Wilmington, PA-NJ-DE-MD MSA",28746352.1523438,32315.6377624305
1608,30096,METRO12060M12060,SA,"Atlanta-Sandy Springs-Roswell, GA HUD Metro FMR Area",87375105.640625,72770.2764265131
1609,30097,METRO12060M12060,SA,"Atlanta-Sandy Springs-Roswell, GA HUD Metro FMR Area",90522270.3515625,89443.8759923745
1610,19025,METRO37980M37980,SA,"Philadelphia-Camden-Wilmington, PA-NJ-DE-MD MSA",14361591.4570313,27442.7281163961
1611,19041,METRO37980M37980,SA,"Philadelphia-Camden-Wilmington, PA-NJ-DE-MD MSA",14464316.296875,26679.4514798548
1612,19072,METRO37980M37980,SA,"Philadelphia-Camden-Wilmington, PA-NJ-DE-MD MSA",14261030.0664063,23544.1565741314
1613,96821,METRO46520M46520,SA,"Urban Honolulu, HI MSA",34835691.1953125,25696.7366930831
1614,19096,METRO37980M37980,SA,"Philadelphia-Camden-Wilmington, PA-NJ-DE-MD MSA",15400413.8515625,23920.252654398
1615,12577,METRO28880M28880,SA,"Kiryas Joel-Poughkeepsie-Newburgh, NY MSA",35921043.1328125,41619.5032769206
1616,04110,METRO38860MM6400,SA,"Portland, ME HUD Metro FMR Area",12514752.203125,22781.1367909016
1617,30075,METRO12060M12060,SA,"Atlanta-Sandy Springs-Roswell, GA HUD Metro FMR Area",115889415.207031,62378.4317325022
1618,07856,METRO35620MM5640,SA,"Newark, NJ HUD Metro FMR Area",18810442.6679688,24723.9672264471
1619,07874,METRO35620MM5640,SA,"Newark, NJ HUD Metro FMR Area",40076565.5976563,47054.9006530218
1620,33897,METRO29460M29460,SA,"Lakeland-Winter Haven, FL MSA",141218127.121094,61123.034074146
1621,33897,METRO36740M36740,SA,"Orlando-Kissimmee-Sanford, FL MSA",1399814.53515625,8134.66157817541
1622,34286,METRO35840M35840,SA,"North Port-Bradenton-Sarasota, FL MSA",97335362.015625,60506.4243055499
1623,34291,METRO35840M35840,SA,"North Port-Bradenton-Sarasota, FL MSA",59925011.2519531,54164.1510174032
1624,34292,METRO35840M35840,SA,"North Port-Bradenton-Sarasota, FL MSA",110379909.042969,69757.7038877869
1625,34293,METRO35840M35840,SA,"North Port-Bradenton-Sarasota, FL MSA",116126540.654297,60788.9583523141
1626,33896,METRO29460M29460,SA,"Lakeland-Winter Haven, FL MSA",25028847.5664063,52222.8318031425
1627,33896,METRO36740M36740,SA,"Orlando-Kissimmee-Sanford, FL MSA",43472091.2578125,73128.2360777603
1628,34241,METRO35840M35840,SA,"North Port-Bradenton-Sarasota, FL MSA",240902329.167969,107522.116442181
1629,28075,METRO16740M16740,SA,"Charlotte-Concord-Gastonia, NC-SC HUD Metro FMR Area",82379946.7734375,67451.3192670211
1630,34243,METRO35840M35840,SA,"North Port-Bradenton-Sarasota, FL MSA",67141150.0390625,52194.9268603677
1631,34251,METRO35840M35840,SA,"North Port-Bradenton-Sarasota, FL MSA",993375344.837891,157038.566728525
1632,38138,METRO32820M32820,SA,"Memphis, TN-MS-AR HUD Metro FMR Area",45952524.2890625,42362.0499042988
1633,34473,METRO36100M36100,SA,"Ocala, FL MSA",122388199.486328,61545.4136612737
1634,38133,METRO32820M32820,SA,"Memphis, TN-MS-AR HUD Metro FMR Area",50493827.9648438,35683.1991866546
1635,45174,METRO17140M17140,SA,"Cincinnati, OH-KY-IN  HUD Metro FMR Area",5582739.12890625,11816.5076230033
1636,34240,METRO35840M35840,SA,"North Port-Bradenton-Sarasota, FL MSA",225240021.662109,83415.0778300218
1637,34655,METRO45300M45300,SA,"Tampa-St. Petersburg-Clearwater, FL MSA",91217368.1425781,63530.7475845409
1638,33921,METRO39460M39460,SA,"Punta Gorda, FL MSA",8116000.04492188,18526.2895729111
1639,23320,METRO47260M47260,SA,"Virginia Beach-Norfolk-Newport News, VA-NC HUD Metro FMR Area",135985314.183594,61417.1639154492
1640,34637,METRO45300M45300,SA,"Tampa-St. Petersburg-Clearwater, FL MSA",51270231.5351563,37846.626096107
1641,34638,METRO45300M45300,SA,"Tampa-St. Petersburg-Clearwater, FL MSA",159691847.207031,62453.3234375238
1642,28119,METRO16740M37007,SA,"Anson County, NC HUD Metro FMR Area",259106714.398438,108992.098456582
1643,33928,METRO15980M15980,SA,"Cape Coral-Fort Myers, FL MSA",139484347.078125,91048.4182712154
1644,33909,METRO15980M15980,SA,"Cape Coral-Fort Myers, FL MSA",126727186.488281,69210.6681947509
1645,23455,METRO47260M47260,SA,"Virginia Beach-Norfolk-Newport News, VA-NC HUD Metro FMR Area",71508595.0898438,50126.4595275921
1646,33971,METRO15980M15980,SA,"Cape Coral-Fort Myers, FL MSA",55788680.5136719,50825.8445346463
1647,34714,METRO29460M29460,SA,"Lakeland-Winter Haven, FL MSA",1790504.140625,26766.8090848075
1648,34714,METRO36740M36740,SA,"Orlando-Kissimmee-Sanford, FL MSA",455369854.857422,131640.163399189
1649,33573,METRO45300M45300,SA,"Tampa-St. Petersburg-Clearwater, FL MSA",58582767.7578125,42159.2388797283
1650,53505,METRO27500M27500,SA,"Janesville-Beloit, WI MSA",106032043.027344,66673.4280437168
1651,34715,METRO36740M36740,SA,"Orlando-Kissimmee-Sanford, FL MSA",139210460.328125,90313.1758437277
1652,33957,METRO15980M15980,SA,"Cape Coral-Fort Myers, FL MSA",67387741.9082031,46229.3208230085
1653,33966,METRO15980M15980,SA,"Cape Coral-Fort Myers, FL MSA",29165827.5605469,25308.6242886213
1654,22656,METRO49020M49020,SA,"Winchester, VA-WV MSA",38279179.625,46866.3467177336
1655,28203,METRO16740M16740,SA,"Charlotte-Concord-Gastonia, NC-SC HUD Metro FMR Area",12184628.0820313,18818.8250697587
1656,34695,METRO45300M45300,SA,"Tampa-St. Petersburg-Clearwater, FL MSA",19971463.4785156,23594.4065563091
1657,28204,METRO16740M16740,SA,"Charlotte-Concord-Gastonia, NC-SC HUD Metro FMR Area",6894388.5703125,14372.7523165993
1658,24083,METRO40220M40220,SA,"Roanoke, VA HUD Metro FMR Area",43245605.8125,43168.9820989858
1659,34681,METRO45300M45300,SA,"Tampa-St. Petersburg-Clearwater, FL MSA",3127939.703125,11864.5501899696
1660,34683,METRO45300M45300,SA,"Tampa-St. Petersburg-Clearwater, FL MSA",37659431.3515625,40951.1233512886
1661,34685,METRO45300M45300,SA,"Tampa-St. Petersburg-Clearwater, FL MSA",37142213.6289063,45562.4006305595
1662,33953,METRO39460M39460,SA,"Punta Gorda, FL MSA",64454909.9238281,41870.1754934529
1663,23435,METRO47260M47260,SA,"Virginia Beach-Norfolk-Newport News, VA-NC HUD Metro FMR Area",159225230.140625,69964.9547664479
1664,33954,METRO39460M39460,SA,"Punta Gorda, FL MSA",29563036.4179688,40052.5637823175
1665,33956,METRO15980M15980,SA,"Cape Coral-Fort Myers, FL MSA",66896462.796875,48032.3953670047
1666,33596,METRO45300M45300,SA,"Tampa-St. Petersburg-Clearwater, FL MSA",39040039.4648438,35328.751292719
1667,33572,METRO45300M45300,SA,"Tampa-St. Petersburg-Clearwater, FL MSA",49152446.5,32501.9645280012
1668,44202,METRO10420M10420,SA,"Akron, OH MSA",137806070.765625,62221.0934921607
1669,44202,METRO17410N17460,SA,"Cleveland, OH HUD Metro FMR Area",7620296.14453125,21757.8489169555
1670,38016,METRO32820M32820,SA,"Memphis, TN-MS-AR HUD Metro FMR Area",70594062.5859375,48015.1120424492
1671,34759,METRO29460M29460,SA,"Lakeland-Winter Haven, FL MSA",168857544.638672,84872.3913008611
1672,33615,METRO45300M45300,SA,"Tampa-St. Petersburg-Clearwater, FL MSA",31077918.5546875,29226.9514002321
1673,33776,METRO45300M45300,SA,"Tampa-St. Petersburg-Clearwater, FL MSA",12969436.9902344,16267.1861746993
1674,38018,METRO32820M32820,SA,"Memphis, TN-MS-AR HUD Metro FMR Area",72732088.8164063,50440.355437012
1675,33609,METRO45300M45300,SA,"Tampa-St. Petersburg-Clearwater, FL MSA",13563477.0566406,20753.2651707565
1676,33617,METRO45300M45300,SA,"Tampa-St. Petersburg-Clearwater, FL MSA",30708911.4453125,34649.9563567055
1677,23604,METRO47260M47260,SA,"Virginia Beach-Norfolk-Newport News, VA-NC HUD Metro FMR Area",50517272.4140625,49743.0259502074
1678,34108,METRO34940M34940,SA,"Naples-Marco Island, FL MSA",28956633.3222656,29041.3928335944
1679,28278,METRO16740M16740,SA,"Charlotte-Concord-Gastonia, NC-SC HUD Metro FMR Area",126636393.351563,80511.9277847334
1680,64436,METRO41140M41140,SA,"St. Joseph, MO-KS MSA",136378223.863281,68159.2843041065
1681,33611,METRO45300M45300,SA,"Tampa-St. Petersburg-Clearwater, FL MSA",21509891.2890625,25194.2107652032
1682,28262,METRO16740M16740,SA,"Charlotte-Concord-Gastonia, NC-SC HUD Metro FMR Area",82314721.90625,51805.8830920308
1683,28269,METRO16740M16740,SA,"Charlotte-Concord-Gastonia, NC-SC HUD Metro FMR Area",120147154.144531,61885.6211994236
1684,28270,METRO16740M16740,SA,"Charlotte-Concord-Gastonia, NC-SC HUD Metro FMR Area",48456595.546875,56493.1131882987
1685,37931,METRO28940M28940,SA,"Knoxville, TN HUD Metro FMR Area",114585052.828125,91027.7761518129
1686,29729,METRO16740N45023,SA,"Chester County, SC HUD Metro FMR Area",267602409.257813,109683.090463878
1687,23457,METRO47260M47260,SA,"Virginia Beach-Norfolk-Newport News, VA-NC HUD Metro FMR Area",429699860.320313,94417.3508839183
1688,28673,METRO25860M25860,SA,"Hickory-Lenoir-Morganton, NC MSA",109776286.316406,95389.6556481584
1689,34797,METRO36740M36740,SA,"Orlando-Kissimmee-Sanford, FL MSA",16177197.5527344,22633.7351036611
1690,33813,METRO29460M29460,SA,"Lakeland-Winter Haven, FL MSA",77995704.8183594,67937.7511584243
1691,23691,METRO47260M47260,SA,"Virginia Beach-Norfolk-Newport News, VA-NC HUD Metro FMR Area",71788928.2070313,52216.8753439824
1692,44280,METRO17410N17460,SA,"Cleveland, OH HUD Metro FMR Area",116218284.789063,56526.8525168863
1693,23692,METRO47260M47260,SA,"Virginia Beach-Norfolk-Newport News, VA-NC HUD Metro FMR Area",90247547.25,75793.6390849544
1694,29464,METRO16700M16700,SA,"Charleston-North Charleston, SC MSA",130086918.855469,53480.4259931739
1695,28682,METRO25860M25860,SA,"Hickory-Lenoir-Morganton, NC MSA",26730042.9960938,40957.049977208
1696,34773,METRO36740M36740,SA,"Orlando-Kissimmee-Sanford, FL MSA",1070968806.11133,232822.695851951
1697,33708,METRO45300M45300,SA,"Tampa-St. Petersburg-Clearwater, FL MSA",22009314.3398438,38071.0359401117
1698,33647,METRO45300M45300,SA,"Tampa-St. Petersburg-Clearwater, FL MSA",113134828.318359,63700.5429087262
1699,44251,METRO17410N17460,SA,"Cleveland, OH HUD Metro FMR Area",6726055.49609375,12304.6614868634
1700,23651,METRO47260M47260,SA,"Virginia Beach-Norfolk-Newport News, VA-NC HUD Metro FMR Area",5998339.6953125,16288.2617382346
1701,33703,METRO45300M45300,SA,"Tampa-St. Petersburg-Clearwater, FL MSA",19477946.7617188,23704.1313088026
1702,34772,METRO36740M36740,SA,"Orlando-Kissimmee-Sanford, FL MSA",366384869.259766,104944.505017792
1703,34145,METRO34940M34940,SA,"Naples-Marco Island, FL MSA",91551398.5390625,56553.3916774979
1704,29466,METRO16700M16700,SA,"Charleston-North Charleston, SC MSA",130951244.246094,59417.4052416631
1705,33629,METRO45300M45300,SA,"Tampa-St. Petersburg-Clearwater, FL MSA",16389040.1132813,19735.531267836
1706,34201,METRO35840M35840,SA,"North Port-Bradenton-Sarasota, FL MSA",11638518.8125,17886.4477128225
1707,33634,METRO45300M45300,SA,"Tampa-St. Petersburg-Clearwater, FL MSA",30128168.3046875,29860.4483344903
1708,23059,METRO40060M40060,SA,"Richmond, VA HUD Metro FMR Area",191948424.980469,104544.469995948
1709,27712,METRO20500M20500,SA,"Durham-Chapel Hill, NC HUD Metro FMR Area",134239068.5625,85255.856931714
1710,34134,METRO15980M15980,SA,"Cape Coral-Fort Myers, FL MSA",57410631.1738281,62117.5874820211
1711,34135,METRO15980M15980,SA,"Cape Coral-Fort Myers, FL MSA",205869810.496094,69480.8910619025
1712,34232,METRO35840M35840,SA,"North Port-Bradenton-Sarasota, FL MSA",37523635.40625,27159.8416517351
1713,23801,METRO40060M40060,SA,"Richmond, VA HUD Metro FMR Area",27064471.4453125,22350.5743922496
1714,33837,METRO29460M29460,SA,"Lakeland-Winter Haven, FL MSA",181747691.6875,71965.7248313419
1715,45066,METRO19430M19430,SA,"Dayton-Kettering-Beavercreek, OH MSA",895881.09375,5567.70990036663
1716,34990,METRO38940M38940,SA,"Port St. Lucie, FL MSA",355697286.490234,109070.17930118
1717,23120,METRO40060M40060,SA,"Richmond, VA HUD Metro FMR Area",262765140.640625,95591.1381737734
1718,29909,METRO25940N45013,SA,"Beaufort County, SC HUD Metro FMR Area",279185325.583984,123039.925522265
1719,29909,METRO25940N45053,SA,"Jasper County, SC HUD Metro FMR Area",4666098.265625,33436.9594001114
1720,29579,METRO34820M34820,SA,"Myrtle Beach-North Myrtle Beach-Conway, SC HUD Metro FMR Area",202715687.800781,95529.9706129594
1721,38103,METRO32820M32820,SA,"Memphis, TN-MS-AR HUD Metro FMR Area",15710669.6015625,31478.9739717338
1722,33711,METRO45300M45300,SA,"Tampa-St. Petersburg-Clearwater, FL MSA",19125394.8496094,26565.7148162411
1723,28709,METRO11700M11700,SA,"Asheville, NC MSA",203099609.148438,65178.2114533002
1724,33712,METRO45300M45300,SA,"Tampa-St. Petersburg-Clearwater, FL MSA",23485202.4882813,29568.8429544508
1725,33441,METRO33100MM2680,SA,"Fort Lauderdale, FL HUD Metro FMR Area",15926150.9101563,20966.6908106654
1726,37014,METRO34980M34980,SA,"Nashville-Davidson--Murfreesboro--Franklin, TN HUD Metro FMR Area",87019478.125,78244.1181578939
1727,33144,METRO33100MM5000,SA,"Miami-Miami Beach-Kendall, FL HUD Metro FMR Area",10039686.75,15982.3858687292
1728,43215,METRO18140M18140,SA,"Columbus, OH HUD Metro FMR Area",25035054.125,36707.2784736689
1729,33130,METRO33100MM5000,SA,"Miami-Miami Beach-Kendall, FL HUD Metro FMR Area",3602762.83789063,10953.8017632254
1730,33145,METRO33100MM5000,SA,"Miami-Miami Beach-Kendall, FL HUD Metro FMR Area",8177705.13671875,15354.9513611651
1731,32779,METRO36740M36740,SA,"Orlando-Kissimmee-Sanford, FL MSA",66734802.5214844,42372.333319511
1732,37204,METRO34980M34980,SA,"Nashville-Davidson--Murfreesboro--Franklin, TN HUD Metro FMR Area",28982257.4453125,29499.0973758967
1733,32789,METRO36740M36740,SA,"Orlando-Kissimmee-Sanford, FL MSA",32467684.4023438,34710.5272038274
1734,33410,METRO33100MM8960,SA,"West Palm Beach-Boca Raton, FL HUD Metro FMR Area",38394355.6542969,43116.8216947326
1735,32792,METRO36740M36740,SA,"Orlando-Kissimmee-Sanford, FL MSA",43360213.9160156,39733.0947106783
1736,32801,METRO36740M36740,SA,"Orlando-Kissimmee-Sanford, FL MSA",7853714.33398438,17757.4732969664
1737,29229,METRO17900M17900,SA,"Columbia, SC HUD Metro FMR Area",69543097.7304688,75729.6607557459
1738,22060,METRO47900M47900,SA,"Washington-Arlington-Alexandria, DC-VA-MD HUD Metro FMR Area",62831710.8398438,40914.2824948152
1739,49301,METRO24340M24340,SA,"Grand Rapids-Wyoming, MI HUD Metro FMR Area",280859210.511719,120520.695747241
1740,33131,METRO33100MM5000,SA,"Miami-Miami Beach-Kendall, FL HUD Metro FMR Area",4374701.75585938,12622.3438534314
1741,30809,METRO12260M12260,SA,"Augusta-Richmond County, GA-SC HUD Metro FMR Area",170337382.832031,72812.4135326819
1742,33134,METRO33100MM5000,SA,"Miami-Miami Beach-Kendall, FL HUD Metro FMR Area",16822863.8808594,18312.8316315077
1743,37135,METRO34980M34980,SA,"Nashville-Davidson--Murfreesboro--Franklin, TN HUD Metro FMR Area",146117683.945313,79950.9601209693
1744,32831,METRO36740M36740,SA,"Orlando-Kissimmee-Sanford, FL MSA",37018184.2226563,27980.3021512737
1745,33156,METRO33100MM5000,SA,"Miami-Miami Beach-Kendall, FL HUD Metro FMR Area",47385373.9707031,38900.2280467749
1746,32832,METRO36740M36740,SA,"Orlando-Kissimmee-Sanford, FL MSA",202653053.193359,77403.0415196408
1747,32837,METRO36740M36740,SA,"Orlando-Kissimmee-Sanford, FL MSA",61738289.4335938,37668.189803431
1748,60464,METRO16980M16980,SA,"Chicago-Joliet-Naperville, IL HUD Metro FMR Area",66585544.25,47153.2380720638
1749,33160,METRO33100MM5000,SA,"Miami-Miami Beach-Kendall, FL HUD Metro FMR Area",20973788.015625,35986.3265594962
1750,22314,METRO47900M47900,SA,"Washington-Arlington-Alexandria, DC-VA-MD HUD Metro FMR Area",17128454.9414063,28579.1474555552
1751,31909,METRO17980M17980,SA,"Columbus, GA-AL HUD Metro FMR Area",68781090.8164063,42306.6564439912
1752,33496,METRO33100MM8960,SA,"West Palm Beach-Boca Raton, FL HUD Metro FMR Area",34667551.9667969,29183.5198725751
1753,32817,METRO36740M36740,SA,"Orlando-Kissimmee-Sanford, FL MSA",42494241.09375,37516.5154530977
1754,60640,METRO16980M16980,SA,"Chicago-Joliet-Naperville, IL HUD Metro FMR Area",10909213.125,16523.9351994269
1755,32542,METRO18880M18880,SA,"Crestview-Fort Walton Beach-Destin, FL HUD Metro FMR Area",301386767.464844,201193.364400444
1756,33498,METRO33100MM8960,SA,"West Palm Beach-Boca Raton, FL HUD Metro FMR Area",32496137.6738281,33239.989587234
1757,60502,METRO16980M16980,SA,"Chicago-Joliet-Naperville, IL HUD Metro FMR Area",53054364.8203125,56533.5392121701
1758,33155,METRO33100MM5000,SA,"Miami-Miami Beach-Kendall, FL HUD Metro FMR Area",25351205.7148438,21364.3795900032
1759,29036,METRO17900M17900,SA,"Columbia, SC HUD Metro FMR Area",262194650.699219,93317.1461435921
1760,32828,METRO36740M36740,SA,"Orlando-Kissimmee-Sanford, FL MSA",71443420.3632813,40008.6937369046
1761,55779,METRO20260M20260,SA,"Duluth, MN-WI MSA",719947836.460938,181787.188520727
1762,59804,METRO33540M33540,SA,"Missoula, MT HUD Metro FMR Area",706948053.710938,147468.622150436
1763,33458,METRO33100MM8960,SA,"West Palm Beach-Boca Raton, FL HUD Metro FMR Area",56880718.0351563,33979.0794046079
1764,33458,METRO38940M38940,SA,"Port St. Lucie, FL MSA",13588515.6699219,28425.2344552433
1765,27502,METRO20500M20500,SA,"Durham-Chapel Hill, NC HUD Metro FMR Area",22914698.734375,36885.3431781193
1766,32814,METRO36740M36740,SA,"Orlando-Kissimmee-Sanford, FL MSA",5398126.44921875,13605.8185883255
1767,33154,METRO33100MM5000,SA,"Miami-Miami Beach-Kendall, FL HUD Metro FMR Area",10303209.0058594,18813.225059751
1768,32508,METRO37860M37860,SA,"Pensacola-Ferry Pass-Brent, FL MSA",28747130.2675781,28464.6178756052
1769,31808,METRO17980M17980,SA,"Columbus, GA-AL HUD Metro FMR Area",208117416.390625,100043.397042569
1770,33449,METRO33100MM8960,SA,"West Palm Beach-Boca Raton, FL HUD Metro FMR Area",52981981.890625,34446.3134866866
1771,22308,METRO47900M47900,SA,"Washington-Arlington-Alexandria, DC-VA-MD HUD Metro FMR Area",19855491.7578125,19459.7874068805
1772,37205,METRO34980M34980,SA,"Nashville-Davidson--Murfreesboro--Franklin, TN HUD Metro FMR Area",56687356.2578125,51758.8335869171
1773,32606,METRO23540M23540,SA,"Gainesville, FL HUD Metro FMR Area",53314336.375,55912.0939646782
1774,60712,METRO16980M16980,SA,"Chicago-Joliet-Naperville, IL HUD Metro FMR Area",12634771.2265625,16726.5019651926
1775,33176,METRO33100MM5000,SA,"Miami-Miami Beach-Kendall, FL HUD Metro FMR Area",39589459.9746094,35388.3943911121
1776,60521,METRO16980M16980,SA,"Chicago-Joliet-Naperville, IL HUD Metro FMR Area",22481277.1445313,26455.8690138529
1777,60657,METRO16980M16980,SA,"Chicago-Joliet-Naperville, IL HUD Metro FMR Area",10880148.2578125,20521.8413163392
1778,33549,METRO45300M45300,SA,"Tampa-St. Petersburg-Clearwater, FL MSA",44735123.8242188,40617.0937472715
1779,32561,METRO37860M37860,SA,"Pensacola-Ferry Pass-Brent, FL MSA",109368601.96875,109714.66108109
1780,30519,METRO12060M12060,SA,"Atlanta-Sandy Springs-Roswell, GA HUD Metro FMR Area",114238172.195313,75833.5136206035
1781,30519,METRO23580M23580,SA,"Gainesville, GA MSA",14495542.7695313,31185.2252878125
1782,29404,METRO16700M16700,SA,"Charleston-North Charleston, SC MSA",18641560.9433594,27966.2238305275
1783,32903,METRO37340M37340,SA,"Palm Bay-Melbourne-Titusville, FL MSA",27545743.2675781,24367.0216009007
1784,33187,METRO33100MM5000,SA,"Miami-Miami Beach-Kendall, FL HUD Metro FMR Area",362682942.890625,126622.906274303
1785,59640,METRO25740N30049,SA,"Lewis and Clark County, MT HUD Metro FMR Area",111456905.664063,51667.9002793451
1786,33478,METRO33100MM8960,SA,"West Palm Beach-Boca Raton, FL HUD Metro FMR Area",173510598.3125,65102.8618058925
1787,33478,METRO38940M38940,SA,"Port St. Lucie, FL MSA",42703251.5097656,35088.3752514454
1788,37220,METRO34980M34980,SA,"Nashville-Davidson--Murfreesboro--Franklin, TN HUD Metro FMR Area",31102838.25,33093.7700448734
1789,60564,METRO16980M16980,SA,"Chicago-Joliet-Naperville, IL HUD Metro FMR Area",75326711.8867188,43449.4510571358
1790,33480,METRO33100MM8960,SA,"West Palm Beach-Boca Raton, FL HUD Metro FMR Area",24082646.9023438,48945.9741126902
1791,60565,METRO16980M16980,SA,"Chicago-Joliet-Naperville, IL HUD Metro FMR Area",61004871.3515625,46351.4441609529
1792,33483,METRO33100MM8960,SA,"West Palm Beach-Boca Raton, FL HUD Metro FMR Area",13637417.859375,26766.9746298749
1793,33486,METRO33100MM8960,SA,"West Palm Beach-Boca Raton, FL HUD Metro FMR Area",17643653.75,19568.1959475443
1794,32940,METRO37340M37340,SA,"Palm Bay-Melbourne-Titusville, FL MSA",196153120.974609,70354.6270041279
1795,33178,METRO33100MM5000,SA,"Miami-Miami Beach-Kendall, FL HUD Metro FMR Area",223795594.927734,90564.6546237905
1796,33301,METRO33100MM2680,SA,"Fort Lauderdale, FL HUD Metro FMR Area",8429885.84765625,15308.4017590936
1797,33569,METRO45300M45300,SA,"Tampa-St. Petersburg-Clearwater, FL MSA",48512491.3027344,44531.4623588886
1798,22066,METRO47900M47900,SA,"Washington-Arlington-Alexandria, DC-VA-MD HUD Metro FMR Area",111105427.527344,52276.5779049676
1799,33009,METRO33100MM2680,SA,"Fort Lauderdale, FL HUD Metro FMR Area",17006240.6875,20318.6256900039
1800,33185,METRO33100MM5000,SA,"Miami-Miami Beach-Kendall, FL HUD Metro FMR Area",22755236.0625,23792.1197188224
1801,37215,METRO34980M34980,SA,"Nashville-Davidson--Murfreesboro--Franklin, TN HUD Metro FMR Area",60850131.4257813,51851.5032365458
1802,33186,METRO33100MM5000,SA,"Miami-Miami Beach-Kendall, FL HUD Metro FMR Area",42685039.8457031,37841.0671363004
1803,33477,METRO33100MM8960,SA,"West Palm Beach-Boca Raton, FL HUD Metro FMR Area",24042169.9726563,26331.1906563258
1804,37069,METRO34980M34980,SA,"Nashville-Davidson--Murfreesboro--Franklin, TN HUD Metro FMR Area",144197581.804688,82047.9681317919
1805,46814,METRO23060M23060,SA,"Fort Wayne, IN HUD Metro FMR Area",86852419.9335938,53420.5389647878
1806,32950,METRO37340M37340,SA,"Palm Bay-Melbourne-Titusville, FL MSA",71157309.2910156,39323.533468123
1807,33027,METRO33100MM2680,SA,"Fort Lauderdale, FL HUD Metro FMR Area",45142322.9414063,26937.0675295125
1808,33435,METRO33100MM8960,SA,"West Palm Beach-Boca Raton, FL HUD Metro FMR Area",23475584.4042969,32376.5134078413
1809,31220,METRO31420M31420,SA,"Macon-Bibb County, GA HUD Metro FMR Area",108288500.605469,63509.0481427294
1810,60610,METRO16980M16980,SA,"Chicago-Joliet-Naperville, IL HUD Metro FMR Area",5283434.76953125,13062.4696487568
1811,33313,METRO33100MM2680,SA,"Fort Lauderdale, FL HUD Metro FMR Area",20508497.7792969,26627.4773084337
1812,60614,METRO16980M16980,SA,"Chicago-Joliet-Naperville, IL HUD Metro FMR Area",15844870.8828125,24938.6853116818
1813,32713,METRO19660M19660,SA,"Deltona-Daytona Beach-Ormond Beach, FL HUD Metro FMR Area",74186707.8652344,48672.0373021873
1814,61011,METRO40420M40420,SA,"Rockford, IL MSA",183472300.976563,97244.8672897742
1815,63131,METRO41180M41180,SA,"St. Louis, MO-IL HUD Metro FMR Area",57921153.0976563,48445.40913741
1816,33314,METRO33100MM2680,SA,"Fort Lauderdale, FL HUD Metro FMR Area",29433703.4433594,26839.4790931121
1817,32714,METRO36740M36740,SA,"Orlando-Kissimmee-Sanford, FL MSA",30040402.3515625,25953.1645194598
1818,33315,METRO33100MM2680,SA,"Fort Lauderdale, FL HUD Metro FMR Area",17003564.0664063,19991.2728171698
1819,33433,METRO33100MM8960,SA,"West Palm Beach-Boca Raton, FL HUD Metro FMR Area",30578846.9023438,24072.3241249956
1820,33015,METRO33100MM5000,SA,"Miami-Miami Beach-Kendall, FL HUD Metro FMR Area",20963795.0195313,21440.9003217228
1821,32669,METRO23540M12075,SA,"Levy County, FL HUD Metro FMR Area",16993528.578125,23653.9769694024
1822,60603,METRO16980M16980,SA,"Chicago-Joliet-Naperville, IL HUD Metro FMR Area",596357.171875,4740.66964042929
1823,60604,METRO16980M16980,SA,"Chicago-Joliet-Naperville, IL HUD Metro FMR Area",318861.94921875,3149.65262240242
1824,33418,METRO33100MM8960,SA,"West Palm Beach-Boca Raton, FL HUD Metro FMR Area",150916479.705078,65629.4660332035
1825,33432,METRO33100MM8960,SA,"West Palm Beach-Boca Raton, FL HUD Metro FMR Area",16464128.2792969,19481.9502723198
1826,22182,METRO47900M47900,SA,"Washington-Arlington-Alexandria, DC-VA-MD HUD Metro FMR Area",53772572.3867188,57666.4443897836
1827,33304,METRO33100MM2680,SA,"Fort Lauderdale, FL HUD Metro FMR Area",11029638.0429688,23911.1984905189
1828,33328,METRO33100MM2680,SA,"Fort Lauderdale, FL HUD Metro FMR Area",29790891.6386719,24456.6040745874
1829,33330,METRO33100MM2680,SA,"Fort Lauderdale, FL HUD Metro FMR Area",36029788.890625,27083.9707101245
1830,33332,METRO33100MM2680,SA,"Fort Lauderdale, FL HUD Metro FMR Area",111844600.667969,74167.1183617948
1831,59716,METRO14580M14580,SA,"Bozeman, MT MSA",149662541.265625,76710.4788744052
1832,60446,METRO16980M16980,SA,"Chicago-Joliet-Naperville, IL HUD Metro FMR Area",95806394.6523438,78555.9750567021
1833,33062,METRO33100MM2680,SA,"Fort Lauderdale, FL HUD Metro FMR Area",14118289.9707031,33803.2890287217
1834,32746,METRO36740M36740,SA,"Orlando-Kissimmee-Sanford, FL MSA",76410535.7148438,62318.4195310148
1835,33327,METRO33100MM2680,SA,"Fort Lauderdale, FL HUD Metro FMR Area",479395472.222656,106548.712437316
1836,32763,METRO19660M19660,SA,"Deltona-Daytona Beach-Ormond Beach, FL HUD Metro FMR Area",71980647.8847656,46686.6385453899
1837,31314,METRO25980M25980,SA,"Hinesville, GA HUD Metro FMR Area",173233189.517578,121158.665791285
1838,33326,METRO33100MM2680,SA,"Fort Lauderdale, FL HUD Metro FMR Area",26219647.9316406,26867.6562107834
1839,31322,METRO42340M42340,SA,"Savannah, GA MSA",107887112.757813,74509.0212466234
1840,30350,METRO12060M12060,SA,"Atlanta-Sandy Springs-Roswell, GA HUD Metro FMR Area",49612930.3359375,44533.893570141
1841,29152,METRO44940M44940,SA,"Sumter, SC MSA",19379669.1679688,23536.2485427105
1842,20169,METRO47900M47900,SA,"Washington-Arlington-Alexandria, DC-VA-MD HUD Metro FMR Area",161126866.566406,70921.4282695575
1843,33319,METRO33100MM2680,SA,"Fort Lauderdale, FL HUD Metro FMR Area",22192494.3535156,23578.3396312585
1844,61065,METRO40420M40420,SA,"Rockford, IL MSA",244058091.496094,113296.777139636
1845,33325,METRO33100MM2680,SA,"Fort Lauderdale, FL HUD Metro FMR Area",31396445.7871094,31840.344194149
1846,36505,METRO33660M33660,SA,"Mobile, AL MSA",107320575.996094,62420.9723201025
1847,10021,METRO35620MM5600,SA,"New York, NY HUD Metro FMR Area",1603986.9375,6289.78698571937
1848,02115,METRO14460MM1120,SA,"Boston-Cambridge-Quincy, MA-NH HUD Metro FMR Area",3431568.40234375,14062.8370493853
1849,93021,METRO37100M37100,SA,"Oxnard-Thousand Oaks-Ventura, CA MSA",182835171.785156,81783.0516055091
1850,91203,METRO31080MM4480,SA,"Los Angeles-Long Beach-Glendale, CA HUD Metro FMR Area",3366730.41796875,8972.79252819855
1851,94503,METRO34900M34900,SA,"Napa, CA MSA",82314637.3242188,57715.2369516325
1852,92782,METRO31080MM5945,SA,"Santa Ana-Anaheim-Irvine, CA HUD Metro FMR Area",19454107.1953125,36382.0655073135
1853,02155,METRO14460MM1120,SA,"Boston-Cambridge-Quincy, MA-NH HUD Metro FMR Area",41565932.7109375,34073.0761580819
1854,11358,METRO35620MM5600,SA,"New York, NY HUD Metro FMR Area",8838114.55859375,13721.6533464123
1855,79703,METRO33260M33260,SA,"Midland, TX HUD Metro FMR Area",23432907.4882813,23107.6694114545
1856,95618,METRO40900MM9270,SA,"Yolo, CA HUD Metro FMR Area",105376102.359375,50287.2941510382
1857,95618,METRO46700M46700,SA,"Vallejo, CA MSA",30961539.5429688,31288.6335369151
1858,79758,METRO36220M36220,SA,"Odessa, TX MSA",183248799.9375,82597.773521601
1859,11373,METRO35620MM5600,SA,"New York, NY HUD Metro FMR Area",6834191.52734375,12205.4096186803
1860,29412,METRO16700M16700,SA,"Charleston-North Charleston, SC MSA",181204388.179688,74280.3959992648
1861,08346,METRO12100M12100,SA,"Atlantic City-Hammonton, NJ HUD Metro FMR Area",10680153.0195313,14654.7164957514
1862,10501,METRO35620MM5600,SA,"New York, NY HUD Metro FMR Area",7305146.6328125,20249.8985095972
1863,78234,METRO41700M41700,SA,"San Antonio-New Braunfels, TX HUD Metro FMR Area",17453620.5546875,27357.5207625225
1864,79906,METRO21340M21340,SA,"El Paso, TX HUD Metro FMR Area",16252440.53125,37620.1402320148
1865,79916,METRO21340M21340,SA,"El Paso, TX HUD Metro FMR Area",43387328.4648438,46071.734150472
1866,94306,METRO41940M41940,SA,"San Jose-Sunnyvale-Santa Clara, CA HUD Metro FMR Area",16824074.046875,33373.8123296933
1867,32732,METRO36740M36740,SA,"Orlando-Kissimmee-Sanford, FL MSA",211411515.740234,96660.0081355982
1868,94547,METRO41860MM5775,SA,"Oakland-Fremont, CA HUD Metro FMR Area",23969498.3476563,25538.2601839293
1869,91730,METRO40140M40140,SA,"Riverside-San Bernardino-Ontario, CA MSA",52000653.4648438,33837.815754206
1870,95612,METRO40900MM9270,SA,"Yolo, CA HUD Metro FMR Area",250114429.371094,78122.6854413929
1871,95624,METRO40900M40900,SA,"Sacramento--Roseville--Arden-Arcade, CA HUD Metro FMR Area",192689498.507813,81416.4294102599
1872,95626,METRO49700M49700,SA,"Yuba City, CA MSA",27119580.9375,37312.2798550902
1873,95630,METRO40900M40900,SA,"Sacramento--Roseville--Arden-Arcade, CA HUD Metro FMR Area",120752592.601563,66061.2339123328
1874,95635,METRO40900M40900,SA,"Sacramento--Roseville--Arden-Arcade, CA HUD Metro FMR Area",126741230.640625,89776.2054776874
1875,90010,METRO31080MM4480,SA,"Los Angeles-Long Beach-Glendale, CA HUD Metro FMR Area",1456782.53515625,15992.0293592844
1876,33066,METRO33100MM2680,SA,"Fort Lauderdale, FL HUD Metro FMR Area",10289892.6660156,13895.5110061843
1877,95648,METRO40900M40900,SA,"Sacramento--Roseville--Arden-Arcade, CA HUD Metro FMR Area",622394110.285156,152530.319894039
1878,95661,METRO40900M40900,SA,"Sacramento--Roseville--Arden-Arcade, CA HUD Metro FMR Area",38188421.8320313,28866.9032081344
1879,95662,METRO40900M40900,SA,"Sacramento--Roseville--Arden-Arcade, CA HUD Metro FMR Area",46662305.1171875,38973.4805513466
1880,33068,METRO33100MM2680,SA,"Fort Lauderdale, FL HUD Metro FMR Area",21000944.7109375,21804.5989274426
1881,95672,METRO40900M40900,SA,"Sacramento--Roseville--Arden-Arcade, CA HUD Metro FMR Area",92984567.9921875,66137.3589113826
1882,78236,METRO41700M41700,SA,"San Antonio-New Braunfels, TX HUD Metro FMR Area",16817529.4921875,26704.0196062754
1883,33183,METRO33100MM5000,SA,"Miami-Miami Beach-Kendall, FL HUD Metro FMR Area",18726024.6777344,21618.691731218
1884,31411,METRO42340M42340,SA,"Savannah, GA MSA",93456177.3808594,63273.0777496601
1885,33073,METRO33100MM2680,SA,"Fort Lauderdale, FL HUD Metro FMR Area",28413612.140625,26031.6855531235
1886,33109,METRO33100MM5000,SA,"Miami-Miami Beach-Kendall, FL HUD Metro FMR Area",2030162.40625,6623.67189604612
1887,02108,METRO14460MM1120,SA,"Boston-Cambridge-Quincy, MA-NH HUD Metro FMR Area",1317777.0546875,7584.61806203588
1888,08345,METRO47220M47220,SA,"Vineland, NJ MSA",133596685.066406,93811.1289561874
1889,40026,METRO31140M31140,SA,"Louisville, KY-IN HUD Metro FMR Area",132326133.59375,65335.761068015
1890,38139,METRO32820M32820,SA,"Memphis, TN-MS-AR HUD Metro FMR Area",34000232.7226563,28068.8941139126
1891,08560,METRO45940M45940,SA,"Trenton-Princeton, NJ MSA",60171977.4101563,40600.7857405095
1892,06335,METRO35980M35980,SA,"Norwich-New London-Willimantic, CT MSA",55633486.5039063,34097.2193054066
1893,08225,METRO12100M12100,SA,"Atlantic City-Hammonton, NJ HUD Metro FMR Area",33049707.8554688,29562.1946340862
1894,32256,METRO27260M27260,SA,"Jacksonville, FL HUD Metro FMR Area",215579877.244141,65517.5566247135
1895,32222,METRO27260M27260,SA,"Jacksonville, FL HUD Metro FMR Area",39804170.6777344,35470.2027777849
1896,10580,METRO35620MM5600,SA,"New York, NY HUD Metro FMR Area",39375197.8828125,41450.3176996128
1897,33019,METRO33100MM2680,SA,"Fort Lauderdale, FL HUD Metro FMR Area",15393627.9335938,22543.3949170882
1898,33122,METRO33100MM5000,SA,"Miami-Miami Beach-Kendall, FL HUD Metro FMR Area",8090167.62695313,25292.4937200582
1899,21401,METRO12580M12580,SA,"Baltimore-Columbia-Towson, MD MSA",95225001.7695313,67946.2360830687
1900,23322,METRO47260M47260,SA,"Virginia Beach-Norfolk-Newport News, VA-NC HUD Metro FMR Area",784139007.726563,176107.837863537
1901,22201,METRO47900M47900,SA,"Washington-Arlington-Alexandria, DC-VA-MD HUD Metro FMR Area",9835557.484375,18009.8776617212
1902,35213,METRO13820M13820,SA,"Birmingham-Hoover, AL HUD Metro FMR Area",23694357.9023438,36304.2678710922
1903,48098,METRO19820M19820,SA,"Detroit-Warren-Livonia, MI HUD Metro FMR Area",45031089.6875,27315.9566210877
1904,18912,METRO37980M37980,SA,"Philadelphia-Camden-Wilmington, PA-NJ-DE-MD MSA",5430716.07421875,15197.5220007284
1905,10001,METRO35620MM5600,SA,"New York, NY HUD Metro FMR Area",2826515.765625,12220.698922707
1906,34433,METRO26140M26140,SA,"Homosassa Springs, FL MSA",117202536.158203,64896.8548457388
1907,96734,METRO46520M46520,SA,"Urban Honolulu, HI MSA",65930524.0234375,60072.6328441284
1908,30005,METRO12060M12060,SA,"Atlanta-Sandy Springs-Roswell, GA HUD Metro FMR Area",61186190.1210938,52479.1167664773
1909,07078,METRO35620MM5640,SA,"Newark, NJ HUD Metro FMR Area",38576696.2734375,32247.7700424665
1910,07042,METRO35620MM5640,SA,"Newark, NJ HUD Metro FMR Area",17169281.546875,18681.4553486034
1911,07024,METRO35620MM0875,SA,"Bergen-Passaic, NJ HUD Metro FMR Area",12966055.859375,18868.0991437731
1912,96744,METRO46520M46520,SA,"Urban Honolulu, HI MSA",102912416.445313,72407.6393579727
1913,93611,METRO23420M23420,SA,"Fresno, CA HUD Metro FMR Area",41871168.3710938,44225.5392691603
1914,30329,METRO12060M12060,SA,"Atlanta-Sandy Springs-Roswell, GA HUD Metro FMR Area",20699175.0625,34300.6743544477
1915,89166,METRO29820M29820,SA,"Las Vegas-Henderson-North Las Vegas, NV MSA",699248645.660156,166456.375727409
1916,89179,METRO29820M29820,SA,"Las Vegas-Henderson-North Las Vegas, NV MSA",462502755.929688,108390.299691477
1917,90013,METRO31080MM4480,SA,"Los Angeles-Long Beach-Glendale, CA HUD Metro FMR Area",2726544.109375,8986.79596535438
1918,07310,METRO35620MM3640,SA,"Jersey City, NJ HUD Metro FMR Area",4469929.03125,10079.8157180734
1919,07090,METRO35620MM5640,SA,"Newark, NJ HUD Metro FMR Area",30487870.4335938,29497.3708880715
1920,18977,METRO37980M37980,SA,"Philadelphia-Camden-Wilmington, PA-NJ-DE-MD MSA",21582742.4765625,31538.8922448161
1921,60586,METRO16980M16980,SA,"Chicago-Joliet-Naperville, IL HUD Metro FMR Area",60141473.2148438,36645.4276851144
1922,60586,METRO16980MM3780,SA,"Kendall County, IL HUD Metro FMR Area",21558549.7773438,25281.1109145441
1923,67230,METRO48620M48620,SA,"Wichita, KS HUD Metro FMR Area",41305342.0585938,31001.265292696
1924,94020,METRO41860MM7360,SA,"San Francisco, CA HUD Metro FMR Area",172221412.601563,87372.4675029833
1925,75205,METRO19100M19100,SA,"Dallas, TX HUD Metro FMR Area",16080366.734375,18170.52571213
1926,78015,METRO41700M41700,SA,"San Antonio-New Braunfels, TX HUD Metro FMR Area",47539634.953125,43084.216767227
1927,00969,METRO41980MM7440,SA,"San Juan-Guaynabo, PR HUD Metro FMR Area",14598807.7773438,32531.0051397914
1928,10547,METRO35620MM5600,SA,"New York, NY HUD Metro FMR Area",23370022.3046875,23594.2657542093
1929,90069,METRO31080MM4480,SA,"Los Angeles-Long Beach-Glendale, CA HUD Metro FMR Area",8097546.26953125,13679.4551095673
1930,93651,METRO23420M23420,SA,"Fresno, CA HUD Metro FMR Area",66271263.734375,60456.2421996839
1931,77056,METRO26420M26420,SA,"Houston-The Woodlands-Sugar Land, TX HUD Metro FMR Area",11934601.2148438,18358.5439648977
1932,19428,METRO37980M37980,SA,"Philadelphia-Camden-Wilmington, PA-NJ-DE-MD MSA",34011682.4179688,48980.1017259878
1933,91789,METRO31080MM4480,SA,"Los Angeles-Long Beach-Glendale, CA HUD Metro FMR Area",60163518.203125,54783.5618771068
1934,20001,METRO47900M47900,SA,"Washington-Arlington-Alexandria, DC-VA-MD HUD Metro FMR Area",9074539.1640625,19205.682593319
1935,92509,METRO40140M40140,SA,"Riverside-San Bernardino-Ontario, CA MSA",118756693.226563,47206.2746443852
1936,11230,METRO35620MM5600,SA,"New York, NY HUD Metro FMR Area",8313403.859375,13504.8913622056
1937,92324,METRO40140M40140,SA,"Riverside-San Bernardino-Ontario, CA MSA",106554236.140625,98789.1140812976
1938,90732,METRO31080MM4480,SA,"Los Angeles-Long Beach-Glendale, CA HUD Metro FMR Area",13344653.421875,29589.7573206434
1939,11223,METRO35620MM5600,SA,"New York, NY HUD Metro FMR Area",9324207.8515625,13530.7367584543
1940,93711,METRO23420M23420,SA,"Fresno, CA HUD Metro FMR Area",46946552.7109375,48085.3829422319
1941,93401,METRO42020M42020,SA,"San Luis Obispo-Paso Robles, CA MSA",249606389.988281,90890.7975739911
1942,93955,METRO41500M41500,SA,"Salinas, CA MSA",104858106.929688,52968.1519987428
1943,10560,METRO35620MM5600,SA,"New York, NY HUD Metro FMR Area",102476067.667969,51257.3269594694
1944,77003,METRO26420M26420,SA,"Houston-The Woodlands-Sugar Land, TX HUD Metro FMR Area",9530218.73828125,21337.9354660487
1945,02145,METRO14460MM1120,SA,"Boston-Cambridge-Quincy, MA-NH HUD Metro FMR Area",7044704.38671875,12295.2837007692
1946,77006,METRO26420M26420,SA,"Houston-The Woodlands-Sugar Land, TX HUD Metro FMR Area",7888615.47265625,14748.3971692809
1947,85367,METRO49740M49740,SA,"Yuma, AZ MSA",137689391.375,65495.3225475017
1948,93551,METRO31080MM4480,SA,"Los Angeles-Long Beach-Glendale, CA HUD Metro FMR Area",325442606.523438,109062.783774395
1949,32128,METRO19660M19660,SA,"Deltona-Daytona Beach-Ormond Beach, FL HUD Metro FMR Area",114641362.435547,56800.2271663145
1950,77019,METRO26420M26420,SA,"Houston-The Woodlands-Sugar Land, TX HUD Metro FMR Area",12985687.6367188,25258.5392980796
1951,32904,METRO37340M37340,SA,"Palm Bay-Melbourne-Titusville, FL MSA",739126638.001953,177544.329801489
1952,18946,METRO37980M37980,SA,"Philadelphia-Camden-Wilmington, PA-NJ-DE-MD MSA",5571740.7265625,11759.0246210201
1953,77024,METRO26420M26420,SA,"Houston-The Woodlands-Sugar Land, TX HUD Metro FMR Area",44884059.7734375,48414.0422260514
1954,32820,METRO36740M36740,SA,"Orlando-Kissimmee-Sanford, FL MSA",56292906.3828125,34025.0646989697
1955,33705,METRO45300M45300,SA,"Tampa-St. Petersburg-Clearwater, FL MSA",20543596.8066406,32487.1555151344
1956,93626,METRO23420M23420,SA,"Fresno, CA HUD Metro FMR Area",120621848.832031,87597.80977938
1957,93626,METRO23420M31460,SA,"Madera County, CA HUD Metro FMR Area",313200906.640625,108695.213801784
1958,10461,METRO35620MM5600,SA,"New York, NY HUD Metro FMR Area",10887309.9335938,18089.3245585527
1959,10926,METRO28880M28880,SA,"Kiryas Joel-Poughkeepsie-Newburgh, NY MSA",82636284.6835938,77223.7204300681
1960,46748,METRO23060M23060,SA,"Fort Wayne, IN HUD Metro FMR Area",79878618.7929688,58883.2109385395
1961,23323,METRO47260M47260,SA,"Virginia Beach-Norfolk-Newport News, VA-NC HUD Metro FMR Area",337549374.019531,132226.039572593
1962,77546,METRO26420M26420,SA,"Houston-The Woodlands-Sugar Land, TX HUD Metro FMR Area",92058469.15625,50815.1119870437
1963,94920,METRO41860MM7360,SA,"San Francisco, CA HUD Metro FMR Area",27358411.8164063,38544.2645835052
1964,92010,METRO41740M41740,SA,"San Diego-Chula Vista-Carlsbad, CA MSA",30764436.2734375,33200.7928506021
1965,94708,METRO41860MM5775,SA,"Oakland-Fremont, CA HUD Metro FMR Area",13935753.6132813,22563.0899308078
1966,10960,METRO35620MM5600,SA,"New York, NY HUD Metro FMR Area",21560970.796875,40237.320770096
1967,33035,METRO33100MM5000,SA,"Miami-Miami Beach-Kendall, FL HUD Metro FMR Area",95719744.7617188,68978.1856785424
1968,33545,METRO45300M45300,SA,"Tampa-St. Petersburg-Clearwater, FL MSA",91374382.1425781,54566.5865571687
1969,10604,METRO35620MM5600,SA,"New York, NY HUD Metro FMR Area",36828820.1914063,50970.6223150077
1970,02630,METRO12700M12700,SA,"Barnstable Town, MA MSA",21356677.8164063,25782.7455303159
1971,21402,METRO12580M12580,SA,"Baltimore-Columbia-Towson, MD MSA",10771591.2148438,20167.0096266785
1972,94027,METRO41860MM7360,SA,"San Francisco, CA HUD Metro FMR Area",20794462.4609375,30124.382725095
1973,94566,METRO41860MM5775,SA,"Oakland-Fremont, CA HUD Metro FMR Area",86175515.4179688,54319.4236820259
1974,77385,METRO26420M26420,SA,"Houston-The Woodlands-Sugar Land, TX HUD Metro FMR Area",76998329.8164063,46026.8532435969
1975,77489,METRO26420M26420,SA,"Houston-The Woodlands-Sugar Land, TX HUD Metro FMR Area",39452403.4023438,38218.5035291985
1976,77493,METRO26420M26420,SA,"Houston-The Woodlands-Sugar Land, TX HUD Metro FMR Area",215284379.84375,74886.3595926797
1977,77494,METRO26420M26420,SA,"Houston-The Woodlands-Sugar Land, TX HUD Metro FMR Area",131430574.949219,57385.1723763155
1978,77498,METRO26420M26420,SA,"Houston-The Woodlands-Sugar Land, TX HUD Metro FMR Area",57628661.4960938,37342.6005524995
1979,20817,METRO47900M47900,SA,"Washington-Arlington-Alexandria, DC-VA-MD HUD Metro FMR Area",60708877.0078125,46847.4716639072
1980,94583,METRO41860MM5775,SA,"Oakland-Fremont, CA HUD Metro FMR Area",88243622.1796875,63658.4856556674
1981,94531,METRO41860MM5775,SA,"Oakland-Fremont, CA HUD Metro FMR Area",58425275.7929688,43701.6182234084
1982,94538,METRO41860MM5775,SA,"Oakland-Fremont, CA HUD Metro FMR Area",68605490.6289063,53065.8002251679
1983,77507,METRO26420M26420,SA,"Houston-The Woodlands-Sugar Land, TX HUD Metro FMR Area",58306325.8085938,44999.1814807764
1984,77449,METRO26420M26420,SA,"Houston-The Woodlands-Sugar Land, TX HUD Metro FMR Area",93808633.1992188,50407.0915665148
1985,94592,METRO46700M46700,SA,"Vallejo, CA MSA",34682304.9648438,60416.7975963311
1986,94596,METRO41860MM5775,SA,"Oakland-Fremont, CA HUD Metro FMR Area",25232975.0820313,33131.4173205964
1987,94597,METRO41860MM5775,SA,"Oakland-Fremont, CA HUD Metro FMR Area",16863918.828125,35292.0252435794
1988,77459,METRO26420M26420,SA,"Houston-The Woodlands-Sugar Land, TX HUD Metro FMR Area",113025205.320313,71890.4510254503
1989,94598,METRO41860MM5775,SA,"Oakland-Fremont, CA HUD Metro FMR Area",85962987.9492188,72009.969171486
1990,94555,METRO41860MM5775,SA,"Oakland-Fremont, CA HUD Metro FMR Area",57462333.5585938,50335.7100307897
1991,77479,METRO26420M26420,SA,"Houston-The Woodlands-Sugar Land, TX HUD Metro FMR Area",117781107.007813,71956.9072410793
1992,96815,METRO46520M46520,SA,"Urban Honolulu, HI MSA",7170604.56640625,16297.7213810673
1993,77545,METRO26420M26420,SA,"Houston-The Woodlands-Sugar Land, TX HUD Metro FMR Area",50498154.2460938,44368.5547908293
1994,77545,METRO26420MM1145,SA,"Brazoria County, TX HUD Metro FMR Area",377811.484375,6295.28627019351
1995,21794,METRO12580M12580,SA,"Baltimore-Columbia-Towson, MD MSA",35469533.0585938,33957.7369997836
1996,85742,METRO46060M46060,SA,"Tucson, AZ MSA",81358022.421875,60907.9368807365
1997,20794,METRO12580M12580,SA,"Baltimore-Columbia-Towson, MD MSA",41608490.328125,46337.5369792656
1998,21076,METRO12580M12580,SA,"Baltimore-Columbia-Towson, MD MSA",56686046.9726563,71223.9536540977
1999,77406,METRO26420M26420,SA,"Houston-The Woodlands-Sugar Land, TX HUD Metro FMR Area",203729125.875,84522.8126709958
2000,94403,METRO41860MM7360,SA,"San Francisco, CA HUD Metro FMR Area",23948947.7304688,28271.3880960998
2001,03905,METRO38860MM6450,SA,"York-Kittery-South Berwick, ME HUD Metro FMR Area",42169634.3789063,35217.888184465
2002,77381,METRO26420M26420,SA,"Houston-The Woodlands-Sugar Land, TX HUD Metro FMR Area",44638319.4804688,34281.9491143106
2003,94502,METRO41860MM5775,SA,"Oakland-Fremont, CA HUD Metro FMR Area",10592635.4570313,13390.2737748855
2004,77388,METRO26420M26420,SA,"Houston-The Woodlands-Sugar Land, TX HUD Metro FMR Area",46714827.6796875,41729.0993115395
2005,77389,METRO26420M26420,SA,"Houston-The Woodlands-Sugar Land, TX HUD Metro FMR Area",74324210.8164063,49804.7967321066
2006,77407,METRO26420M26420,SA,"Houston-The Woodlands-Sugar Land, TX HUD Metro FMR Area",70794200.1796875,45568.3422093065
2007,78373,METRO18580M18580,SA,"Corpus Christi, TX HUD Metro FMR Area",99792864.8046875,81230.6657905231
2008,94505,METRO41860MM5775,SA,"Oakland-Fremont, CA HUD Metro FMR Area",92994811.2773438,64413.2912267074
2009,94506,METRO41860MM5775,SA,"Oakland-Fremont, CA HUD Metro FMR Area",77568932.3085938,59216.9561358655
2010,84075,METRO36260M36260,SA,"Ogden, UT MSA",165450205.960938,84196.868371904
2011,03032,METRO14460MM4760,SA,"Western Rockingham County, NH HUD Metro FMR Area",139540100.066406,49691.1171596794
2012,11232,METRO35620MM5600,SA,"New York, NY HUD Metro FMR Area",5336428.8671875,15556.9781681416
2013,94024,METRO41940M41940,SA,"San Jose-Sunnyvale-Santa Clara, CA HUD Metro FMR Area",33981512.6640625,47409.3871274162
2014,94025,METRO41860MM7360,SA,"San Francisco, CA HUD Metro FMR Area",34382208.6523438,56096.6166785879
2015,94030,METRO41860MM7360,SA,"San Francisco, CA HUD Metro FMR Area",13939081.5234375,18654.7304673605
2016,02831,METRO39300M39300,SA,"Providence-Fall River, RI-MA HUD Metro FMR Area",51303283.2929688,50055.399399877
2017,07088,METRO35620MM5640,SA,"Newark, NJ HUD Metro FMR Area",1496259.9921875,7198.04035208894
2018,34737,METRO36740M36740,SA,"Orlando-Kissimmee-Sanford, FL MSA",99561285.7402344,61582.8313456256
2019,94065,METRO41860MM7360,SA,"San Francisco, CA HUD Metro FMR Area",12568718.6953125,18437.4049307285
2020,04107,METRO38860MM6400,SA,"Portland, ME HUD Metro FMR Area",75419111.5234375,52303.3591416585
2021,96791,METRO46520M46520,SA,"Urban Honolulu, HI MSA",111266599.277344,64521.1518743192
2022,77346,METRO26420M26420,SA,"Houston-The Woodlands-Sugar Land, TX HUD Metro FMR Area",70993362.3867188,42863.3848574094
2023,94089,METRO41940M41940,SA,"San Jose-Sunnyvale-Santa Clara, CA HUD Metro FMR Area",25036806.5585938,23180.0479448961
2024,94107,METRO41860MM7360,SA,"San Francisco, CA HUD Metro FMR Area",7341117.58984375,19615.8869518657
2025,60053,METRO16980M16980,SA,"Chicago-Joliet-Naperville, IL HUD Metro FMR Area",23759195.9335938,25372.5839478416
2026,90292,METRO31080MM4480,SA,"Los Angeles-Long Beach-Glendale, CA HUD Metro FMR Area",10173974.6210938,15028.7242842945
2027,20688,METRO30500N24009,SA,"Calvert County, MD HUD Metro FMR Area",9503912.32421875,19722.6387037771
2028,95324,METRO32900M32900,SA,"Merced, CA MSA",166739971.566406,76891.5790393088
2029,95132,METRO41940M41940,SA,"San Jose-Sunnyvale-Santa Clara, CA HUD Metro FMR Area",112521923.332031,70964.5446119775
2030,95330,METRO44700M44700,SA,"Stockton-Lodi, CA MSA",94854713.7734375,68118.3782393585
2031,95134,METRO41940M41940,SA,"San Jose-Sunnyvale-Santa Clara, CA HUD Metro FMR Area",44535543.7890625,39428.5095159166
2032,95209,METRO44700M44700,SA,"Stockton-Lodi, CA MSA",35060916.8828125,34855.178214813
2033,95212,METRO44700M44700,SA,"Stockton-Lodi, CA MSA",89153603.6640625,58608.6592817255
2034,96073,METRO39820M39820,SA,"Redding, CA MSA",204884073.214844,113809.143126385
2035,78257,METRO41700M41700,SA,"San Antonio-New Braunfels, TX HUD Metro FMR Area",98548270.390625,63264.1157791209
2036,32403,METRO37460M37460,SA,"Panama City, FL HUD Metro FMR Area",241164335.347656,86343.8459887276
2037,01845,METRO14460MM4160,SA,"Lawrence, MA-NH HUD Metro FMR Area",133434322.296875,55240.5662343952
2038,44040,METRO17410N17460,SA,"Cleveland, OH HUD Metro FMR Area",45939087.4804688,34734.5532470399
2039,95113,METRO41940M41940,SA,"San Jose-Sunnyvale-Santa Clara, CA HUD Metro FMR Area",1395434.6328125,9255.98456506388
2040,07648,METRO35620MM0875,SA,"Bergen-Passaic, NJ HUD Metro FMR Area",12705906.8476563,17563.1668928868
2041,95010,METRO42100M42100,SA,"Santa Cruz-Watsonville, CA MSA",5572855.578125,12028.4064153391
2042,33924,METRO15980M15980,SA,"Cape Coral-Fort Myers, FL MSA",13979490.6113281,33917.218340123
2043,06825,METRO14860M26620,SA,"Fairfield town, CT Exception Area",31228910.6210938,31247.7613517825
2044,95051,METRO41940M41940,SA,"San Jose-Sunnyvale-Santa Clara, CA HUD Metro FMR Area",27050146.9414063,32115.8170909739
2045,95054,METRO41940M41940,SA,"San Jose-Sunnyvale-Santa Clara, CA HUD Metro FMR Area",26385741.71875,20459.0456719216
2046,95065,METRO42100M42100,SA,"Santa Cruz-Watsonville, CA MSA",44605508.015625,48542.1407924544
2047,95066,METRO42100M42100,SA,"Santa Cruz-Watsonville, CA MSA",76329808.6835938,65701.8719926128
2048,95073,METRO42100M42100,SA,"Santa Cruz-Watsonville, CA MSA",93319386.640625,59600.8862724899
2049,78414,METRO18580M18580,SA,"Corpus Christi, TX HUD Metro FMR Area",49660321.34375,32426.7087276939
2050,78419,METRO18580M18580,SA,"Corpus Christi, TX HUD Metro FMR Area",2348749.56835938,12872.2036669616
2051,78255,METRO41700M41700,SA,"San Antonio-New Braunfels, TX HUD Metro FMR Area",61815226.4257813,76354.3600219094
2052,95693,METRO40900M40900,SA,"Sacramento--Roseville--Arden-Arcade, CA HUD Metro FMR Area",247477644.859375,87712.2777846349
2053,78260,METRO41700M41700,SA,"San Antonio-New Braunfels, TX HUD Metro FMR Area",86047867.4101563,54600.1803917547
2054,95701,METRO40900M40900,SA,"Sacramento--Roseville--Arden-Arcade, CA HUD Metro FMR Area",137522127.5625,76904.9379911922
2055,10309,METRO35620MM5600,SA,"New York, NY HUD Metro FMR Area",32394785.1640625,29131.3903807037
2056,11426,METRO35620MM5600,SA,"New York, NY HUD Metro FMR Area",6225040.43359375,12893.0189650241
2057,95722,METRO40900M40900,SA,"Sacramento--Roseville--Arden-Arcade, CA HUD Metro FMR Area",45765507.5742188,44510.8854485105
2058,95728,METRO40900M40900,SA,"Sacramento--Roseville--Arden-Arcade, CA HUD Metro FMR Area",95149084.75,86879.9740396058
2059,95742,METRO40900M40900,SA,"Sacramento--Roseville--Arden-Arcade, CA HUD Metro FMR Area",214317157.261719,65253.4812612389
2060,94903,METRO41860MM7360,SA,"San Francisco, CA HUD Metro FMR Area",83296363.8007813,52298.8573374762
2061,95746,METRO40900M40900,SA,"Sacramento--Roseville--Arden-Arcade, CA HUD Metro FMR Area",109153538.070313,55657.6573454784
2062,95747,METRO40900M40900,SA,"Sacramento--Roseville--Arden-Arcade, CA HUD Metro FMR Area",179820852.558594,67423.8953010442
2063,95762,METRO40900M40900,SA,"Sacramento--Roseville--Arden-Arcade, CA HUD Metro FMR Area",187219619.40625,96416.7655799152
2064,78406,METRO18580M18580,SA,"Corpus Christi, TX HUD Metro FMR Area",37356635.6054688,37249.5633515012
2065,95816,METRO40900M40900,SA,"Sacramento--Roseville--Arden-Arcade, CA HUD Metro FMR Area",11804685.8984375,17616.2286818484
2066,06477,METRO35300M35300,SA,"New Haven, CT MSA",79893181.7070313,38035.1478008691
2067,78412,METRO18580M18580,SA,"Corpus Christi, TX HUD Metro FMR Area",36043458.3847656,28920.7325507454
2068,95829,METRO40900M40900,SA,"Sacramento--Roseville--Arden-Arcade, CA HUD Metro FMR Area",86015758.7617188,49285.4162480764
2069,94954,METRO42220M42220,SA,"Santa Rosa-Petaluma, CA MSA",264384609.363281,133429.215426766
2070,77573,METRO26420M26420,SA,"Houston-The Woodlands-Sugar Land, TX HUD Metro FMR Area",105737559.753906,67424.7900663769
2071,95003,METRO42100M42100,SA,"Santa Cruz-Watsonville, CA MSA",132023402.136719,68389.8443373407
2072,95005,METRO42100M42100,SA,"Santa Cruz-Watsonville, CA MSA",48177577.5976563,50451.8555195703
2073,95006,METRO42100M42100,SA,"Santa Cruz-Watsonville, CA MSA",225510964.828125,91124.1630647904
2074,85016,METRO38060M38060,SA,"Phoenix-Mesa-Chandler, AZ MSA",30937686.9257813,33040.7470032348
2075,34761,METRO36740M36740,SA,"Orlando-Kissimmee-Sanford, FL MSA",63182770.4375,66081.8531517591
2076,32163,METRO36740M36740,SA,"Orlando-Kissimmee-Sanford, FL MSA",6622181.66992188,12208.5304316937
2077,32163,METRO48680M48680,SA,"Wildwood-The Villages, FL MSA",63492684.7363281,77228.6274240019
2078,34747,METRO36740M36740,SA,"Orlando-Kissimmee-Sanford, FL MSA",147003436.255859,70688.8021708
2079,32819,METRO36740M36740,SA,"Orlando-Kissimmee-Sanford, FL MSA",80729072.6132813,49853.0307675538
2080,95492,METRO42220M42220,SA,"Santa Rosa-Petaluma, CA MSA",83931990.3320313,90650.7569272536
2081,78109,METRO41700M41700,SA,"San Antonio-New Braunfels, TX HUD Metro FMR Area",96770250.484375,93637.6552507233
2082,85022,METRO38060M38060,SA,"Phoenix-Mesa-Chandler, AZ MSA",35230852.125,33284.857036133
2083,32955,METRO37340M37340,SA,"Palm Bay-Melbourne-Titusville, FL MSA",205211374.232422,86936.9075672612
2084,78154,METRO41700M41700,SA,"San Antonio-New Braunfels, TX HUD Metro FMR Area",113507590.378906,90633.4123138479
2085,85383,METRO38060M38060,SA,"Phoenix-Mesa-Chandler, AZ MSA",597846161.714844,126817.283357047
2086,16059,METRO38300M38300,SA,"Pittsburgh, PA HUD Metro FMR Area",118329008.101563,71820.3762095012
2087,95405,METRO42220M42220,SA,"Santa Rosa-Petaluma, CA MSA",21300370.5625,25572.0970433302
2088,07069,METRO35620MM5015,SA,"Middlesex-Somerset-Hunterdon, NJ HUD Metro FMR Area",28629808.5039063,27249.3455275341
2089,95409,METRO42220M42220,SA,"Santa Rosa-Petaluma, CA MSA",148982228.746094,84086.7362355467
2090,95439,METRO42220M42220,SA,"Santa Rosa-Petaluma, CA MSA",11306295.9882813,17853.3270247323
2091,78701,METRO12420M12420,SA,"Austin-Round Rock-San Marcos, TX MSA",5544849.87890625,12233.5554077713
2092,78703,METRO12420M12420,SA,"Austin-Round Rock-San Marcos, TX MSA",20515106.7617188,23358.7024952669
2093,18940,METRO37980M37980,SA,"Philadelphia-Camden-Wilmington, PA-NJ-DE-MD MSA",154797915.277344,93927.1922004702
2094,98034,METRO42660MM7600,SA,"Seattle-Bellevue, WA HUD Metro FMR Area",68262416.3125,42503.2392164475
2095,78734,METRO12420M12420,SA,"Austin-Round Rock-San Marcos, TX MSA",81006500.3046875,51947.3230705062
2096,78737,METRO12420M12420,SA,"Austin-Round Rock-San Marcos, TX MSA",126647237.53125,72668.8454529928
2097,78725,METRO12420M12420,SA,"Austin-Round Rock-San Marcos, TX MSA",63982904.4609375,75966.3878608644
2098,08043,METRO37980M37980,SA,"Philadelphia-Camden-Wilmington, PA-NJ-DE-MD MSA",51132843.2421875,41380.4297518676
2099,07624,METRO35620MM0875,SA,"Bergen-Passaic, NJ HUD Metro FMR Area",15009077.828125,20491.6466452505
2100,61240,METRO19340M19340,SA,"Davenport-Moline-Rock Island, IA-IL MSA",169627553.898438,79405.5132601619
2101,96146,METRO40900M40900,SA,"Sacramento--Roseville--Arden-Arcade, CA HUD Metro FMR Area",174855218.257813,94687.9408376108
2102,95376,METRO44700M44700,SA,"Stockton-Lodi, CA MSA",31595975.1640625,27510.8042186596
2103,78652,METRO12420M12420,SA,"Austin-Round Rock-San Marcos, TX MSA",38903487.3515625,44031.744753109
2104,98115,METRO42660MM7600,SA,"Seattle-Bellevue, WA HUD Metro FMR Area",48895889.9375,36610.4667639115
2105,70123,METRO35380M35380,SA,"New Orleans-Metairie, LA HUD Metro FMR Area",31410831.1386719,24125.5083681458
2106,87116,METRO10740M10740,SA,"Albuquerque, NM MSA",22858432.7734375,31911.0483341538
2107,99505,METRO11260M11260,SA,"Anchorage, AK HUD Metro FMR Area",472290431.15625,115233.658114913
2108,70124,METRO35380M35380,SA,"New Orleans-Metairie, LA HUD Metro FMR Area",26746629.6484375,22266.733205675
2109,91741,METRO31080MM4480,SA,"Los Angeles-Long Beach-Glendale, CA HUD Metro FMR Area",77713082.8515625,47203.9048105364
2110,86404,METRO29420M29420,SA,"Lake Havasu City-Kingman, AZ MSA",633253290.621094,127923.105346065
2111,76063,METRO19100MM2800,SA,"Fort Worth-Arlington, TX HUD Metro FMR Area",181235496.164063,73492.8881004919
2112,84093,METRO41620M41620,SA,"Salt Lake City, UT HUD Metro FMR Area",24804187.7070313,27154.6086526684
2113,97140,METRO38900M38900,SA,"Portland-Vancouver-Hillsboro, OR-WA MSA",233797743.375,116986.292968137
2114,89178,METRO29820M29820,SA,"Las Vegas-Henderson-North Las Vegas, NV MSA",89530536.4765625,55386.1262630984
2115,83435,METRO26820M26820,SA,"Idaho Falls, ID HUD Metro FMR Area",712093727.175781,161539.398511334
2116,89183,METRO29820M29820,SA,"Las Vegas-Henderson-North Las Vegas, NV MSA",27776590.03125,29758.4746699024
2117,92374,METRO40140M40140,SA,"Riverside-San Bernardino-Ontario, CA MSA",67821134.3242188,51648.8787372415
2118,92377,METRO40140M40140,SA,"Riverside-San Bernardino-Ontario, CA MSA",27313960.15625,32760.0697886927
2119,98004,METRO42660MM7600,SA,"Seattle-Bellevue, WA HUD Metro FMR Area",50302655.5546875,41956.1384903486
2120,98033,METRO42660MM7600,SA,"Seattle-Bellevue, WA HUD Metro FMR Area",63729864.765625,42633.3252860892
2121,92253,METRO40140M40140,SA,"Riverside-San Bernardino-Ontario, CA MSA",152987507.589844,80527.1279924272
2122,92382,METRO40140M40140,SA,"Riverside-San Bernardino-Ontario, CA MSA",77662053.5664063,76726.4669231918
2123,92394,METRO40140M40140,SA,"Riverside-San Bernardino-Ontario, CA MSA",123328744.699219,68879.4209314294
2124,97201,METRO38900M38900,SA,"Portland-Vancouver-Hillsboro, OR-WA MSA",10888821.546875,19130.8240932011
2125,98052,METRO42660MM7600,SA,"Seattle-Bellevue, WA HUD Metro FMR Area",120440719.632813,74710.7147811987
2126,85374,METRO38060M38060,SA,"Phoenix-Mesa-Chandler, AZ MSA",47830657.2109375,42634.0616836638
2127,98053,METRO42660MM7600,SA,"Seattle-Bellevue, WA HUD Metro FMR Area",158706031.53125,87476.8189370353
2128,87113,METRO10740M10740,SA,"Albuquerque, NM MSA",58302560.0976563,54405.6329400706
2129,98072,METRO42660MM7600,SA,"Seattle-Bellevue, WA HUD Metro FMR Area",103797893.8125,72679.1484816601
2130,98077,METRO42660MM7600,SA,"Seattle-Bellevue, WA HUD Metro FMR Area",99704782.1015625,67089.6883758091
2131,85377,METRO38060M38060,SA,"Phoenix-Mesa-Chandler, AZ MSA",32434564.8476563,38501.8248406326
2132,91739,METRO40140M40140,SA,"Riverside-San Bernardino-Ontario, CA MSA",107904078.421875,61624.4898777172
2133,85379,METRO38060M38060,SA,"Phoenix-Mesa-Chandler, AZ MSA",40280575.4179688,30203.9573835491
2134,91740,METRO31080MM4480,SA,"Los Angeles-Long Beach-Glendale, CA HUD Metro FMR Area",19098784.890625,25218.7945078369
2135,98109,METRO42660MM7600,SA,"Seattle-Bellevue, WA HUD Metro FMR Area",12675791.59375,17645.8252999074
2136,98110,METRO14740M14740,SA,"Bremerton-Silverdale-Port Orchard, WA MSA",157737127.039063,87088.6127432665
2137,98232,METRO34580M34580,SA,"Mount Vernon-Anacortes, WA MSA",323729950.617188,128385.886378503
2138,80129,METRO19740M19740,SA,"Denver-Aurora-Centennial, CO MSA",30676834.6757813,24009.8594834018
2139,90230,METRO31080MM4480,SA,"Los Angeles-Long Beach-Glendale, CA HUD Metro FMR Area",17314897.1328125,24977.4808911729
2140,97124,METRO38900M38900,SA,"Portland-Vancouver-Hillsboro, OR-WA MSA",238658507.9375,106515.525639156
2141,89139,METRO29820M29820,SA,"Las Vegas-Henderson-North Las Vegas, NV MSA",42638678.3320313,34951.4847118838
2142,90245,METRO31080MM4480,SA,"Los Angeles-Long Beach-Glendale, CA HUD Metro FMR Area",20229783.5820313,20373.0090561487
2143,98007,METRO42660MM7600,SA,"Seattle-Bellevue, WA HUD Metro FMR Area",24682684.4921875,35126.7978369839
2144,98008,METRO42660MM7600,SA,"Seattle-Bellevue, WA HUD Metro FMR Area",45377236.703125,36804.8046270352
2145,75063,METRO19100M19100,SA,"Dallas, TX HUD Metro FMR Area",75087018.9453125,66010.590652192
2146,92234,METRO40140M40140,SA,"Riverside-San Bernardino-Ontario, CA MSA",56255536.1914063,57602.7009746318
2147,98019,METRO42660MM7600,SA,"Seattle-Bellevue, WA HUD Metro FMR Area",207071437.601563,75056.791077313
2148,85364,METRO49740M49740,SA,"Yuma, AZ MSA",144923924.207031,84095.1910770238
2149,91709,METRO31080MM4480,SA,"Los Angeles-Long Beach-Glendale, CA HUD Metro FMR Area",586856.5859375,10245.4446168907
2150,91709,METRO40140M40140,SA,"Riverside-San Bernardino-Ontario, CA MSA",168639305.746094,63553.6243478089
2151,80125,METRO19740M19740,SA,"Denver-Aurora-Centennial, CO MSA",177357445.976563,99054.1503145408
2152,97455,METRO21660M21660,SA,"Eugene-Springfield, OR MSA",128860643.382813,69292.5669241742
2153,97115,METRO38900M38900,SA,"Portland-Vancouver-Hillsboro, OR-WA MSA",57737658.84375,49685.7813743918
2154,90212,METRO31080MM4480,SA,"Los Angeles-Long Beach-Glendale, CA HUD Metro FMR Area",3548771.3125,9482.28822192315
2155,80126,METRO19740M19740,SA,"Denver-Aurora-Centennial, CO MSA",47223596.515625,37373.5316049688
2156,85355,METRO38060M38060,SA,"Phoenix-Mesa-Chandler, AZ MSA",129637446.488281,77551.4730997899
2157,92251,METRO20940M20940,SA,"El Centro, CA MSA",910213613.347656,248456.12638404
2158,93313,METRO12540M12540,SA,"Bakersfield-Delano, CA MSA",390908591.800781,129604.874591819
2159,80902,METRO17820M17820,SA,"Colorado Springs, CO HUD Metro FMR Area",77334212.2382813,62046.2658835422
2160,97544,METRO24420M24420,SA,"Grants Pass, OR MSA",360495161.632813,110731.624757958
2161,90504,METRO31080MM4480,SA,"Los Angeles-Long Beach-Glendale, CA HUD Metro FMR Area",16722845.59375,19797.276454368
2162,80249,METRO19740M19740,SA,"Denver-Aurora-Centennial, CO MSA",209741888.203125,95800.3287821189
2163,75093,METRO19100M19100,SA,"Dallas, TX HUD Metro FMR Area",53223301,46234.4005630331
2164,98390,METRO42660MM8200,SA,"Tacoma, WA HUD Metro FMR Area",52676086.1484375,48280.4433850213
2165,98391,METRO42660MM8200,SA,"Tacoma, WA HUD Metro FMR Area",220540106.820313,109888.084582571
2166,75082,METRO19100M19100,SA,"Dallas, TX HUD Metro FMR Area",30553484.3867188,34704.4607284082
2167,75104,METRO19100M19100,SA,"Dallas, TX HUD Metro FMR Area",145609127.382813,65183.3966621677
2168,91775,METRO31080MM4480,SA,"Los Angeles-Long Beach-Glendale, CA HUD Metro FMR Area",11710252.2460938,20118.6165889626
2169,76638,METRO47380M47380,SA,"Waco, TX HUD Metro FMR Area",257052294.976563,136867.893105044
2170,98375,METRO42660MM8200,SA,"Tacoma, WA HUD Metro FMR Area",54064555.1875,33709.4672162191
2171,92879,METRO40140M40140,SA,"Riverside-San Bernardino-Ontario, CA MSA",37024195.6015625,42616.2158122642
2172,98327,METRO42660MM8200,SA,"Tacoma, WA HUD Metro FMR Area",39283228.0859375,37755.4895136369
2173,85209,METRO38060M38060,SA,"Phoenix-Mesa-Chandler, AZ MSA",43894356.890625,39047.3374531575
2174,98333,METRO42660MM8200,SA,"Tacoma, WA HUD Metro FMR Area",31978230.203125,28838.5295917262
2175,98335,METRO42660MM8200,SA,"Tacoma, WA HUD Metro FMR Area",134149996.476563,54802.5063620174
2176,93012,METRO37100M37100,SA,"Oxnard-Thousand Oaks-Ventura, CA MSA",191404810.976563,87283.6593792894
2177,93013,METRO42200M42200,SA,"Santa Maria-Santa Barbara, CA MSA",118212949.21875,64874.4667820711
2178,90275,METRO31080MM4480,SA,"Los Angeles-Long Beach-Glendale, CA HUD Metro FMR Area",50408194.2070313,71065.6718688495
2179,85142,METRO38060M38060,SA,"Phoenix-Mesa-Chandler, AZ MSA",375963865.78125,115085.45634724
2180,91766,METRO40140M40140,SA,"Riverside-San Bernardino-Ontario, CA MSA",1586474.43359375,9989.30462804164
2181,90277,METRO31080MM4480,SA,"Los Angeles-Long Beach-Glendale, CA HUD Metro FMR Area",14016616.5039063,20112.1395521545
2182,92501,METRO40140M40140,SA,"Riverside-San Bernardino-Ontario, CA MSA",21565179.375,29210.8095101299
2183,90278,METRO31080MM4480,SA,"Los Angeles-Long Beach-Glendale, CA HUD Metro FMR Area",13791932.9257813,21789.1240620557
2184,92503,METRO40140M40140,SA,"Riverside-San Bernardino-Ontario, CA MSA",145508768.1875,97936.0244358929
2185,92504,METRO40140M40140,SA,"Riverside-San Bernardino-Ontario, CA MSA",85781477.1054688,77058.7110012326
2186,92823,METRO31080MM5945,SA,"Santa Ana-Anaheim-Irvine, CA HUD Metro FMR Area",28137026.109375,39971.6040222784
2187,75078,METRO19100M19100,SA,"Dallas, TX HUD Metro FMR Area",118029185.769531,66474.862527805
2188,97209,METRO38900M38900,SA,"Portland-Vancouver-Hillsboro, OR-WA MSA",6473292.640625,14890.1609816432
2189,92845,METRO31080MM5945,SA,"Santa Ana-Anaheim-Irvine, CA HUD Metro FMR Area",8370577.84765625,12480.5434311572
2190,92860,METRO40140M40140,SA,"Riverside-San Bernardino-Ontario, CA MSA",54492345.5625,46934.987869413
2191,92508,METRO40140M40140,SA,"Riverside-San Bernardino-Ontario, CA MSA",41345987.6757813,48349.5007699337
2192,92532,METRO40140M40140,SA,"Riverside-San Bernardino-Ontario, CA MSA",57161715.171875,60571.7600152592
2193,97211,METRO38900M38900,SA,"Portland-Vancouver-Hillsboro, OR-WA MSA",48346359.5390625,54997.7436528396
2194,85387,METRO38060M38060,SA,"Phoenix-Mesa-Chandler, AZ MSA",225876913.546875,97543.221781879
2195,85388,METRO38060M38060,SA,"Phoenix-Mesa-Chandler, AZ MSA",48176150.9609375,36439.4343058709
2196,92536,METRO40140M40140,SA,"Riverside-San Bernardino-Ontario, CA MSA",401511346.429688,122601.353151067
2197,00727,METRO41980MM1310,SA,"Caguas, PR HUD Metro FMR Area",65156969.2958984,38903.4114563629
2198,80831,METRO17820M17820,SA,"Colorado Springs, CO HUD Metro FMR Area",768242657.941406,178875.923934619
2199,92808,METRO31080MM5945,SA,"Santa Ana-Anaheim-Irvine, CA HUD Metro FMR Area",18848329.2421875,24387.5881308385
2200,75088,METRO19100M19100,SA,"Dallas, TX HUD Metro FMR Area",55643543.4414063,41097.7410010519
2201,90403,METRO31080MM4480,SA,"Los Angeles-Long Beach-Glendale, CA HUD Metro FMR Area",5151582.625,15829.3877592777
2202,91752,METRO40140M40140,SA,"Riverside-San Bernardino-Ontario, CA MSA",57744992.2148438,34451.2523370636
2203,85395,METRO38060M38060,SA,"Phoenix-Mesa-Chandler, AZ MSA",69438285.1484375,43579.1782592891
2204,92557,METRO40140M40140,SA,"Riverside-San Bernardino-Ontario, CA MSA",67253697.8515625,37528.2518556474
2205,00730,METRO38660M38660,SA,"Ponce, PR HUD Metro FMR Area",19309507.1689453,36918.5180104116
2206,76137,METRO19100MM2800,SA,"Fort Worth-Arlington, TX HUD Metro FMR Area",50330000.7773438,36886.1769200413
2207,76148,METRO19100MM2800,SA,"Fort Worth-Arlington, TX HUD Metro FMR Area",17388036.6171875,20387.5274984922
2208,90274,METRO31080MM4480,SA,"Los Angeles-Long Beach-Glendale, CA HUD Metro FMR Area",45137505.6484375,66497.7480211036
2209,91762,METRO40140M40140,SA,"Riverside-San Bernardino-Ontario, CA MSA",53955520.796875,72385.9455997044
2210,91764,METRO40140M40140,SA,"Riverside-San Bernardino-Ontario, CA MSA",30042119.078125,36313.6870055097
2211,00782,METRO41980N72923,SA,"Barranquitas-Aibonito, PR HUD Metro FMR Area",2113387.38671875,12691.6443581301
2212,00783,METRO41980N72923,SA,"Barranquitas-Aibonito, PR HUD Metro FMR Area",1179139.44042969,11993.5872992231
2213,85260,METRO38060M38060,SA,"Phoenix-Mesa-Chandler, AZ MSA",53323813.6132813,37849.0278261744
2214,93441,METRO42200M42200,SA,"Santa Maria-Santa Barbara, CA MSA",148532388.8125,110047.376954245
2215,85259,METRO38060M38060,SA,"Phoenix-Mesa-Chandler, AZ MSA",77473621.265625,47954.6394497242
2216,92009,METRO41740M41740,SA,"San Diego-Chula Vista-Carlsbad, CA MSA",45062036.28125,33094.3647803216
2217,87415,METRO22140M22140,SA,"Farmington, NM MSA",70540857.1523438,49724.0356617096
2218,91914,METRO41740M41740,SA,"San Diego-Chula Vista-Carlsbad, CA MSA",24328179.0742188,27888.4284646098
2219,92595,METRO40140M40140,SA,"Riverside-San Bernardino-Ontario, CA MSA",80606847.5195313,42555.0839500248
2220,76244,METRO19100MM2800,SA,"Fort Worth-Arlington, TX HUD Metro FMR Area",55133903.7265625,36131.1891991123
2221,93108,METRO42200M42200,SA,"Santa Maria-Santa Barbara, CA MSA",106468963.925781,65497.4647670507
2222,80922,METRO17820M17820,SA,"Colorado Springs, CO HUD Metro FMR Area",24949997.5195313,20250.022375246
2223,93111,METRO42200M42200,SA,"Santa Maria-Santa Barbara, CA MSA",31080719.7148438,39954.0669347386
2224,76524,METRO47380N48145,SA,"Falls County, TX HUD Metro FMR Area",175283390.0625,73254.6042010603
2225,80925,METRO17820M17820,SA,"Colorado Springs, CO HUD Metro FMR Area",122456637.226563,65620.1547164856
2226,90712,METRO31080MM4480,SA,"Los Angeles-Long Beach-Glendale, CA HUD Metro FMR Area",15971257.7382813,24872.3496885941
2227,80929,METRO17820M17820,SA,"Colorado Springs, CO HUD Metro FMR Area",101674011.753906,62986.0258475082
2228,80951,METRO17820M17820,SA,"Colorado Springs, CO HUD Metro FMR Area",12480968.3867188,33458.4179985076
2229,93245,METRO25260M25260,SA,"Hanford-Corcoran, CA MSA",474795510.59375,184751.908647318
2230,93405,METRO42020M42020,SA,"San Luis Obispo-Paso Robles, CA MSA",350235960.019531,126065.993830079
2231,93410,METRO42020M42020,SA,"San Luis Obispo-Paso Robles, CA MSA",1666548.35546875,7364.75004879701
2232,85254,METRO38060M38060,SA,"Phoenix-Mesa-Chandler, AZ MSA",51474377.1210938,38315.7307029183
2233,93424,METRO42020M42020,SA,"San Luis Obispo-Paso Robles, CA MSA",78578385.109375,49699.1309944046
2234,83642,METRO14260M14260,SA,"Boise City, ID HUD Metro FMR Area",205294164.675781,92614.4351184869
2235,92571,METRO40140M40140,SA,"Riverside-San Bernardino-Ontario, CA MSA",158927267.089844,92312.6689717104
2236,76177,METRO19100MM2800,SA,"Fort Worth-Arlington, TX HUD Metro FMR Area",51385049.3515625,63874.2737734707
2237,83646,METRO14260M14260,SA,"Boise City, ID HUD Metro FMR Area",135885482.421875,73868.6606346846
2238,76179,METRO19100MM2800,SA,"Fort Worth-Arlington, TX HUD Metro FMR Area",215402386.289063,92190.1909474007
2239,92584,METRO40140M40140,SA,"Riverside-San Bernardino-Ontario, CA MSA",109766554.648438,82576.9075416775
2240,92587,METRO40140M40140,SA,"Riverside-San Bernardino-Ontario, CA MSA",29417447.0585938,27183.6975982694
2241,85615,METRO43420M43420,SA,"Sierra Vista-Douglas, AZ MSA",662551804.476563,165218.920399918
2242,92596,METRO40140M40140,SA,"Riverside-San Bernardino-Ontario, CA MSA",217223456.5,107439.804901643
2243,91978,METRO41740M41740,SA,"San Diego-Chula Vista-Carlsbad, CA MSA",43988764.5,35911.9453675892
2244,76210,METRO19100M19100,SA,"Dallas, TX HUD Metro FMR Area",60566766.8125,50830.7207839601
2245,92602,METRO31080MM5945,SA,"Santa Ana-Anaheim-Irvine, CA HUD Metro FMR Area",57020772.0507813,49019.9387274639
2246,76487,METRO19100MM2800,SA,"Fort Worth-Arlington, TX HUD Metro FMR Area",217065822.300781,96333.8659439545
2247,76487,METRO19100N48497,SA,"Wise County, TX HUD Metro FMR Area",77141111.7265625,39171.1806412297
2248,92606,METRO31080MM5945,SA,"Santa Ana-Anaheim-Irvine, CA HUD Metro FMR Area",12948507.3867188,24132.6976406395
2249,92610,METRO31080MM5945,SA,"Santa Ana-Anaheim-Irvine, CA HUD Metro FMR Area",15148600.4960938,21124.7785112397
2250,76226,METRO19100M19100,SA,"Dallas, TX HUD Metro FMR Area",186576261.4375,90426.5026213873
2251,92612,METRO31080MM5945,SA,"Santa Ana-Anaheim-Irvine, CA HUD Metro FMR Area",24427183.1796875,32629.2840617445
2252,85233,METRO38060M38060,SA,"Phoenix-Mesa-Chandler, AZ MSA",36433139.7929688,32245.8246558693
2253,92620,METRO31080MM5945,SA,"Santa Ana-Anaheim-Irvine, CA HUD Metro FMR Area",22174361.4726563,18958.1786702386
2254,92626,METRO31080MM5945,SA,"Santa Ana-Anaheim-Irvine, CA HUD Metro FMR Area",36446364.5859375,29960.7715407335
2255,85234,METRO38060M38060,SA,"Phoenix-Mesa-Chandler, AZ MSA",44667032.7421875,37665.2796901344
2256,92007,METRO41740M41740,SA,"San Diego-Chula Vista-Carlsbad, CA MSA",8900376.87109375,18991.1937553755
2257,93063,METRO37100M37100,SA,"Oxnard-Thousand Oaks-Ventura, CA MSA",138081405.792969,79174.0986678669
2258,92651,METRO31080MM5945,SA,"Santa Ana-Anaheim-Irvine, CA HUD Metro FMR Area",82152545.8867188,58257.9207144858
2259,92657,METRO31080MM5945,SA,"Santa Ana-Anaheim-Irvine, CA HUD Metro FMR Area",30968277.6367188,30528.7516231877
2260,98407,METRO42660MM8200,SA,"Tacoma, WA HUD Metro FMR Area",30981569.546875,34315.6949901049
2261,85248,METRO38060M38060,SA,"Phoenix-Mesa-Chandler, AZ MSA",113652025.445313,75665.2023892728
2262,93067,METRO42200M42200,SA,"Santa Maria-Santa Barbara, CA MSA",2203237.28515625,11933.9509198963
2263,89451,METRO39900M39900,SA,"Reno, NV HUD Metro FMR Area",185710781.332031,86961.8578232982
2264,90703,METRO31080MM4480,SA,"Los Angeles-Long Beach-Glendale, CA HUD Metro FMR Area",33404016.2070313,42399.4213963286
2265,75126,METRO19100M19100,SA,"Dallas, TX HUD Metro FMR Area",308144133.8125,91966.816503232
2266,85251,METRO38060M38060,SA,"Phoenix-Mesa-Chandler, AZ MSA",27066502.1914063,27433.9665586096
2267,85212,METRO38060M38060,SA,"Phoenix-Mesa-Chandler, AZ MSA",143578072.359375,51459.3315180801
2268,89436,METRO39900M39900,SA,"Reno, NV HUD Metro FMR Area",187541412.683594,84189.0309106746
2269,91931,METRO41740M41740,SA,"San Diego-Chula Vista-Carlsbad, CA MSA",30180543.1953125,26435.2095159119
2270,92061,METRO41740M41740,SA,"San Diego-Chula Vista-Carlsbad, CA MSA",129682298.585938,71064.0227509084
2271,91101,METRO31080MM4480,SA,"Los Angeles-Long Beach-Glendale, CA HUD Metro FMR Area",4805802.3671875,11345.9976293963
2272,92078,METRO41740M41740,SA,"San Diego-Chula Vista-Carlsbad, CA MSA",62324803.1796875,44044.9214711361
2273,89002,METRO29820M29820,SA,"Las Vegas-Henderson-North Las Vegas, NV MSA",34403877.453125,29725.1364371063
2274,80007,METRO19740M19740,SA,"Denver-Aurora-Centennial, CO MSA",112804770.496094,61304.4334950025
2275,85737,METRO46060M46060,SA,"Tucson, AZ MSA",86825390.0351563,61620.5184882991
2276,90803,METRO31080MM4480,SA,"Los Angeles-Long Beach-Glendale, CA HUD Metro FMR Area",17671172.40625,23776.2831965417
2277,92660,METRO31080MM5945,SA,"Santa Ana-Anaheim-Irvine, CA HUD Metro FMR Area",40233367.1914063,37345.8867930795
2278,76001,METRO19100MM2800,SA,"Fort Worth-Arlington, TX HUD Metro FMR Area",39115609.1601563,31646.4718544162
2279,91010,METRO31080MM4480,SA,"Los Angeles-Long Beach-Glendale, CA HUD Metro FMR Area",24542759.9296875,35100.949898809
2280,85297,METRO38060M38060,SA,"Phoenix-Mesa-Chandler, AZ MSA",39882545.0976563,35505.9960831851
2281,85298,METRO38060M38060,SA,"Phoenix-Mesa-Chandler, AZ MSA",58182093.5625,42150.0027833652
2282,00926,METRO41980MM7440,SA,"San Juan-Guaynabo, PR HUD Metro FMR Area",67300960.8886719,55545.1667098121
2283,92056,METRO41740M41740,SA,"San Diego-Chula Vista-Carlsbad, CA MSA",45666381.71875,51616.7303863789
2284,00953,METRO41980MM7440,SA,"San Juan-Guaynabo, PR HUD Metro FMR Area",78568306.6728516,51557.3993472517
2285,92067,METRO41740M41740,SA,"San Diego-Chula Vista-Carlsbad, CA MSA",83060023.5429688,65227.5630782164
2286,76262,METRO19100MM2800,SA,"Fort Worth-Arlington, TX HUD Metro FMR Area",44255192.6523438,53556.6989953047
2287,98831,METRO48300M48300,SA,"Wenatchee-East Wenatchee, WA MSA",313581696.828125,80274.1774894017
2288,85281,METRO38060M38060,SA,"Phoenix-Mesa-Chandler, AZ MSA",49813926.515625,42288.9355559536
2289,92673,METRO31080MM5945,SA,"Santa Ana-Anaheim-Irvine, CA HUD Metro FMR Area",38430290.1523438,36095.132413621
2290,90808,METRO31080MM4480,SA,"Los Angeles-Long Beach-Glendale, CA HUD Metro FMR Area",26235376.25,29007.7532349393
2291,85295,METRO38060M38060,SA,"Phoenix-Mesa-Chandler, AZ MSA",44831740.4609375,35168.9694639143
2292,92691,METRO31080MM5945,SA,"Santa Ana-Anaheim-Irvine, CA HUD Metro FMR Area",32990132.921875,37487.508616053
2293,92694,METRO31080MM5945,SA,"Santa Ana-Anaheim-Irvine, CA HUD Metro FMR Area",149953466.371094,69718.0519419874
2294,00920,METRO41980MM7440,SA,"San Juan-Guaynabo, PR HUD Metro FMR Area",10568204.7792969,17723.4742149836
2295,85284,METRO38060M38060,SA,"Phoenix-Mesa-Chandler, AZ MSA",29217997.8671875,29136.1769944775
2296,92029,METRO41740M41740,SA,"San Diego-Chula Vista-Carlsbad, CA MSA",85185633.609375,57772.1579427816
2297,92037,METRO41740M41740,SA,"San Diego-Chula Vista-Carlsbad, CA MSA",43809502.46875,49942.0986724297
2298,70448,METRO43640M43640,SA,"Slidell-Mandeville-Covington, LA MSA",86177536.3164063,44020.8365649985
2299,92807,METRO31080MM5945,SA,"Santa Ana-Anaheim-Irvine, CA HUD Metro FMR Area",42110360.3046875,46826.0262628839
2300,99011,METRO44060M44060,SA,"Spokane, WA HUD Metro FMR Area",37711811.65625,34384.8125607147
2301,85266,METRO38060M38060,SA,"Phoenix-Mesa-Chandler, AZ MSA",73699881.8710938,60611.4792612594
2302,85658,METRO46060M46060,SA,"Tucson, AZ MSA",251959387.710938,91072.2844683476
2303,99019,METRO44060M44060,SA,"Spokane, WA HUD Metro FMR Area",133676437.742188,61768.0401363729
2304,00901,METRO41980MM7440,SA,"San Juan-Guaynabo, PR HUD Metro FMR Area",3148265.93945313,11479.9696521882
2305,85340,METRO38060M38060,SA,"Phoenix-Mesa-Chandler, AZ MSA",117227647.675781,111851.646519892
2306,92124,METRO41740M41740,SA,"San Diego-Chula Vista-Carlsbad, CA MSA",35998324.0664063,30442.2544033291
2307,92126,METRO41740M41740,SA,"San Diego-Chula Vista-Carlsbad, CA MSA",42652279.90625,33919.4303360989
2308,00660,METRO32420M32420,SA,"Mayagüez, PR HUD Metro FMR Area",32526958.7841797,33217.5254128501
2309,70082,METRO35380M35380,SA,"New Orleans-Metairie, LA HUD Metro FMR Area",39519215.984375,81280.6885432266
2310,75039,METRO19100M19100,SA,"Dallas, TX HUD Metro FMR Area",22302023.6210938,38895.072515594
2311,75034,METRO19100M19100,SA,"Dallas, TX HUD Metro FMR Area",59741160.2578125,46602.6689912122
2312,92128,METRO41740M41740,SA,"San Diego-Chula Vista-Carlsbad, CA MSA",43238887.8164063,45698.8163339567
2313,92103,METRO41740M41740,SA,"San Diego-Chula Vista-Carlsbad, CA MSA",13608789.6523438,21117.1591483501
2314,91106,METRO31080MM4480,SA,"Los Angeles-Long Beach-Glendale, CA HUD Metro FMR Area",10291224.1367188,23364.867506532
2315,89084,METRO29820M29820,SA,"Las Vegas-Henderson-North Las Vegas, NV MSA",58769928.5078125,56329.0975876772
2316,97408,METRO21660M21660,SA,"Eugene-Springfield, OR MSA",256265836.265625,92553.904469502
2317,92145,METRO41740M41740,SA,"San Diego-Chula Vista-Carlsbad, CA MSA",39227479.1640625,26880.1598585495
2318,75204,METRO19100M19100,SA,"Dallas, TX HUD Metro FMR Area",9435017.80859375,15860.6797526997
2319,76052,METRO19100M19100,SA,"Dallas, TX HUD Metro FMR Area",36293862.2148438,32770.3819042092
2320,76052,METRO19100MM2800,SA,"Fort Worth-Arlington, TX HUD Metro FMR Area",87893975.9921875,50633.5289610964
2321,76052,METRO19100N48497,SA,"Wise County, TX HUD Metro FMR Area",29271526.5742188,25147.9393931587
2322,97035,METRO38900M38900,SA,"Portland-Vancouver-Hillsboro, OR-WA MSA",30763692.265625,33052.993726505
2323,91324,METRO31080MM4480,SA,"Los Angeles-Long Beach-Glendale, CA HUD Metro FMR Area",16237065.9257813,21240.4798986752
2324,91214,METRO31080MM4480,SA,"Los Angeles-Long Beach-Glendale, CA HUD Metro FMR Area",27686593.0820313,31982.1513517515
2325,00979,METRO41980MM7440,SA,"San Juan-Guaynabo, PR HUD Metro FMR Area",15430724.5244141,19552.61783311
2326,92135,METRO41740M41740,SA,"San Diego-Chula Vista-Carlsbad, CA MSA",1587959.91015625,8444.5441495071
2327,91301,METRO31080MM4480,SA,"Los Angeles-Long Beach-Glendale, CA HUD Metro FMR Area",126074394.761719,58746.1727243626
2328,75207,METRO19100M19100,SA,"Dallas, TX HUD Metro FMR Area",14343879.0703125,24254.2329976586
2329,91326,METRO31080MM4480,SA,"Los Angeles-Long Beach-Glendale, CA HUD Metro FMR Area",30895389.9335938,28252.9164513486
2330,71237,METRO33740N22083,SA,"Richland Parish, LA HUD Metro FMR Area",49622180.9375,56596.0678243361
2331,91302,METRO31080MM4480,SA,"Los Angeles-Long Beach-Glendale, CA HUD Metro FMR Area",104088366.125,72688.4551928477
2332,85338,METRO38060M38060,SA,"Phoenix-Mesa-Chandler, AZ MSA",283110498.644531,94013.7203225282
2333,90036,METRO31080MM4480,SA,"Los Angeles-Long Beach-Glendale, CA HUD Metro FMR Area",9305903.3125,13741.5763684179
2334,85339,METRO38060M38060,SA,"Phoenix-Mesa-Chandler, AZ MSA",959688285.558594,170426.635328956
2335,92120,METRO41740M41740,SA,"San Diego-Chula Vista-Carlsbad, CA MSA",28265917.8476563,32148.9241450014
2336,92121,METRO41740M41740,SA,"San Diego-Chula Vista-Carlsbad, CA MSA",46405170.9726563,42317.2286912573
2337,85747,METRO46060M46060,SA,"Tucson, AZ MSA",242675747.832031,123849.460140192
2338,92107,METRO41740M41740,SA,"San Diego-Chula Vista-Carlsbad, CA MSA",10865554.0195313,16894.5390335003
2339,85743,METRO46060M46060,SA,"Tucson, AZ MSA",430163446.039063,138437.082953006
2340,75019,METRO19100M19100,SA,"Dallas, TX HUD Metro FMR Area",67069456.5117188,43220.9204679023
2341,92108,METRO41740M41740,SA,"San Diego-Chula Vista-Carlsbad, CA MSA",16234725.6875,37387.1705611186
2342,85755,METRO46060M46060,SA,"Tucson, AZ MSA",123480777.585938,51371.6728629229
2343,90024,METRO31080MM4480,SA,"Los Angeles-Long Beach-Glendale, CA HUD Metro FMR Area",11218981.0585938,21952.0560158799
2344,75024,METRO19100M19100,SA,"Dallas, TX HUD Metro FMR Area",48299605.4375,37997.9492124334
2345,97026,METRO41420M41420,SA,"Salem, OR MSA",178007730.71875,113272.634380844
2346,85028,METRO38060M38060,SA,"Phoenix-Mesa-Chandler, AZ MSA",25593435.9296875,28949.4144337615
2347,86301,METRO39150M39150,SA,"Prescott Valley-Prescott, AZ MSA",130525605.71875,71765.3831592666
2348,76016,METRO19100MM2800,SA,"Fort Worth-Arlington, TX HUD Metro FMR Area",36142920.84375,30472.0244293832
2349,75025,METRO19100M19100,SA,"Dallas, TX HUD Metro FMR Area",35533791.9960938,34290.4493914342
2350,80516,METRO14500M14500,SA,"Boulder, CO MSA",26030668.78125,48938.1690612517
2351,80516,METRO19740M19740,SA,"Denver-Aurora-Centennial, CO MSA",16670410.671875,33934.8495809544
2352,80516,METRO24540M24540,SA,"Greeley, CO MSA",137265990.371094,89653.7454737887
2353,00976,METRO41980MM1310,SA,"Caguas, PR HUD Metro FMR Area",388376.44140625,12136.5187869985
2354,76018,METRO19100MM2800,SA,"Fort Worth-Arlington, TX HUD Metro FMR Area",28801504.6640625,28767.0496734661
2355,00957,METRO41980MM7440,SA,"San Juan-Guaynabo, PR HUD Metro FMR Area",12505028.9628906,31136.9204617598
2356,76039,METRO19100MM2800,SA,"Fort Worth-Arlington, TX HUD Metro FMR Area",23599167.8007813,20667.8474065932
2357,86314,METRO39150M39150,SA,"Prescott Valley-Prescott, AZ MSA",101869235.078125,58320.8033959858
2358,92339,METRO40140M40140,SA,"Riverside-San Bernardino-Ontario, CA MSA",298883631.871094,94676.0417454877
2359,86315,METRO39150M39150,SA,"Prescott Valley-Prescott, AZ MSA",339159978.535156,104534.519836363
2360,91105,METRO31080MM4480,SA,"Los Angeles-Long Beach-Glendale, CA HUD Metro FMR Area",16060689.8945313,26529.7563351862
2361,92342,METRO40140M40140,SA,"Riverside-San Bernardino-Ontario, CA MSA",381054089.128906,107178.224589705
2362,92320,METRO40140M40140,SA,"Riverside-San Bernardino-Ontario, CA MSA",52734690.6914063,44391.2193201851
2363,75181,METRO19100M19100,SA,"Dallas, TX HUD Metro FMR Area",63859754.9609375,42185.9775311731
2364,97389,METRO10540M10540,SA,"Albany, OR MSA",181534334.328125,93028.4242395429
2365,00961,METRO41980MM7440,SA,"San Juan-Guaynabo, PR HUD Metro FMR Area",15688788.1992188,22074.4479163881
2366,92344,METRO40140M40140,SA,"Riverside-San Bernardino-Ontario, CA MSA",143206935.296875,72033.3282986401
2367,75028,METRO19100M19100,SA,"Dallas, TX HUD Metro FMR Area",56455059.6835938,45721.0672865957
2368,75028,METRO19100MM2800,SA,"Fort Worth-Arlington, TX HUD Metro FMR Area",1263584.81640625,7602.1821931119
2369,86325,METRO39150M39150,SA,"Prescott Valley-Prescott, AZ MSA",236015181.542969,79411.6304218974
2370,85012,METRO38060M38060,SA,"Phoenix-Mesa-Chandler, AZ MSA",8416017.14453125,25900.12657128
2371,00966,METRO41980MM7440,SA,"San Juan-Guaynabo, PR HUD Metro FMR Area",7269817.50195313,21334.6079799778
2372,00968,METRO41980MM7440,SA,"San Juan-Guaynabo, PR HUD Metro FMR Area",1318849.921875,4439.37846075601
2373,86351,METRO39150M39150,SA,"Prescott Valley-Prescott, AZ MSA",153886570.300781,73995.6259017591
2374,90025,METRO31080MM4480,SA,"Los Angeles-Long Beach-Glendale, CA HUD Metro FMR Area",9679338.7890625,21341.9020491383
2375,97032,METRO41420M41420,SA,"Salem, OR MSA",60856109.1015625,68650.7581049471
2376,85024,METRO38060M38060,SA,"Phoenix-Mesa-Chandler, AZ MSA",44096731.5234375,47045.2097444868
2377,00603,METRO10380M10380,SA,"Aguadilla, PR MSA",99379330.3652344,56574.5656275249
2378,97034,METRO38900M38900,SA,"Portland-Vancouver-Hillsboro, OR-WA MSA",45018234.5546875,42091.4034125368
2379,89012,METRO29820M29820,SA,"Las Vegas-Henderson-North Las Vegas, NV MSA",42430426.8515625,34793.9424961524
2380,85013,METRO38060M38060,SA,"Phoenix-Mesa-Chandler, AZ MSA",13889189.6289063,26147.4551848522
2381,91206,METRO31080MM4480,SA,"Los Angeles-Long Beach-Glendale, CA HUD Metro FMR Area",21950330.1054688,30235.5673568016
2382,92352,METRO40140M40140,SA,"Riverside-San Bernardino-Ontario, CA MSA",48125061.6328125,63222.5523294931
2383,90014,METRO31080MM4480,SA,"Los Angeles-Long Beach-Glendale, CA HUD Metro FMR Area",1100346.8046875,5924.65637310047
2384,90015,METRO31080MM4480,SA,"Los Angeles-Long Beach-Glendale, CA HUD Metro FMR Area",6425186.97265625,15191.7550920373
2385,92358,METRO40140M40140,SA,"Riverside-San Bernardino-Ontario, CA MSA",274797682.699219,124182.792648278
2386,73012,METRO36420M36420,SA,"Oklahoma City, OK HUD Metro FMR Area",134405120.457031,63749.4011878243
2387,70037,METRO35380M35380,SA,"New Orleans-Metairie, LA HUD Metro FMR Area",197402086.433594,95680.3525151144
2388,92123,METRO41740M41740,SA,"San Diego-Chula Vista-Carlsbad, CA MSA",31620015.8945313,32731.1058712577
2389,87144,METRO10740M10740,SA,"Albuquerque, NM MSA",391752629.441406,104039.033064298
2390,90034,METRO31080MM4480,SA,"Los Angeles-Long Beach-Glendale, CA HUD Metro FMR Area",11755445.890625,19432.6049307751
2391,34119,METRO15980M15980,SA,"Cape Coral-Fort Myers, FL MSA",1577867.69140625,5264.39224555968
2392,75454,METRO19100M19100,SA,"Dallas, TX HUD Metro FMR Area",80206149.3398438,60230.9294660513
2393,75209,METRO19100M19100,SA,"Dallas, TX HUD Metro FMR Area",12890904.8007813,18830.6148451998
2394,00652,METRO11640M11640,SA,"Arecibo, PR MSA",18715846.0771484,20268.6968700911
2395,92555,METRO40140M40140,SA,"Riverside-San Bernardino-Ontario, CA MSA",248761270.523438,125126.959910675
2396,85083,METRO38060M38060,SA,"Phoenix-Mesa-Chandler, AZ MSA",74823673.3476563,40446.7688632267
2397,60503,METRO16980M16980,SA,"Chicago-Joliet-Naperville, IL HUD Metro FMR Area",14444247.0546875,22874.3205215403
2398,33594,METRO45300M45300,SA,"Tampa-St. Petersburg-Clearwater, FL MSA",35822614.7265625,29316.1832714136
2399,80602,METRO19740M19740,SA,"Denver-Aurora-Centennial, CO MSA",137878910.105469,73826.2820228321
2400,11963,METRO35620MM5380,SA,"Nassau-Suffolk, NY HUD Metro FMR Area",88684674.1601563,75317.1078661483
2401,91381,METRO31080MM4480,SA,"Los Angeles-Long Beach-Glendale, CA HUD Metro FMR Area",150701430.585938,73749.7730454289
2402,73538,METRO30020M30020,SA,"Lawton, OK HUD Metro FMR Area",322181097.730469,143790.199023914
2403,77433,METRO26420M26420,SA,"Houston-The Woodlands-Sugar Land, TX HUD Metro FMR Area",206900978.007813,101226.671956585
2404,76092,METRO19100MM2800,SA,"Fort Worth-Arlington, TX HUD Metro FMR Area",78772775.1757813,45741.6041712282
2405,92603,METRO31080MM5945,SA,"Santa Ana-Anaheim-Irvine, CA HUD Metro FMR Area",37365760.4570313,34235.3167560409
2406,08561,METRO45940M45940,SA,"Trenton-Princeton, NJ MSA",5097349.07421875,10599.0668196078
2407,11378,METRO35620MM5600,SA,"New York, NY HUD Metro FMR Area",11203893.3828125,20685.1328765569
2408,75219,METRO19100M19100,SA,"Dallas, TX HUD Metro FMR Area",8424355.38671875,18566.780779353
2409,75048,METRO19100M19100,SA,"Dallas, TX HUD Metro FMR Area",36246019.7148438,29485.4380669634
2410,91350,METRO31080MM4480,SA,"Los Angeles-Long Beach-Glendale, CA HUD Metro FMR Area",60587280.8359375,57882.4288299359
2411,97101,METRO41420M41420,SA,"Salem, OR MSA",92984155.453125,78535.4756350616
2412,90045,METRO31080MM4480,SA,"Los Angeles-Long Beach-Glendale, CA HUD Metro FMR Area",40609901.6054688,32970.334060921
2413,00677,METRO10380M10380,SA,"Aguadilla, PR MSA",41842314.1181641,32387.8467108032
2414,91362,METRO31080MM4480,SA,"Los Angeles-Long Beach-Glendale, CA HUD Metro FMR Area",3923786.16015625,9217.23340597724
2415,91362,METRO37100M37100,SA,"Oxnard-Thousand Oaks-Ventura, CA MSA",68140785.421875,37237.1245072878
2416,89117,METRO29820M29820,SA,"Las Vegas-Henderson-North Las Vegas, NV MSA",36729028.8828125,29803.7660161577
2417,91355,METRO31080MM4480,SA,"Los Angeles-Long Beach-Glendale, CA HUD Metro FMR Area",51302806.7421875,62641.649114044
2418,75054,METRO19100M19100,SA,"Dallas, TX HUD Metro FMR Area",23022262.0078125,24080.7955330579
2419,75054,METRO19100MM2800,SA,"Fort Worth-Arlington, TX HUD Metro FMR Area",20074030.046875,27260.2020275775
2420,85045,METRO38060M38060,SA,"Phoenix-Mesa-Chandler, AZ MSA",14842152.5429688,23433.719392527
2421,91367,METRO31080MM4480,SA,"Los Angeles-Long Beach-Glendale, CA HUD Metro FMR Area",28420074.0429688,32950.330236792
2422,90048,METRO31080MM4480,SA,"Los Angeles-Long Beach-Glendale, CA HUD Metro FMR Area",7179352.7421875,14027.2437027639
2423,85048,METRO38060M38060,SA,"Phoenix-Mesa-Chandler, AZ MSA",37828175.078125,38148.3279756223
2424,90094,METRO31080MM4480,SA,"Los Angeles-Long Beach-Glendale, CA HUD Metro FMR Area",2704674.7109375,12772.9999734533
2425,90056,METRO31080MM4480,SA,"Los Angeles-Long Beach-Glendale, CA HUD Metro FMR Area",8543970.375,18624.8861078608
2426,91361,METRO31080MM4480,SA,"Los Angeles-Long Beach-Glendale, CA HUD Metro FMR Area",20174778.5898438,22177.8842080976
2427,91361,METRO37100M37100,SA,"Oxnard-Thousand Oaks-Ventura, CA MSA",91849656.8984375,50340.1948689407
2428,70115,METRO35380M35380,SA,"New Orleans-Metairie, LA HUD Metro FMR Area",15355323.0175781,18513.6028660455
2429,92211,METRO40140M40140,SA,"Riverside-San Bernardino-Ontario, CA MSA",55945602.0820313,61870.1592696278
2430,91344,METRO31080MM4480,SA,"Los Angeles-Long Beach-Glendale, CA HUD Metro FMR Area",56266174.4726563,33349.2887788278
2431,19125,METRO37980M37980,SA,"Philadelphia-Camden-Wilmington, PA-NJ-DE-MD MSA",6851104.27734375,13248.0091274276
2432,32563,METRO37860M37860,SA,"Pensacola-Ferry Pass-Brent, FL MSA",93011238.0390625,55365.647008145
2433,40059,METRO31140M31140,SA,"Louisville, KY-IN HUD Metro FMR Area",121403592.527344,74181.1836776466
2434,85307,METRO38060M38060,SA,"Phoenix-Mesa-Chandler, AZ MSA",39257243.8164063,35992.0014880261
2435,33913,METRO15980M15980,SA,"Cape Coral-Fort Myers, FL MSA",352211796.021484,96985.7116128217
2436,34786,METRO36740M36740,SA,"Orlando-Kissimmee-Sanford, FL MSA",91798576.2734375,59725.5071370889
2437,34202,METRO35840M35840,SA,"North Port-Bradenton-Sarasota, FL MSA",77267700.6484375,45201.4302096111
2438,32541,METRO18880M18880,SA,"Crestview-Fort Walton Beach-Destin, FL HUD Metro FMR Area",58074412.0703125,52936.9907268265
2439,33637,METRO45300M45300,SA,"Tampa-St. Petersburg-Clearwater, FL MSA",27770939.3457031,35818.5783132983
2440,23226,METRO40060M40060,SA,"Richmond, VA HUD Metro FMR Area",25739608.5351563,34833.9323879002
2441,77002,METRO26420M26420,SA,"Houston-The Woodlands-Sugar Land, TX HUD Metro FMR Area",6922237.63671875,25750.9286025517
2442,75070,METRO19100M19100,SA,"Dallas, TX HUD Metro FMR Area",41875896.046875,31753.3743612082
2443,91915,METRO41740M41740,SA,"San Diego-Chula Vista-Carlsbad, CA MSA",30356973.453125,25927.6288003549
2444,02466,METRO14460MM1120,SA,"Boston-Cambridge-Quincy, MA-NH HUD Metro FMR Area",7933417.65234375,15383.1748820331
2445,85296,METRO38060M38060,SA,"Phoenix-Mesa-Chandler, AZ MSA",43413456.421875,37936.4538950704
2446,30306,METRO12060M12060,SA,"Atlanta-Sandy Springs-Roswell, GA HUD Metro FMR Area",17287045.9375,26497.7653416905
2447,89402,METRO39900M39900,SA,"Reno, NV HUD Metro FMR Area",1259109.7734375,7569.60939863259
2448,10523,METRO35620MM5600,SA,"New York, NY HUD Metro FMR Area",16620921.5976563,31734.1739369137
2449,10024,METRO35620MM5600,SA,"New York, NY HUD Metro FMR Area",4695765.0859375,11437.5277564099
2450,02113,METRO14460MM1120,SA,"Boston-Cambridge-Quincy, MA-NH HUD Metro FMR Area",478341.5625,3331.57204373084
2451,02210,METRO14460MM1120,SA,"Boston-Cambridge-Quincy, MA-NH HUD Metro FMR Area",5235122.125,13198.6049234674
2452,01730,METRO14460MM1120,SA,"Boston-Cambridge-Quincy, MA-NH HUD Metro FMR Area",60132652.8164063,34727.5598528573
2453,01827,METRO14460MM4560,SA,"Lowell, MA HUD Metro FMR Area",80341093.2617188,41521.5216344289
2454,06840,METRO14860M50580,SA,"New Canaan town, CT Exception Area",102901802.65625,43153.3654733311
2455,11209,METRO35620MM5600,SA,"New York, NY HUD Metro FMR Area",9380337.72265625,17006.074128876
2456,11234,METRO35620MM5600,SA,"New York, NY HUD Metro FMR Area",35612054.1445313,32042.5372550693
2457,32259,METRO27260M27260,SA,"Jacksonville, FL HUD Metro FMR Area",263683414.960938,82769.3817518452
2458,30220,METRO12060N13199,SA,"Meriwether County, GA HUD Metro FMR Area",82079498.9765625,43646.6682149278
2459,08640,METRO37980M37980,SA,"Philadelphia-Camden-Wilmington, PA-NJ-DE-MD MSA",82805005.7890625,53908.8353001779
2460,07444,METRO35620MM5640,SA,"Newark, NJ HUD Metro FMR Area",24479826.5117188,25497.5049120528
2461,10506,METRO35620MM5600,SA,"New York, NY HUD Metro FMR Area",77080468.6210938,53188.8054515416
2462,38036,METRO32820M32820,SA,"Memphis, TN-MS-AR HUD Metro FMR Area",898430.953125,4477.11785708264
2463,11370,METRO35620MM5600,SA,"New York, NY HUD Metro FMR Area",6935550.7265625,18449.6009442189
2464,19102,METRO37980M37980,SA,"Philadelphia-Camden-Wilmington, PA-NJ-DE-MD MSA",817313.796875,5685.36664331786
2465,30303,METRO12060M12060,SA,"Atlanta-Sandy Springs-Roswell, GA HUD Metro FMR Area",3874863.80859375,12798.0406115226
2466,72751,METRO22220M22220,SA,"Fayetteville-Springdale-Rogers, AR MSA",96787468.2695313,57443.4035482697
2467,11363,METRO35620MM5600,SA,"New York, NY HUD Metro FMR Area",3975509.6875,8380.50529603317
2468,11375,METRO35620MM5600,SA,"New York, NY HUD Metro FMR Area",11902570.4570313,16215.2179275367
2469,11417,METRO35620MM5600,SA,"New York, NY HUD Metro FMR Area",5008976.62890625,11238.5760179849
2470,98516,METRO36500M36500,SA,"Olympia-Lacey-Tumwater, WA MSA",165162941.757813,79177.5064004147
2471,92131,METRO41740M41740,SA,"San Diego-Chula Vista-Carlsbad, CA MSA",143138329.957031,62101.4387288446
2472,21056,METRO12580M12580,SA,"Baltimore-Columbia-Towson, MD MSA",7011358.734375,12782.5381533541
2473,07041,METRO35620MM5640,SA,"Newark, NJ HUD Metro FMR Area",6056336.55078125,13400.9610368444
2474,60208,METRO16980M16980,SA,"Chicago-Joliet-Naperville, IL HUD Metro FMR Area",924090.37109375,5436.95974543023
2475,60201,METRO16980M16980,SA,"Chicago-Joliet-Naperville, IL HUD Metro FMR Area",21158041.9882813,24145.9758859994
2476,07945,METRO35620MM5640,SA,"Newark, NJ HUD Metro FMR Area",89565019.4726563,54107.0922703978
2477,33177,METRO33100MM5000,SA,"Miami-Miami Beach-Kendall, FL HUD Metro FMR Area",41112601.1640625,30279.4351478216
2478,01266,METRO38340N25003,SA,"Berkshire County, MA (part) HUD Metro FMR Area",96365529.828125,70754.585057104
2479,20764,METRO12580M12580,SA,"Baltimore-Columbia-Towson, MD MSA",19887505.2109375,25044.06930334
2480,19127,METRO37980M37980,SA,"Philadelphia-Camden-Wilmington, PA-NJ-DE-MD MSA",3060801.5078125,14873.9554367471
2481,15090,METRO38300M38300,SA,"Pittsburgh, PA HUD Metro FMR Area",98322332.4765625,85169.2843432095
2482,21029,METRO12580M12580,SA,"Baltimore-Columbia-Towson, MD MSA",74516101.7460938,80369.5622186646
2483,60504,METRO16980M16980,SA,"Chicago-Joliet-Naperville, IL HUD Metro FMR Area",41458754.3789063,42600.6968546656
2484,06525,METRO35300M35300,SA,"New Haven, CT MSA",88301792.6015625,42131.5895160787
2485,18914,METRO37980M37980,SA,"Philadelphia-Camden-Wilmington, PA-NJ-DE-MD MSA",78652452.65625,73694.3274789136
2486,18938,METRO37980M37980,SA,"Philadelphia-Camden-Wilmington, PA-NJ-DE-MD MSA",186390869.972656,105048.759473347
2487,94304,METRO41940M41940,SA,"San Jose-Sunnyvale-Santa Clara, CA HUD Metro FMR Area",19753588.4023438,45147.6177486658
2488,33182,METRO33100MM5000,SA,"Miami-Miami Beach-Kendall, FL HUD Metro FMR Area",12481182.4375,17496.1022561805
2489,03087,METRO14460MM4160,SA,"Lawrence, MA-NH HUD Metro FMR Area",133679328.4375,49074.3315799634
2490,30040,METRO12060M12060,SA,"Atlanta-Sandy Springs-Roswell, GA HUD Metro FMR Area",221077262.941406,90351.960709281
2491,32937,METRO37340M37340,SA,"Palm Bay-Melbourne-Titusville, FL MSA",45828276.7949219,49107.0172712758
2492,11231,METRO35620MM5600,SA,"New York, NY HUD Metro FMR Area",7195594.703125,11877.5266228873
2493,77386,METRO26420M26420,SA,"Houston-The Woodlands-Sugar Land, TX HUD Metro FMR Area",143318521.128906,77296.1567438288
2494,12540,METRO28880M28880,SA,"Kiryas Joel-Poughkeepsie-Newburgh, NY MSA",165337375.097656,88436.044792234
2495,20778,METRO12580M12580,SA,"Baltimore-Columbia-Towson, MD MSA",35900263.328125,37899.338304008
2496,00987,METRO41980MM7440,SA,"San Juan-Guaynabo, PR HUD Metro FMR Area",75534662.2890625,55884.9151115537
2497,80923,METRO17820M17820,SA,"Colorado Springs, CO HUD Metro FMR Area",29931900.0273438,28763.9361136673
2498,30328,METRO12060M12060,SA,"Atlanta-Sandy Springs-Roswell, GA HUD Metro FMR Area",48925369.5390625,37860.3761524561
2499,37221,METRO34980M34980,SA,"Nashville-Davidson--Murfreesboro--Franklin, TN HUD Metro FMR Area",197169286.210938,106627.179346229
2500,21042,METRO12580M12580,SA,"Baltimore-Columbia-Towson, MD MSA",160792603.082031,70830.1045524103
2501,78215,METRO41700M41700,SA,"San Antonio-New Braunfels, TX HUD Metro FMR Area",3627449.5390625,12308.8772595011
2502,88012,METRO29740M29740,SA,"Las Cruces, NM MSA",1276248113.56641,252965.554552597
2503,75094,METRO19100M19100,SA,"Dallas, TX HUD Metro FMR Area",26491262.421875,24937.2530011009
2504,95018,METRO42100M42100,SA,"Santa Cruz-Watsonville, CA MSA",72144239.1875,83446.7733447262
2505,90232,METRO31080MM4480,SA,"Los Angeles-Long Beach-Glendale, CA HUD Metro FMR Area",8290396.1796875,19595.8377391964
2506,96761,METRO27980M27980,SA,"Kahului-Wailuku-Lahaina, HI HUD Metro FMR Area",284883139.289063,86498.9880278571
2507,10709,METRO35620MM5600,SA,"New York, NY HUD Metro FMR Area",7501875.4609375,17178.9245514082
2508,33912,METRO15980M15980,SA,"Cape Coral-Fort Myers, FL MSA",71811943.0488281,40413.4139023037
2509,91204,METRO31080MM4480,SA,"Los Angeles-Long Beach-Glendale, CA HUD Metro FMR Area",3924372.69921875,11912.3378090778
2510,93222,METRO12540M12540,SA,"Bakersfield-Delano, CA MSA",418715602.460938,130458.110880419
2511,11530,METRO35620MM5380,SA,"Nassau-Suffolk, NY HUD Metro FMR Area",32802697.5429688,36836.2840081279
2512,85613,METRO43420M43420,SA,"Sierra Vista-Douglas, AZ MSA",203774840.523438,80250.8902682739
2513,10032,METRO35620MM5600,SA,"New York, NY HUD Metro FMR Area",3034426.73828125,8809.90678533736
2514,29714,METRO16740N45023,SA,"Chester County, SC HUD Metro FMR Area",130010669.753906,73785.2449052145
2515,30144,METRO12060M12060,SA,"Atlanta-Sandy Springs-Roswell, GA HUD Metro FMR Area",84428050.3359375,70465.3679822058
2516,33914,METRO15980M15980,SA,"Cape Coral-Fort Myers, FL MSA",95574751.6484375,49365.3915854776
2517,92335,METRO40140M40140,SA,"Riverside-San Bernardino-Ontario, CA MSA",66025406.4726563,42239.4480811885
2518,01886,METRO14460MM4560,SA,"Lowell, MA HUD Metro FMR Area",149961341.203125,50824.4451211311
2519,32221,METRO27260M27260,SA,"Jacksonville, FL HUD Metro FMR Area",166118318.679688,70278.5007880597
2520,33014,METRO33100MM5000,SA,"Miami-Miami Beach-Kendall, FL HUD Metro FMR Area",24238366.9238281,27929.0807502615
2521,60613,METRO16980M16980,SA,"Chicago-Joliet-Naperville, IL HUD Metro FMR Area",11016220.3242188,20229.9278967024
2522,95757,METRO40900M40900,SA,"Sacramento--Roseville--Arden-Arcade, CA HUD Metro FMR Area",276167202.164063,81821.4919107291
2523,33625,METRO45300M45300,SA,"Tampa-St. Petersburg-Clearwater, FL MSA",31546005.7050781,27264.0341727705
2524,32735,METRO36740M36740,SA,"Orlando-Kissimmee-Sanford, FL MSA",17683737.4824219,27102.666107566
2525,21146,METRO12580M12580,SA,"Baltimore-Columbia-Towson, MD MSA",54280211.4335938,43465.1499059106
2526,31699,METRO46660M46660,SA,"Valdosta, GA MSA",16120272.4277344,22019.4224854456
2527,32079,METRO27260M27260,SA,"Jacksonville, FL HUD Metro FMR Area",1547873.62304688,8433.41817830932
2528,75013,METRO19100M19100,SA,"Dallas, TX HUD Metro FMR Area",55817394.5898438,36121.5374811282
2529,90066,METRO31080MM4480,SA,"Los Angeles-Long Beach-Glendale, CA HUD Metro FMR Area",18322255.4296875,24220.5439189279
2530,07033,METRO35620MM5640,SA,"Newark, NJ HUD Metro FMR Area",9634025.20703125,18808.8480423348
2531,90290,METRO31080MM4480,SA,"Los Angeles-Long Beach-Glendale, CA HUD Metro FMR Area",70928213.6601563,51941.0279990504
2532,33614,METRO45300M45300,SA,"Tampa-St. Petersburg-Clearwater, FL MSA",33829141.1132813,31959.3707273078
2533,33071,METRO33100MM2680,SA,"Fort Lauderdale, FL HUD Metro FMR Area",25180830.8730469,21435.9392716036
2534,33777,METRO45300M45300,SA,"Tampa-St. Petersburg-Clearwater, FL MSA",21319425.7636719,24383.0454228293
2535,91403,METRO31080MM4480,SA,"Los Angeles-Long Beach-Glendale, CA HUD Metro FMR Area",13587770.765625,22773.2620183528
2536,22202,METRO47900M47900,SA,"Washington-Arlington-Alexandria, DC-VA-MD HUD Metro FMR Area",17031561.8085938,20969.7540641517
2537,78733,METRO12420M12420,SA,"Austin-Round Rock-San Marcos, TX MSA",39876480.859375,35046.8844703935
2538,77478,METRO26420M26420,SA,"Houston-The Woodlands-Sugar Land, TX HUD Metro FMR Area",36918226.3789063,35869.6536006879
2539,29365,METRO43900M43900,SA,"Spartanburg, SC HUD Metro FMR Area",70716189.8828125,70835.6326461457
2540,98580,METRO42660MM8200,SA,"Tacoma, WA HUD Metro FMR Area",733671317.6875,167942.15252859
2541,92624,METRO31080MM5945,SA,"Santa Ana-Anaheim-Irvine, CA HUD Metro FMR Area",5370619.75390625,19944.932611332
2542,32444,METRO37460M37460,SA,"Panama City, FL HUD Metro FMR Area",51039605.9082031,43171.3536898301
2543,10022,METRO35620MM5600,SA,"New York, NY HUD Metro FMR Area",1998825.27734375,7901.03435063222
2544,91790,METRO31080MM4480,SA,"Los Angeles-Long Beach-Glendale, CA HUD Metro FMR Area",21890237.578125,30359.5087585222
2545,60089,METRO16980M16980,SA,"Chicago-Joliet-Naperville, IL HUD Metro FMR Area",46705340.421875,75792.7304235492
2546,77044,METRO26420M26420,SA,"Houston-The Woodlands-Sugar Land, TX HUD Metro FMR Area",161222279.242188,62816.6415772413
2547,98074,METRO42660MM7600,SA,"Seattle-Bellevue, WA HUD Metro FMR Area",70046519.40625,47340.6926962991
2548,91913,METRO41740M41740,SA,"San Diego-Chula Vista-Carlsbad, CA MSA",33368441.015625,34875.9579821741
2549,38654,METRO32820M32820,SA,"Memphis, TN-MS-AR HUD Metro FMR Area",343340509.144531,89544.2258542567
2550,38654,METRO32820N28093,SA,"Marshall County, MS HUD Metro FMR Area",11956943,25709.9439047916
2551,83709,METRO14260M14260,SA,"Boise City, ID HUD Metro FMR Area",167197731.488281,78686.0105480528
2552,10605,METRO35620MM5600,SA,"New York, NY HUD Metro FMR Area",24601207.609375,22653.3291502255
2553,93723,METRO23420M23420,SA,"Fresno, CA HUD Metro FMR Area",166318916.542969,67134.5378280132
2554,59834,METRO33540M33540,SA,"Missoula, MT HUD Metro FMR Area",376354941.289063,125161.737167996
2555,93953,METRO41500M41500,SA,"Salinas, CA MSA",32005071.078125,29433.2541553779
2556,75001,METRO19100M19100,SA,"Dallas, TX HUD Metro FMR Area",13860200.4726563,23293.7991448773
2557,76655,METRO47380M47380,SA,"Waco, TX HUD Metro FMR Area",232212598.742188,113053.430622512
2558,76655,METRO47380N48145,SA,"Falls County, TX HUD Metro FMR Area",46644776.9101563,54114.9098463795
2559,10023,METRO35620MM5600,SA,"New York, NY HUD Metro FMR Area",4540660.73046875,12259.8104102612
2560,94116,METRO41860MM7360,SA,"San Francisco, CA HUD Metro FMR Area",10655827.1132813,16001.2507325903
2561,91504,METRO31080MM4480,SA,"Los Angeles-Long Beach-Glendale, CA HUD Metro FMR Area",35470366.28125,33406.3924034716
2562,92678,METRO31080MM5945,SA,"Santa Ana-Anaheim-Irvine, CA HUD Metro FMR Area",142771914.59375,68514.2673753224
2563,94301,METRO41940M41940,SA,"San Jose-Sunnyvale-Santa Clara, CA HUD Metro FMR Area",9702393.28125,15648.9926640807
2564,33334,METRO33100MM2680,SA,"Fort Lauderdale, FL HUD Metro FMR Area",15489331.9824219,18869.496892437
2565,19355,METRO37980M37980,SA,"Philadelphia-Camden-Wilmington, PA-NJ-DE-MD MSA",170536205.941406,112275.875355427
2566,93292,METRO47300M47300,SA,"Visalia, CA MSA",459431315.855469,170106.192742209
2567,89508,METRO39900M39900,SA,"Reno, NV HUD Metro FMR Area",667219157.820313,143426.408774595
2568,89440,METRO39900M39900,SA,"Reno, NV HUD Metro FMR Area",54043698,54727.4487661118
2569,90638,METRO31080MM4480,SA,"Los Angeles-Long Beach-Glendale, CA HUD Metro FMR Area",29015322.8476563,33049.0125492046
2570,07751,METRO35620MM5190,SA,"Monmouth-Ocean, NJ HUD Metro FMR Area",74581162.8007813,59504.1376170547
2571,07670,METRO35620MM0875,SA,"Bergen-Passaic, NJ HUD Metro FMR Area",23495201.0078125,22443.9326291526
2572,99005,METRO44060M44060,SA,"Spokane, WA HUD Metro FMR Area",227402286.117188,111807.0820856
2573,02632,METRO12700M12700,SA,"Barnstable Town, MA MSA",41489547.2539063,32344.9178595419
2574,79911,METRO21340M21340,SA,"El Paso, TX HUD Metro FMR Area",124417747.519531,52028.736012122
2575,79922,METRO21340M21340,SA,"El Paso, TX HUD Metro FMR Area",24365312.171875,37297.148941456
2576,92656,METRO31080MM5945,SA,"Santa Ana-Anaheim-Irvine, CA HUD Metro FMR Area",29928206.8203125,31217.4365293938
2577,98315,METRO14740M14740,SA,"Bremerton-Silverdale-Port Orchard, WA MSA",63000719.1015625,38834.2097159208
2578,90402,METRO31080MM4480,SA,"Los Angeles-Long Beach-Glendale, CA HUD Metro FMR Area",7553088.171875,20162.2233603197
2579,92629,METRO31080MM5945,SA,"Santa Ana-Anaheim-Irvine, CA HUD Metro FMR Area",19826055.8398438,21636.1956841654
2580,91773,METRO31080MM4480,SA,"Los Angeles-Long Beach-Glendale, CA HUD Metro FMR Area",58337921.0234375,58899.4270376352
2581,30342,METRO12060M12060,SA,"Atlanta-Sandy Springs-Roswell, GA HUD Metro FMR Area",34005454.03125,35461.8882884451
2582,92883,METRO40140M40140,SA,"Riverside-San Bernardino-Ontario, CA MSA",212029847.671875,85514.7603305833
2583,07722,METRO35620MM5190,SA,"Monmouth-Ocean, NJ HUD Metro FMR Area",158784203.660156,66022.7792318675
2584,32137,METRO19660M37380,SA,"Palm Coast, FL HUD Metro FMR Area",226880764.044922,106085.609686302
2585,32708,METRO36740M36740,SA,"Orlando-Kissimmee-Sanford, FL MSA",68642085.6953125,54399.2854258899
2586,60473,METRO16980M16980,SA,"Chicago-Joliet-Naperville, IL HUD Metro FMR Area",36549482.515625,51607.3065722758
2587,31410,METRO42340M42340,SA,"Savannah, GA MSA",93104461.0996094,64998.5843533976
2588,07302,METRO35620MM3640,SA,"Jersey City, NJ HUD Metro FMR Area",6918643.16796875,14946.3463491343
2589,92109,METRO41740M41740,SA,"San Diego-Chula Vista-Carlsbad, CA MSA",41084400.0976563,31967.9711425769
2590,92110,METRO41740M41740,SA,"San Diego-Chula Vista-Carlsbad, CA MSA",18655082.875,34814.0899513609
2591,89138,METRO29820M29820,SA,"Las Vegas-Henderson-North Las Vegas, NV MSA",72563263.703125,61053.1777514354
2592,76051,METRO19100MM2800,SA,"Fort Worth-Arlington, TX HUD Metro FMR Area",93782330.796875,59685.6759035359
2593,89144,METRO29820M29820,SA,"Las Vegas-Henderson-North Las Vegas, NV MSA",17767889.5429688,19960.3428286276
2594,91711,METRO31080MM4480,SA,"Los Angeles-Long Beach-Glendale, CA HUD Metro FMR Area",57060386.6679688,38770.0303635382
2595,92260,METRO40140M40140,SA,"Riverside-San Bernardino-Ontario, CA MSA",118032819.621094,73246.7682682271
2596,92262,METRO40140M40140,SA,"Riverside-San Bernardino-Ontario, CA MSA",132378404.832031,64670.8733050737
2597,21737,METRO12580M12580,SA,"Baltimore-Columbia-Towson, MD MSA",22335331.1210938,30641.7476531728
2598,11040,METRO35620MM5380,SA,"Nassau-Suffolk, NY HUD Metro FMR Area",21112685.7226563,23829.806473314
2599,11040,METRO35620MM5600,SA,"New York, NY HUD Metro FMR Area",741696.609375,6158.03828618951
2600,92264,METRO40140M40140,SA,"Riverside-San Bernardino-Ontario, CA MSA",191696776.136719,114887.728240455
2601,93449,METRO42020M42020,SA,"San Luis Obispo-Paso Robles, CA MSA",38399387.5976563,36764.3142523286
2602,75249,METRO19100M19100,SA,"Dallas, TX HUD Metro FMR Area",20176492.0976563,25459.0668630457
2603,98199,METRO42660MM7600,SA,"Seattle-Bellevue, WA HUD Metro FMR Area",24992282.7734375,23245.2490464441
2604,92313,METRO40140M40140,SA,"Riverside-San Bernardino-Ontario, CA MSA",13729480.1992188,20234.4502187615
2605,90263,METRO31080MM4480,SA,"Los Angeles-Long Beach-Glendale, CA HUD Metro FMR Area",862719.9296875,4851.06913804476
2606,87122,METRO10740M10740,SA,"Albuquerque, NM MSA",84316719.4882813,55248.0790752416
2607,92325,METRO40140M40140,SA,"Riverside-San Bernardino-Ontario, CA MSA",33661727.7265625,40195.0232144157
2608,90017,METRO31080MM4480,SA,"Los Angeles-Long Beach-Glendale, CA HUD Metro FMR Area",2709423.49609375,8809.56314154622
2609,91011,METRO31080MM4480,SA,"Los Angeles-Long Beach-Glendale, CA HUD Metro FMR Area",42817171.0585938,39745.3503895467
2610,85382,METRO38060M38060,SA,"Phoenix-Mesa-Chandler, AZ MSA",37169069.8085938,40008.9030663925
2611,91107,METRO31080MM4480,SA,"Los Angeles-Long Beach-Glendale, CA HUD Metro FMR Area",32280866.6132813,33536.4426953872
2612,08085,METRO37980M37980,SA,"Philadelphia-Camden-Wilmington, PA-NJ-DE-MD MSA",202219407.292969,101249.322919361
2613,75201,METRO19100M19100,SA,"Dallas, TX HUD Metro FMR Area",5080780.109375,15627.4876070355
2614,91207,METRO31080MM4480,SA,"Los Angeles-Long Beach-Glendale, CA HUD Metro FMR Area",6096225.62890625,11337.2227545474
2615,32407,METRO37460M37460,SA,"Panama City, FL HUD Metro FMR Area",58861136.2050781,52950.894439373
2616,33702,METRO45300M45300,SA,"Tampa-St. Petersburg-Clearwater, FL MSA",41282998.2753906,40168.8496042693
2617,33759,METRO45300M45300,SA,"Tampa-St. Petersburg-Clearwater, FL MSA",18563554.9902344,29385.6470514125
2618,34743,METRO36740M36740,SA,"Orlando-Kissimmee-Sanford, FL MSA",23407823.4550781,21706.9748505487
2619,95977,METRO49700M49700,SA,"Yuba City, CA MSA",100505314.597656,66320.9032675304
2620,98021,METRO42660MM7600,SA,"Seattle-Bellevue, WA HUD Metro FMR Area",58125164.359375,43178.9098738324
2621,28411,METRO48900N37141,SA,"Pender County, NC HUD Metro FMR Area",31990211.6523438,34257.1359689951
2622,23438,METRO47260M47260,SA,"Virginia Beach-Norfolk-Newport News, VA-NC HUD Metro FMR Area",159999187.847656,85098.3417242535
2623,02111,METRO14460MM1120,SA,"Boston-Cambridge-Quincy, MA-NH HUD Metro FMR Area",914335.65625,4891.39940233095
2624,92075,METRO41740M41740,SA,"San Diego-Chula Vista-Carlsbad, CA MSA",13344133.4375,20589.3014096097
2625,06518,METRO35300M35300,SA,"New Haven, CT MSA",76340478.71875,49665.1661674107
2626,00907,METRO41980MM7440,SA,"San Juan-Guaynabo, PR HUD Metro FMR Area",6533634.33886719,14118.5319273472
2627,33065,METRO33100MM2680,SA,"Fort Lauderdale, FL HUD Metro FMR Area",28152867.3574219,25893.5762670104
2628,91601,METRO31080MM4480,SA,"Los Angeles-Long Beach-Glendale, CA HUD Metro FMR Area",10077894.1914063,15909.7178807904
2629,91602,METRO31080MM4480,SA,"Los Angeles-Long Beach-Glendale, CA HUD Metro FMR Area",7814966.79296875,14164.4223159929
2630,75248,METRO19100M19100,SA,"Dallas, TX HUD Metro FMR Area",27600854.8984375,28989.7161392861
2631,28036,METRO16740N37097,SA,"Iredell County, NC HUD Metro FMR Area",7432607.7890625,23412.6193672964
2632,20769,METRO47900M47900,SA,"Washington-Arlington-Alexandria, DC-VA-MD HUD Metro FMR Area",28069139.8867188,33153.5185222951
2633,20777,METRO12580M12580,SA,"Baltimore-Columbia-Towson, MD MSA",32104464.7109375,30713.0028318079
2634,23693,METRO47260M47260,SA,"Virginia Beach-Norfolk-Newport News, VA-NC HUD Metro FMR Area",59559628.4492188,52641.308562883
2635,32129,METRO19660M19660,SA,"Deltona-Daytona Beach-Ormond Beach, FL HUD Metro FMR Area",26355659.8203125,35784.5217643015
2636,80913,METRO17820M17820,SA,"Colorado Springs, CO HUD Metro FMR Area",101827181.976563,68012.3795146359
2637,10010,METRO35620MM5600,SA,"New York, NY HUD Metro FMR Area",1701409.16796875,8693.79205295281
2638,83713,METRO14260M14260,SA,"Boise City, ID HUD Metro FMR Area",32686859.3671875,31397.9352505564
2639,21053,METRO12580M12580,SA,"Baltimore-Columbia-Towson, MD MSA",95270036.4882813,55665.5259284048
2640,01519,METRO49340M49340,SA,"Worcester, MA HUD Metro FMR Area",50920090.5546875,39541.0238080441
2641,20755,METRO12580M12580,SA,"Baltimore-Columbia-Towson, MD MSA",45728826.6484375,35153.544024516
2642,33827,METRO29460M29460,SA,"Lakeland-Winter Haven, FL MSA",119742789.509766,78135.4719258775
2643,33706,METRO45300M45300,SA,"Tampa-St. Petersburg-Clearwater, FL MSA",25248181.5449219,35503.1720221252
2644,80130,METRO19740M19740,SA,"Denver-Aurora-Centennial, CO MSA",29945311.0625,34565.917894078
2645,98027,METRO42660MM7600,SA,"Seattle-Bellevue, WA HUD Metro FMR Area",328729410.101563,122679.378112386
2646,04055,METRO38860N23005,SA,"Cumberland County, ME (part) HUD Metro FMR Area",186279243.175781,75376.1726436816
2647,06070,METRO25540M25540,SA,"Hartford-West Hartford-East Hartford, CT MSA",107694809.117188,77643.4264528715
2648,06896,METRO14860M14860,SA,"Bridgeport-Stamford-Danbury, CT MSA",146712872.53125,52657.9417529999
2649,34654,METRO45300M45300,SA,"Tampa-St. Petersburg-Clearwater, FL MSA",87619172.9355469,41607.8195187516
2650,33578,METRO45300M45300,SA,"Tampa-St. Petersburg-Clearwater, FL MSA",75160753.7792969,78079.3730830247
2651,07006,METRO35620MM5640,SA,"Newark, NJ HUD Metro FMR Area",42521661.3984375,34084.6358870216
2652,07733,METRO35620MM5190,SA,"Monmouth-Ocean, NJ HUD Metro FMR Area",80292911.640625,43875.1021440614
2653,07430,METRO35620MM0875,SA,"Bergen-Passaic, NJ HUD Metro FMR Area",118065621.332031,57693.4192784293
2654,92014,METRO41740M41740,SA,"San Diego-Chula Vista-Carlsbad, CA MSA",23432208.0507813,32653.8050023976
2655,91208,METRO31080MM4480,SA,"Los Angeles-Long Beach-Glendale, CA HUD Metro FMR Area",28249620.1640625,34765.7301320944
2656,30905,METRO12260M12260,SA,"Augusta-Richmond County, GA-SC HUD Metro FMR Area",67978069.5664063,52151.4545829542
2657,00918,METRO41980MM7440,SA,"San Juan-Guaynabo, PR HUD Metro FMR Area",7945639.12792969,13812.7893182884
2658,95819,METRO40900M40900,SA,"Sacramento--Roseville--Arden-Arcade, CA HUD Metro FMR Area",15750141.890625,19136.0336700646
2659,93950,METRO41500M41500,SA,"Salinas, CA MSA",11016279.1484375,18196.9288804084
2660,90291,METRO31080MM4480,SA,"Los Angeles-Long Beach-Glendale, CA HUD Metro FMR Area",9061949.1484375,13229.7281317105
2661,94002,METRO41860MM7360,SA,"San Francisco, CA HUD Metro FMR Area",23262544.4140625,28974.1495327371
2662,91786,METRO40140M40140,SA,"Riverside-San Bernardino-Ontario, CA MSA",33871601.2578125,27011.6866115202
2663,21723,METRO12580M12580,SA,"Baltimore-Columbia-Towson, MD MSA",15719093.5625,26725.2059550631
2664,21738,METRO12580M12580,SA,"Baltimore-Columbia-Towson, MD MSA",30491397.328125,32556.5919550511
2665,04017,METRO38860MM6400,SA,"Portland, ME HUD Metro FMR Area",17933134.4804688,43760.6887199815
2666,97730,METRO13460N41031,SA,"Jefferson County, OR HUD Metro FMR Area",131504201.921875,117933.453815683
2667,28117,METRO16740N37097,SA,"Iredell County, NC HUD Metro FMR Area",214910481.054688,88501.8456682708
2668,33602,METRO45300M45300,SA,"Tampa-St. Petersburg-Clearwater, FL MSA",9855976.11914063,20121.6720205439
2669,76123,METRO19100MM2800,SA,"Fort Worth-Arlington, TX HUD Metro FMR Area",38833802.7148438,43218.7422776075
2670,33411,METRO33100MM8960,SA,"West Palm Beach-Boca Raton, FL HUD Metro FMR Area",117991248.669922,64186.7841028176
2671,33710,METRO45300M45300,SA,"Tampa-St. Petersburg-Clearwater, FL MSA",30998619.875,25486.2438127212
2672,33175,METRO33100MM5000,SA,"Miami-Miami Beach-Kendall, FL HUD Metro FMR Area",26391493.3710938,28164.2383863832
2673,08321,METRO47220M47220,SA,"Vineland, NJ MSA",40760220.9570313,43259.847480219
2674,10527,METRO35620MM5600,SA,"New York, NY HUD Metro FMR Area",10246140.734375,17064.6632475074
2675,95614,METRO40900M40900,SA,"Sacramento--Roseville--Arden-Arcade, CA HUD Metro FMR Area",136069284.523438,64936.8172702407
2676,75098,METRO19100M19100,SA,"Dallas, TX HUD Metro FMR Area",143478758.808594,68145.0677056011
2677,34219,METRO35840M35840,SA,"North Port-Bradenton-Sarasota, FL MSA",702859224.511719,175025.469804398
2678,10930,METRO28880M28880,SA,"Kiryas Joel-Poughkeepsie-Newburgh, NY MSA",74756899.1289063,65527.399354083
2679,22939,METRO44420M44420,SA,"Staunton-Stuarts Draft, VA MSA",74342541.5117188,72786.647077104
2680,11436,METRO35620MM5600,SA,"New York, NY HUD Metro FMR Area",3604828.04296875,9016.45691300755
2681,11215,METRO35620MM5600,SA,"New York, NY HUD Metro FMR Area",9927189.3203125,16974.8640830886
2682,32824,METRO36740M36740,SA,"Orlando-Kissimmee-Sanford, FL MSA",114373414.130859,67240.4660235703
2683,20720,METRO47900M47900,SA,"Washington-Arlington-Alexandria, DC-VA-MD HUD Metro FMR Area",64560585.046875,63877.172156656
2684,85650,METRO43420M43420,SA,"Sierra Vista-Douglas, AZ MSA",147604124.929688,62960.9293834717
2685,85004,METRO38060M38060,SA,"Phoenix-Mesa-Chandler, AZ MSA",7626552.328125,20501.787385239
2686,33305,METRO33100MM2680,SA,"Fort Lauderdale, FL HUD Metro FMR Area",7708534.55273438,22654.6883901188
2687,21075,METRO12580M12580,SA,"Baltimore-Columbia-Towson, MD MSA",60497219.2226563,50520.6453133498
2688,33778,METRO45300M45300,SA,"Tampa-St. Petersburg-Clearwater, FL MSA",13145767.2734375,21159.862460625
2689,06612,METRO14860M23890,SA,"Easton town, CT Exception Area",131312481.066406,58893.921539476
2690,33761,METRO45300M45300,SA,"Tampa-St. Petersburg-Clearwater, FL MSA",17205344.3769531,24706.58355562
2691,33321,METRO33100MM2680,SA,"Fort Lauderdale, FL HUD Metro FMR Area",27867595.9667969,23912.4063253183
2692,33772,METRO45300M45300,SA,"Tampa-St. Petersburg-Clearwater, FL MSA",20495098.453125,25172.5509140193
2693,33543,METRO45300M45300,SA,"Tampa-St. Petersburg-Clearwater, FL MSA",87912936.6210938,42523.5158981659
2694,10543,METRO35620MM5600,SA,"New York, NY HUD Metro FMR Area",20211324.9335938,30350.9073023715
2695,60491,METRO16980M16980,SA,"Chicago-Joliet-Naperville, IL HUD Metro FMR Area",118825944.042969,60530.7602995153
2696,32803,METRO36740M36740,SA,"Orlando-Kissimmee-Sanford, FL MSA",25742164.6347656,34036.0469733374
2697,10601,METRO35620MM5600,SA,"New York, NY HUD Metro FMR Area",2940280.09375,7908.62772769875
2698,98332,METRO42660MM8200,SA,"Tacoma, WA HUD Metro FMR Area",122421499.476563,50110.9304768042
2699,10968,METRO35620MM5600,SA,"New York, NY HUD Metro FMR Area",2906877.6171875,12825.7916059704
2700,60042,METRO16980M16980,SA,"Chicago-Joliet-Naperville, IL HUD Metro FMR Area",24053561.4375,27026.2555088639
2701,60540,METRO16980M16980,SA,"Chicago-Joliet-Naperville, IL HUD Metro FMR Area",62590572.2578125,51674.6139966047
2702,02492,METRO14460MM1120,SA,"Boston-Cambridge-Quincy, MA-NH HUD Metro FMR Area",46970533.046875,40177.6595431265
2703,08691,METRO35620MM5190,SA,"Monmouth-Ocean, NJ HUD Metro FMR Area",12439966.3710938,27264.8862396516
2704,08691,METRO45940M45940,SA,"Trenton-Princeton, NJ MSA",96188908.9960938,67081.0612243806
2705,33165,METRO33100MM5000,SA,"Miami-Miami Beach-Kendall, FL HUD Metro FMR Area",24803542.5195313,21675.7406351283
2706,08046,METRO37980M37980,SA,"Philadelphia-Camden-Wilmington, PA-NJ-DE-MD MSA",34829124.2734375,28317.4608281919
2707,07836,METRO35620MM5640,SA,"Newark, NJ HUD Metro FMR Area",66195889.4726563,61331.1775711043
2708,33556,METRO45300M45300,SA,"Tampa-St. Petersburg-Clearwater, FL MSA",216734820.208984,81106.7219981118
2709,32566,METRO37860M37860,SA,"Pensacola-Ferry Pass-Brent, FL MSA",181266813.060547,71802.4990599818
2710,07974,METRO35620MM5640,SA,"Newark, NJ HUD Metro FMR Area",17929337.4375,21353.3320606355
2711,29063,METRO17900M17900,SA,"Columbia, SC HUD Metro FMR Area",160183294.976563,82910.9164932863
2712,01803,METRO14460MM1120,SA,"Boston-Cambridge-Quincy, MA-NH HUD Metro FMR Area",54242934.4453125,32286.3903297877
2713,01833,METRO14460MM4160,SA,"Lawrence, MA-NH HUD Metro FMR Area",62953029.703125,33469.8799243726
2714,06820,METRO14860M18850,SA,"Darien town, CT Exception Area",60349675.8398438,39495.217661657
2715,19106,METRO37980M37980,SA,"Philadelphia-Camden-Wilmington, PA-NJ-DE-MD MSA",6454524.80078125,16413.9743550589
2716,18618,METRO42540M42540,SA,"Scranton--Wilkes-Barre, PA MSA",102007497.980469,89605.4366299219
2717,90746,METRO31080MM4480,SA,"Los Angeles-Long Beach-Glendale, CA HUD Metro FMR Area",22045254.9414063,24692.4172738792
2718,32176,METRO19660M19660,SA,"Deltona-Daytona Beach-Ormond Beach, FL HUD Metro FMR Area",23066873.5175781,46422.1048634507
2719,95357,METRO33700M33700,SA,"Modesto, CA MSA",163469619.730469,116688.439249219
2720,19010,METRO37980M37980,SA,"Philadelphia-Camden-Wilmington, PA-NJ-DE-MD MSA",37474305.1601563,39650.0302404926
2721,00766,METRO41980N72923,SA,"Barranquitas-Aibonito, PR HUD Metro FMR Area",7435144.39550781,22716.1042278527
2722,77345,METRO26420M26420,SA,"Houston-The Woodlands-Sugar Land, TX HUD Metro FMR Area",36489471.4023438,31744.1735684149
2723,95014,METRO41940M41940,SA,"San Jose-Sunnyvale-Santa Clara, CA HUD Metro FMR Area",102520433.359375,66999.9972104519
2724,32951,METRO37340M37340,SA,"Palm Bay-Melbourne-Titusville, FL MSA",84780362.2519531,68379.7403345587
2725,92376,METRO40140M40140,SA,"Riverside-San Bernardino-Ontario, CA MSA",50407979.8085938,38976.1740350872
2726,91436,METRO31080MM4480,SA,"Los Angeles-Long Beach-Glendale, CA HUD Metro FMR Area",20036960.8632813,25232.6489531105
2727,94588,METRO41860MM5775,SA,"Oakland-Fremont, CA HUD Metro FMR Area",137577828.730469,116084.430799301
2728,11797,METRO35620MM5380,SA,"Nassau-Suffolk, NY HUD Metro FMR Area",23184545.7695313,20724.6607791867
2729,92310,METRO40140M40140,SA,"Riverside-San Bernardino-Ontario, CA MSA",322548455.59375,123229.396931162
2730,30045,METRO12060M12060,SA,"Atlanta-Sandy Springs-Roswell, GA HUD Metro FMR Area",81339279.7617188,77043.1547839529
2731,94556,METRO41860MM5775,SA,"Oakland-Fremont, CA HUD Metro FMR Area",80632689.4101563,55628.8165831727
2732,07401,METRO35620MM0875,SA,"Bergen-Passaic, NJ HUD Metro FMR Area",14110259.921875,17560.7842286708
2733,02478,METRO14460MM1120,SA,"Boston-Cambridge-Quincy, MA-NH HUD Metro FMR Area",22357671.40625,21699.2771174098
2734,30028,METRO12060M12060,SA,"Atlanta-Sandy Springs-Roswell, GA HUD Metro FMR Area",192286539.445313,105988.781415747
2735,30030,METRO12060M12060,SA,"Atlanta-Sandy Springs-Roswell, GA HUD Metro FMR Area",25324688.234375,26212.0990496128
2736,48226,METRO19820M19820,SA,"Detroit-Warren-Livonia, MI HUD Metro FMR Area",5838591.6953125,15301.1823657662
2737,11724,METRO35620MM5380,SA,"Nassau-Suffolk, NY HUD Metro FMR Area",17946482.5742188,23701.0507171586
2738,01462,METRO49340MM2600,SA,"Fitchburg-Leominster, MA HUD Metro FMR Area",133753766.09375,52605.7620528694
2739,28202,METRO16740M16740,SA,"Charlotte-Concord-Gastonia, NC-SC HUD Metro FMR Area",7009471.1640625,14694.7927839684
2740,11415,METRO35620MM5600,SA,"New York, NY HUD Metro FMR Area",2523028.5859375,8836.77645164067
2741,10518,METRO35620MM5600,SA,"New York, NY HUD Metro FMR Area",17789974.1796875,24471.4205374386
2742,83427,METRO26820M26820,SA,"Idaho Falls, ID HUD Metro FMR Area",408378732.085938,135467.044726853
2743,20136,METRO47900M47900,SA,"Washington-Arlington-Alexandria, DC-VA-MD HUD Metro FMR Area",59842899.9101563,66940.3291762031
2744,14032,METRO15380M15380,SA,"Buffalo-Cheektowaga, NY MSA",115982407.917969,91950.4090976422
2745,10522,METRO35620MM5600,SA,"New York, NY HUD Metro FMR Area",11075766.6484375,14049.7707380233
2746,19345,METRO37980M37980,SA,"Philadelphia-Camden-Wilmington, PA-NJ-DE-MD MSA",1597969.69921875,6089.87229476391
2747,19372,METRO37980M37980,SA,"Philadelphia-Camden-Wilmington, PA-NJ-DE-MD MSA",4104076.51171875,10158.1254915793
2748,19444,METRO37980M37980,SA,"Philadelphia-Camden-Wilmington, PA-NJ-DE-MD MSA",21390095.0703125,32779.7743366926
2749,19462,METRO37980M37980,SA,"Philadelphia-Camden-Wilmington, PA-NJ-DE-MD MSA",36830232.703125,33065.2252716631
2750,11937,METRO35620MM5380,SA,"Nassau-Suffolk, NY HUD Metro FMR Area",196192654.65625,78359.0530372983
2751,19085,METRO37980M37980,SA,"Philadelphia-Camden-Wilmington, PA-NJ-DE-MD MSA",27546454.0625,37900.4357900555
2752,90603,METRO31080MM4480,SA,"Los Angeles-Long Beach-Glendale, CA HUD Metro FMR Area",11958280.96875,23057.8778088686
2753,33715,METRO45300M45300,SA,"Tampa-St. Petersburg-Clearwater, FL MSA",34312781.6757813,43362.9011986117
2754,07920,METRO35620MM5015,SA,"Middlesex-Somerset-Hunterdon, NJ HUD Metro FMR Area",100710205.671875,76724.061283896
2755,07920,METRO35620MM5640,SA,"Newark, NJ HUD Metro FMR Area",24281767.1914063,32718.2952022597
2756,10013,METRO35620MM5600,SA,"New York, NY HUD Metro FMR Area",2404860.52734375,8714.85569376118
2757,07946,METRO35620MM5640,SA,"Newark, NJ HUD Metro FMR Area",18771845.8203125,34974.3616490399
2758,07976,METRO35620MM5640,SA,"Newark, NJ HUD Metro FMR Area",15597248.9140625,20022.2996999323
2759,60045,METRO16980M16980,SA,"Chicago-Joliet-Naperville, IL HUD Metro FMR Area",101202327.691406,68438.8708622636
2760,60103,METRO16980M16980,SA,"Chicago-Joliet-Naperville, IL HUD Metro FMR Area",87409067.3984375,70891.5291723799
2761,60069,METRO16980M16980,SA,"Chicago-Joliet-Naperville, IL HUD Metro FMR Area",28723133.671875,62074.2372875113
2762,00780,METRO38660M38660,SA,"Ponce, PR HUD Metro FMR Area",56196749.7714844,62802.9618631064
2763,33616,METRO45300M45300,SA,"Tampa-St. Petersburg-Clearwater, FL MSA",14256099.28125,25016.6531124216
2764,30019,METRO12060M12060,SA,"Atlanta-Sandy Springs-Roswell, GA HUD Metro FMR Area",177691345.671875,95913.1459287451
2765,89113,METRO29820M29820,SA,"Las Vegas-Henderson-North Las Vegas, NV MSA",42716336.2929688,38102.1996019714
2766,89158,METRO29820M29820,SA,"Las Vegas-Henderson-North Las Vegas, NV MSA",929396.15625,3828.78773868862
2767,85050,METRO38060M38060,SA,"Phoenix-Mesa-Chandler, AZ MSA",55865556.7226563,38309.3430315605
2768,10035,METRO35620MM5600,SA,"New York, NY HUD Metro FMR Area",6376403.07421875,16504.2558519902
2769,10567,METRO35620MM5600,SA,"New York, NY HUD Metro FMR Area",105212574.722656,74822.4654672861
2770,98029,METRO42660MM7600,SA,"Seattle-Bellevue, WA HUD Metro FMR Area",59681347.1328125,52171.5404100631
2771,98374,METRO42660MM8200,SA,"Tacoma, WA HUD Metro FMR Area",92376401.296875,56232.086486864
2772,04105,METRO38860MM6400,SA,"Portland, ME HUD Metro FMR Area",154853832.667969,75402.2753361836
2773,35147,METRO13820M13820,SA,"Birmingham-Hoover, AL HUD Metro FMR Area",260243784.089844,113617.07246382
2774,21035,METRO12580M12580,SA,"Baltimore-Columbia-Towson, MD MSA",133867834.042969,59391.7275469828
2775,34434,METRO26140M26140,SA,"Homosassa Springs, FL MSA",90393762.7890625,62013.7140876194
2776,92203,METRO40140M40140,SA,"Riverside-San Bernardino-Ontario, CA MSA",69457759.53125,56689.0975831103
2777,90035,METRO31080MM4480,SA,"Los Angeles-Long Beach-Glendale, CA HUD Metro FMR Area",8676830.01953125,16448.2157170677
2778,94618,METRO41860MM5775,SA,"Oakland-Fremont, CA HUD Metro FMR Area",10135768.1132813,23275.5383366163
2779,85253,METRO38060M38060,SA,"Phoenix-Mesa-Chandler, AZ MSA",67874526.90625,45427.784358629
2780,34609,METRO45300M45300,SA,"Tampa-St. Petersburg-Clearwater, FL MSA",74959001.2832031,42062.511031541
2781,33308,METRO33100MM2680,SA,"Fort Lauderdale, FL HUD Metro FMR Area",15461552.6972656,20253.1857123247
2782,02892,METRO39300M39300,SA,"Providence-Fall River, RI-MA HUD Metro FMR Area",129238519.34375,78615.6277523094
2783,02067,METRO14460MM1120,SA,"Boston-Cambridge-Quincy, MA-NH HUD Metro FMR Area",111308262.230469,46164.1414085464
2784,33579,METRO45300M45300,SA,"Tampa-St. Petersburg-Clearwater, FL MSA",73333861.9277344,41999.955940342
2785,74422,METRO46140N40111,SA,"Okmulgee County, OK HUD Metro FMR Area",137414016.269531,65863.9040021525
2786,95391,METRO41860MM5775,SA,"Oakland-Fremont, CA HUD Metro FMR Area",79150245.2695313,48549.1677400726
2787,95391,METRO44700M44700,SA,"Stockton-Lodi, CA MSA",34513254.8828125,35303.9796879056
2788,95616,METRO40900MM9270,SA,"Yolo, CA HUD Metro FMR Area",122613599.285156,61086.2068119846
2789,94085,METRO41940M41940,SA,"San Jose-Sunnyvale-Santa Clara, CA HUD Metro FMR Area",14431995.5117188,18431.3716317662
2790,19406,METRO37980M37980,SA,"Philadelphia-Camden-Wilmington, PA-NJ-DE-MD MSA",60803231.8085938,47804.7945403571
2791,33619,METRO45300M45300,SA,"Tampa-St. Petersburg-Clearwater, FL MSA",100547900.630859,55559.1620791983
2792,32081,METRO27260M27260,SA,"Jacksonville, FL HUD Metro FMR Area",124327065.144531,74702.2039245363
2793,33974,METRO15980M15980,SA,"Cape Coral-Fort Myers, FL MSA",74126890.7011719,51725.7906533643
2794,85309,METRO38060M38060,SA,"Phoenix-Mesa-Chandler, AZ MSA",13354288.421875,21621.0527756124
2795,11377,METRO35620MM5600,SA,"New York, NY HUD Metro FMR Area",11471206.4023438,19859.0896012274
2796,33908,METRO15980M15980,SA,"Cape Coral-Fort Myers, FL MSA",146649589.220703,75524.4099139971
2797,75022,METRO19100M19100,SA,"Dallas, TX HUD Metro FMR Area",76186310.9023438,49165.4756018008
2798,75022,METRO19100MM2800,SA,"Fort Worth-Arlington, TX HUD Metro FMR Area",6071087.40234375,19906.8131636614
2799,75036,METRO19100M19100,SA,"Dallas, TX HUD Metro FMR Area",52653603.0507813,46658.0305838473
2800,91737,METRO40140M40140,SA,"Riverside-San Bernardino-Ontario, CA MSA",38168101.5664063,31828.4887536935
2801,90266,METRO31080MM4480,SA,"Los Angeles-Long Beach-Glendale, CA HUD Metro FMR Area",14703334.8203125,19084.8826609429
2802,78374,METRO18580M18580,SA,"Corpus Christi, TX HUD Metro FMR Area",60221039.6464844,62640.5860051635
2803,08403,METRO12100M12100,SA,"Atlantic City-Hammonton, NJ HUD Metro FMR Area",16001805.5273438,21050.2257357771
2804,39110,METRO27140M27140,SA,"Jackson, MS HUD Metro FMR Area",302366364.28125,142236.12360502
2805,28273,METRO16740M16740,SA,"Charlotte-Concord-Gastonia, NC-SC HUD Metro FMR Area",88164044.3398438,63443.7783177716
2806,85396,METRO38060M38060,SA,"Phoenix-Mesa-Chandler, AZ MSA",372551594.238281,192935.268342895
2807,89135,METRO29820M29820,SA,"Las Vegas-Henderson-North Las Vegas, NV MSA",201424224.546875,60896.4652565533
2808,98005,METRO42660MM7600,SA,"Seattle-Bellevue, WA HUD Metro FMR Area",41816418.2109375,41269.969687419
2809,93420,METRO42020M42020,SA,"San Luis Obispo-Paso Robles, CA MSA",771546381.128906,247099.698326261
2810,80465,METRO19740M19740,SA,"Denver-Aurora-Centennial, CO MSA",190604609.582031,143143.155354276
2811,11356,METRO35620MM5600,SA,"New York, NY HUD Metro FMR Area",7150834.77734375,15713.4890129746
2812,11104,METRO35620MM5600,SA,"New York, NY HUD Metro FMR Area",1967648.69921875,7967.15121545517
2813,89521,METRO39900M39900,SA,"Reno, NV HUD Metro FMR Area",405130293.722656,147089.7340295
2814,29707,METRO16740N45057,SA,"Lancaster County, SC HUD Metro FMR Area",110528341.46875,65229.7604143973
2815,98122,METRO42660MM7600,SA,"Seattle-Bellevue, WA HUD Metro FMR Area",17726293.59375,22128.0504061482
2816,33626,METRO45300M45300,SA,"Tampa-St. Petersburg-Clearwater, FL MSA",43960550.6855469,29094.9613780173
2817,91962,METRO41740M41740,SA,"San Diego-Chula Vista-Carlsbad, CA MSA",215589096.34375,162644.494970552
2818,75068,METRO19100M19100,SA,"Dallas, TX HUD Metro FMR Area",132365569.59375,64003.5621364632
2819,85140,METRO38060M38060,SA,"Phoenix-Mesa-Chandler, AZ MSA",305985565.546875,86443.5028661953
2820,08406,METRO12100M12100,SA,"Atlantic City-Hammonton, NJ HUD Metro FMR Area",10938415.59375,14156.832984898
2821,92392,METRO40140M40140,SA,"Riverside-San Bernardino-Ontario, CA MSA",142560651.882813,64274.5519495998
2822,76102,METRO19100MM2800,SA,"Fort Worth-Arlington, TX HUD Metro FMR Area",16858898.265625,23862.7379579714
2823,91759,METRO40140M40140,SA,"Riverside-San Bernardino-Ontario, CA MSA",64864672,60230.9893234271
2824,92530,METRO40140M40140,SA,"Riverside-San Bernardino-Ontario, CA MSA",293496655.628906,106458.625149283
2825,92563,METRO40140M40140,SA,"Riverside-San Bernardino-Ontario, CA MSA",84626312.3710938,52879.0811950093
2826,33976,METRO15980M15980,SA,"Cape Coral-Fort Myers, FL MSA",30315836.5175781,23009.1634471212
2827,44141,METRO10420M10420,SA,"Akron, OH MSA",19887589.6367188,31442.4276219269
2828,44141,METRO17410N17460,SA,"Cleveland, OH HUD Metro FMR Area",91599356.8515625,50045.8636578326
2829,33004,METRO33100MM2680,SA,"Fort Lauderdale, FL HUD Metro FMR Area",23272987.9570313,30725.2851739071
2830,93720,METRO23420M23420,SA,"Fresno, CA HUD Metro FMR Area",41731581.8515625,40563.8540698881
2831,93720,METRO23420M31460,SA,"Madera County, CA HUD Metro FMR Area",950013.59375,4409.80707485234
2832,28803,METRO11700M11700,SA,"Asheville, NC MSA",151726063.675781,76387.1782196577
2833,60622,METRO16980M16980,SA,"Chicago-Joliet-Naperville, IL HUD Metro FMR Area",11686343.171875,21328.6222887395
2834,19147,METRO37980M37980,SA,"Philadelphia-Camden-Wilmington, PA-NJ-DE-MD MSA",5959521.76953125,11883.8761354271
2835,23696,METRO47260M47260,SA,"Virginia Beach-Norfolk-Newport News, VA-NC HUD Metro FMR Area",27178864.0078125,24776.4203746522
2836,34952,METRO38940M38940,SA,"Port St. Lucie, FL MSA",88991728.9921875,54159.8850770029
2837,98685,METRO38900M38900,SA,"Portland-Vancouver-Hillsboro, OR-WA MSA",54987202.53125,39951.963328132
2838,33190,METRO33100MM5000,SA,"Miami-Miami Beach-Kendall, FL HUD Metro FMR Area",7211659.73828125,13043.9447727784
2839,33194,METRO33100MM5000,SA,"Miami-Miami Beach-Kendall, FL HUD Metro FMR Area",374298374.107422,123371.967820893
2840,33063,METRO33100MM2680,SA,"Fort Lauderdale, FL HUD Metro FMR Area",27556378.5292969,22577.1782553093
2841,94022,METRO41940M41940,SA,"San Jose-Sunnyvale-Santa Clara, CA HUD Metro FMR Area",72755981.0273438,58569.9223567558
2842,94040,METRO41940M41940,SA,"San Jose-Sunnyvale-Santa Clara, CA HUD Metro FMR Area",14997916.09375,32364.688040526
2843,99703,METRO21820M21820,SA,"Fairbanks-College, AK MSA",143341591.5625,75836.9852504447
2844,94087,METRO41940M41940,SA,"San Jose-Sunnyvale-Santa Clara, CA HUD Metro FMR Area",27039800.4375,30093.3800490082
2845,94123,METRO41860MM7360,SA,"San Francisco, CA HUD Metro FMR Area",4478311.69140625,8791.35067685669
2846,33016,METRO33100MM5000,SA,"Miami-Miami Beach-Kendall, FL HUD Metro FMR Area",15052088.4667969,21740.9968288715
2847,90503,METRO31080MM4480,SA,"Los Angeles-Long Beach-Glendale, CA HUD Metro FMR Area",19828319.4882813,19968.0974108859
2848,34212,METRO35840M35840,SA,"North Port-Bradenton-Sarasota, FL MSA",83119627.9296875,62758.1368348366
2849,70447,METRO43640M43640,SA,"Slidell-Mandeville-Covington, LA MSA",116588197.949219,63712.7422731456
2850,95070,METRO41940M41940,SA,"San Jose-Sunnyvale-Santa Clara, CA HUD Metro FMR Area",116025833.90625,68991.0615522837
2851,60605,METRO16980M16980,SA,"Chicago-Joliet-Naperville, IL HUD Metro FMR Area",7434107.73828125,14034.7410466389
2852,31820,METRO17980M17980,SA,"Columbus, GA-AL HUD Metro FMR Area",152269996.945313,77029.7058848641
2853,91316,METRO31080MM4480,SA,"Los Angeles-Long Beach-Glendale, CA HUD Metro FMR Area",21581358.515625,26303.9286013306
2854,94535,METRO46700M46700,SA,"Vallejo, CA MSA",40697209.046875,42199.7654453738
2855,93065,METRO37100M37100,SA,"Oxnard-Thousand Oaks-Ventura, CA MSA",115618462.730469,64767.8384208896
2856,94925,METRO41860MM7360,SA,"San Francisco, CA HUD Metro FMR Area",13711218.203125,23609.2796556431
2857,75077,METRO19100M19100,SA,"Dallas, TX HUD Metro FMR Area",57145909.484375,54996.8311056884
2858,90046,METRO31080MM4480,SA,"Los Angeles-Long Beach-Glendale, CA HUD Metro FMR Area",21450959.7226563,28657.4155554519
2859,85044,METRO38060M38060,SA,"Phoenix-Mesa-Chandler, AZ MSA",61513480.796875,44390.9770176976
2860,01581,METRO49340M49340,SA,"Worcester, MA HUD Metro FMR Area",101552889.414063,46860.8699537941
2861,48128,METRO19820M19820,SA,"Detroit-Warren-Livonia, MI HUD Metro FMR Area",11144166.46875,24283.3346421358
2862,33020,METRO33100MM2680,SA,"Fort Lauderdale, FL HUD Metro FMR Area",19621166.5429688,22209.7094669016
2863,78256,METRO41700M41700,SA,"San Antonio-New Braunfels, TX HUD Metro FMR Area",27574133.7578125,33453.1410321871
2864,78261,METRO41700M41700,SA,"San Antonio-New Braunfels, TX HUD Metro FMR Area",100407644.988281,63177.8015733079
2865,33762,METRO45300M45300,SA,"Tampa-St. Petersburg-Clearwater, FL MSA",25716476.5820313,32312.1098870628
2866,66206,METRO28140M28140,SA,"Kansas City, MO-KS HUD Metro FMR Area",17325021.6875,20943.2417946895
2867,32825,METRO36740M36740,SA,"Orlando-Kissimmee-Sanford, FL MSA",62232370.3398438,39363.9829102903
2868,89081,METRO29820M29820,SA,"Las Vegas-Henderson-North Las Vegas, NV MSA",28948705.3828125,29893.1622341147
2869,95004,METRO41500M41500,SA,"Salinas, CA MSA",50273511.8671875,44563.3043257749
2870,95004,METRO41940N06069,SA,"San Benito County, CA HUD Metro FMR Area",38894529.6757813,37050.4669024973
2871,33469,METRO33100MM8960,SA,"West Palm Beach-Boca Raton, FL HUD Metro FMR Area",13203325.3964844,16317.0757118484
2872,33469,METRO38940M38940,SA,"Port St. Lucie, FL MSA",29608683.3476563,32426.8721188881
2873,34229,METRO35840M35840,SA,"North Port-Bradenton-Sarasota, FL MSA",24689752.9492188,24327.0107908072
2874,76248,METRO19100MM2800,SA,"Fort Worth-Arlington, TX HUD Metro FMR Area",58595595.2109375,49520.0248632429
2875,92127,METRO41740M41740,SA,"San Diego-Chula Vista-Carlsbad, CA MSA",85597033.1640625,48781.2481467799
2876,92692,METRO31080MM5945,SA,"Santa Ana-Anaheim-Irvine, CA HUD Metro FMR Area",33515132.765625,44726.9759317001
2877,86021,METRO29420M29420,SA,"Lake Havasu City-Kingman, AZ MSA",700413617.011719,138003.317145494
2878,29401,METRO16700M16700,SA,"Charleston-North Charleston, SC MSA",9463414.85546875,17652.5101027232
2879,53005,METRO33340M33340,SA,"Milwaukee-Waukesha, WI MSA",72214096.8789063,51819.7448623583
2880,85054,METRO38060M38060,SA,"Phoenix-Mesa-Chandler, AZ MSA",32107520.6132813,28235.415642388
2881,92585,METRO40140M40140,SA,"Riverside-San Bernardino-Ontario, CA MSA",64177982.4726563,56025.9144138901
2882,92592,METRO40140M40140,SA,"Riverside-San Bernardino-Ontario, CA MSA",417754941.269531,123018.764645237
2883,85249,METRO38060M38060,SA,"Phoenix-Mesa-Chandler, AZ MSA",53347588.1054688,36343.6310664254
2884,33129,METRO33100MM5000,SA,"Miami-Miami Beach-Kendall, FL HUD Metro FMR Area",6560974.6484375,16804.221259303
2885,85305,METRO38060M38060,SA,"Phoenix-Mesa-Chandler, AZ MSA",22880794.2929688,23272.0013788855
2886,29369,METRO43900M43900,SA,"Spartanburg, SC HUD Metro FMR Area",109991095.792969,65577.4982658237
2887,33024,METRO33100MM2680,SA,"Fort Lauderdale, FL HUD Metro FMR Area",38280860.5800781,28764.7846425452
2888,33025,METRO33100MM2680,SA,"Fort Lauderdale, FL HUD Metro FMR Area",35645339.6582031,29013.2933193427
2889,33132,METRO33100MM5000,SA,"Miami-Miami Beach-Kendall, FL HUD Metro FMR Area",8898328.44140625,23411.755620527
2890,91377,METRO37100M37100,SA,"Oxnard-Thousand Oaks-Ventura, CA MSA",20435250.3007813,19013.0436930937
2891,07421,METRO35620MM0875,SA,"Bergen-Passaic, NJ HUD Metro FMR Area",103876902.191406,66717.319375195
2892,95337,METRO44700M44700,SA,"Stockton-Lodi, CA MSA",191649699.511719,82925.3116344102
2893,93103,METRO42200M42200,SA,"Santa Maria-Santa Barbara, CA MSA",21265825.2734375,38078.4086918925
2894,33139,METRO33100MM5000,SA,"Miami-Miami Beach-Kendall, FL HUD Metro FMR Area",17470159.6210938,23088.3770765661
2895,33437,METRO33100MM8960,SA,"West Palm Beach-Boca Raton, FL HUD Metro FMR Area",35057300.53125,30854.1597134627
2896,95368,METRO33700M33700,SA,"Modesto, CA MSA",12831903.9257813,26879.8018290914
2897,48382,METRO19820M19820,SA,"Detroit-Warren-Livonia, MI HUD Metro FMR Area",87271333.5625,50904.9501231667
2898,02817,METRO39300M39300,SA,"Providence-Fall River, RI-MA HUD Metro FMR Area",238386235.886719,71752.728047921
2899,71110,METRO43340M43340,SA,"Shreveport-Bossier City, LA MSA",68246443.2539063,47178.7537370538
2900,76036,METRO19100MM2800,SA,"Fort Worth-Arlington, TX HUD Metro FMR Area",161531773.503906,80367.7514379574
2901,92614,METRO31080MM5945,SA,"Santa Ana-Anaheim-Irvine, CA HUD Metro FMR Area",16809099.3476563,23343.3729859742
2902,29458,METRO16700M16700,SA,"Charleston-North Charleston, SC MSA",428579777.914063,136351.991573994
