OID_,width,easement_type,easement_source,adddate,withdrawdate,shape_Length,shape_Area
1,20.000000000000000,,,10/30/2006 0:00:00.000,,1274.217428285400047,12278.899888572192140
2,20.000000000000000,,,10/30/2006 0:00:00.000,,1399.390398684328147,13368.207222970073417
3,20.000000000000000,,,10/30/2006 0:00:00.000,,1076.682876490933950,10353.560448597487266
4,,,,3/14/2008 0:00:00.000,,421.334818332373743,7345.788195490877115
5,0.000000000000000,,,12/30/1899 0:00:00.000,12/30/1899 0:00:00.000,92.700261574818299,61.447431290065310
6,0.000000000000000,,,8/6/2007 0:00:00.000,,482.481753954621468,8274.516715309213396
7,,,,,,1024.293698939688511,8724.103045767422373
8,0.000000000000000,,,12/30/1899 0:00:00.000,12/30/1899 0:00:00.000,36.187357599573573,3.737395853125088
9,0.000000000000000,,,8/6/2007 0:00:00.000,,604.374776331245585,11715.362126040983640
10,20.000000000000000,,,8/6/2007 0:00:00.000,,685.109916926364917,6454.820287741324137
11,,,,5/1/2015 0:00:00.000,,572.881387760045868,14486.231251305096521
12,0.000000000000000,,,,,1387.178820473687210,14610.282041774555182
13,0.000000000000000,,,,,1083.837309670278046,7972.032486525517015
14,0.000000000000000,,,,,700.856125919000306,24144.006071330917621
15,50.000000000000000,,,,,669.240184970940959,15547.914774211845724
16,0.000000000000000,,,,,551.189666184174712,3907.184739194696704
17,15.000000000000000,,,,,1399.768287377356273,15046.301492269411028
18,,,,,,372.191627609959767,45.896192696854115
19,0.000000000000000,,,,,382.359428265695556,1929.921139115813048
20,15.000000000000000,,,6/21/2014 0:00:00.000,,283.120289228145168,2013.828638003147944
21,0.000000000000000,,,,,753.196182342039606,43588.881181373959407
22,0.000000000000000,,,8/20/2004 0:00:00.000,,190.802206103566334,1489.184987697748284
23,20.000000000000000,,,6/21/2014 0:00:00.000,,1027.769614779894937,9806.796625780873001
24,0.000000000000000,,,,,989.105703460571931,4412.039170565672975
25,0.000000000000000,,,,,1885.883077480983275,10444.723038581361834
26,0.000000000000000,,,,,2159.642411772737432,14398.511852312522024
27,0.000000000000000,,,6/22/2006 0:00:00.000,,143.750161915797747,884.038438058447696
28,0.000000000000000,,,,,511.969590810582361,20806.817067001418764
29,15.000000000000000,,,2/29/2008 0:00:00.000,,3193.400635112391683,24013.336370243388956
30,0.000000000000000,,,,,2002.386176647845559,10132.607309958850237
31,0.000000000000000,,,,,354.031293295298099,4562.922739930651915
32,0.000000000000000,,,,,146.506734360248259,329.809061557027235
33,0.000000000000000,,,,,134.490506373668751,510.658280112953662
34,0.000000000000000,,,,,1644.823380914496283,9106.814086444639543
35,0.000000000000000,,,,,622.577096102313817,30775.516025341541535
36,15.000000000000000,,,,,314.463670610304405,2622.101896228286478
37,60.000000000000000,,,,,3440.370586073882350,93056.402792126362328
38,15.000000000000000,,,,,166.114414660018724,1011.716379215960956
39,0.000000000000000,,,,,741.317594573474139,9814.907942307947451
40,0.000000000000000,,,,,332.286029692615784,3129.168969791615837
41,57.000000000000000,,,12/11/2015 0:00:00.000,,1020.089209919094628,24622.901003497430793
42,0.000000000000000,,,,,1151.649306470146939,5656.517946900828065
43,30.000000000000000,,,,,619.678733103192599,8374.892503479799416
44,22.000000000000000,,,2/8/2016 0:00:00.000,,559.914671930293707,5601.262700805646091
45,15.000000000000000,,,,,690.438903203524205,4910.939015689428743
46,0.000000000000000,,,5/18/2005 0:00:00.000,,180.691413801065238,968.334156080616594
47,,,,8/28/2014 0:00:00.000,,2029.045785407388166,68535.188353914039908
48,58.000000000000000,,,12/11/2015 0:00:00.000,,885.172764440578817,22134.504501173356402
49,,,,,,663.797877339114393,8699.967654874344589
50,0.000000000000000,,,,,150.728601105715740,939.025156359127095
51,0.000000000000000,,,,,341.384259299674454,1640.708342972895252
52,15.000000000000000,,,,,516.962119467619914,3639.157371908690038
53,0.000000000000000,,,,,1351.473191211980065,9357.616924837888291
54,,,,12/11/2015 0:00:00.000,,7434.481448585656835,194782.697333834599704
55,0.000000000000000,,,,,1056.205868502520161,6124.395602652924026
56,0.000000000000000,,,,,795.222063885730108,8046.601384065318598
57,0.000000000000000,,,,,1659.053804663059964,10061.657181013522859
58,15.000000000000000,,,,,454.668916086741149,3172.837653287158901
59,,,,8/8/2008 0:00:00.000,,555.191262851447050,6653.453229590874798
60,0.000000000000000,,,6/30/2006 0:00:00.000,,279.288649815294889,1452.159159731653517
61,,,,6/19/2013 0:00:00.000,,205.385933912347042,1158.289889242623758
62,0.000000000000000,,,,,656.200453068772731,34198.307846141506161
63,,,,,,569.085771294816368,7580.299050211805479
64,30.000000000000000,,,,,1726.510665242832147,24993.915713381793466
65,0.000000000000000,,,3/20/2006 0:00:00.000,,1656.492821727513046,25391.926024497399339
66,15.000000000000000,,,,,385.218097604859850,2647.473987625187419
67,0.000000000000000,,,,,699.471526031617600,38862.509664185468864
68,,,,6/23/2015 0:00:00.000,,7102.087533359351255,128695.887596023967490
69,0.000000000000000,,,,,156.817209501113240,1422.769486100319682
70,0.000000000000000,,,8/19/2004 0:00:00.000,,103.353617401179818,521.981672268057423
71,0.000000000000000,,,12/13/2007 0:00:00.000,,1059.528972182170264,69656.099611924626515
72,26.000000000000000,,,12/12/2005 0:00:00.000,,110.335177687610155,643.544978098637330
73,0.000000000000000,,,10/25/2004 0:00:00.000,,536.436560682088952,6180.755008837925743
74,0.000000000000000,,,12/13/2007 0:00:00.000,,1739.762966196231901,32913.862115551914030
75,0.000000000000000,,,12/31/2001 0:00:00.000,,1154.252792031935542,18526.576856646737724
76,15.000000000000000,,,,,641.468023580183399,7891.613966154243826
77,30.000000000000000,,,12/12/2005 0:00:00.000,,1349.651518484915414,26287.637595808984770
78,40.000000000000000,,,6/22/2004 0:00:00.000,,2554.482288720898396,67352.589344471110962
79,20.000000000000000,,,5/13/2015 0:00:00.000,,170.446954686567011,1021.584270268231194
80,12.000000000000000,,,5/13/2015 0:00:00.000,,277.165769411779081,1512.002163364117905
81,30.000000000000000,,,12/12/2005 0:00:00.000,,7027.843087385656872,140309.683059704344487
82,,,,6/4/2012 0:00:00.000,,616.588676059437830,14830.302180597664119
83,30.000000000000000,,,3/10/2015 0:00:00.000,,322.285437777697211,3570.556398144010927
84,0.000000000000000,,,,,110.142232266812613,256.684308484784765
85,0.000000000000000,,,5/31/2007 0:00:00.000,,5004.585571369727404,75955.076612916542217
86,0.000000000000000,,,,,1403.489805406149344,6861.623099764096878
87,0.000000000000000,,,,,221.852414131583231,3069.885085784072089
88,15.000000000000000,,,,,1603.546386774498615,30259.332790368025599
89,0.000000000000000,,,,,1608.633158441718024,10570.850797293907817
90,0.000000000000000,,,,,836.165959862554246,15291.326298418905935
91,0.000000000000000,,,,,252.636507388730763,3378.418995315288612
92,0.000000000000000,,,,,265.011872165972818,3584.423590798396162
93,0.000000000000000,,,,,384.771356943797855,4926.370867039666336
94,0.000000000000000,,,,,252.031206036319929,3288.791317344867366
95,15.000000000000000,,,,,1617.912141570954191,12393.322422940640536
96,0.000000000000000,,,,,377.376386271113631,5145.929201315132559
97,0.000000000000000,,,,,891.986203303083698,4753.312539633346205
98,0.000000000000000,,,,,246.447020920538620,2310.952147116836841
99,,,,5/21/2014 0:00:00.000,,811.131942391496864,34817.455114411895920
100,2.000000000000000,,,,,316.241990733234047,1311.274696259973325
101,0.000000000000000,,,,,2922.548770720665743,86194.001280649332330
102,0.000000000000000,,,,,878.589700948576024,6901.788205769549677
103,0.000000000000000,,,,,851.636260678028293,5046.865818859944739
104,0.000000000000000,,,,,1092.432373496671289,5484.685140064329062
105,60.000000000000000,,,,,2416.638681480833384,68850.470717890944798
106,28.000000000000000,,,8/10/2005 0:00:00.000,,1433.055856333796555,19657.011931309320062
107,0.000000000000000,,,,,581.645118247041864,8820.031357675323306
108,0.000000000000000,,,,,320.134497078346612,4911.423991556272995
109,0.000000000000000,,,,,313.732996224222688,4310.855234094493426
110,0.000000000000000,,,,,1749.374040345729099,29893.807556836552976
111,20.000000000000000,,,,,675.166260060190325,6395.772195367262611
112,15.000000000000000,,,,,234.391881575451976,1577.233543457768292
113,0.000000000000000,,,,,684.388237249559211,3377.333361594673079
114,30.000000000000000,,,2/7/2012 0:00:00.000,,392.792522486520284,4943.186178591708995
115,30.000000000000000,,,,,954.265611764260825,13266.419410784154024
116,0.000000000000000,,,,,6381.329056037720875,58787.601645879294665
117,65.000000000000000,,,6/17/2005 0:00:00.000,,757.805213611064687,19963.294511557749502
118,0.000000000000000,,,,,1072.288858875395363,17978.730439347731590
119,0.000000000000000,,,,,1746.702878114129589,12475.882192782819402
120,60.000000000000000,,,,,760.877380489028837,18776.878762422882573
121,15.000000000000000,,,,,747.219794190754101,5378.352212784818221
122,0.000000000000000,,,,,395.600074663528346,3985.382952407029279
123,0.000000000000000,,,,,1713.481967794203683,38573.728924581133469
124,0.000000000000000,,,,,1390.551555321238538,9229.789331215351922
125,60.000000000000000,,,,,892.915673061674852,23185.779924239915999
126,15.000000000000000,,,,,570.824743648737922,4057.150109472648637
127,0.000000000000000,,,,,1012.333602735742147,11978.101071596611291
128,0.000000000000000,,,,,201.559753334104130,1814.844848672184980
129,0.000000000000000,,,,,113.797567554026656,314.239157880091057
130,15.000000000000000,,,,,3231.075301035836219,25158.740207145408931
131,0.000000000000000,,,,,1784.195208515141303,11434.436433806533387
132,,,,7/11/2014 0:00:00.000,,207.091782359995818,2658.874988831888913
133,20.000000000000000,,,,,1489.732031042946346,14327.863549692572633
134,0.000000000000000,,,,,2561.411766026531495,34756.375698635682056
135,,,,7/19/2013 0:00:00.000,,1440.828779960686916,27005.812219083294622
136,15.000000000000000,,,,,1340.470889626906001,16483.101123592179647
137,0.000000000000000,,,,,748.891032721621400,6732.622936814419518
138,,,,2/16/2011 0:00:00.000,,1647.931055245159314,43149.768788230117934
139,15.000000000000000,,,,,3511.968173373140417,26098.016641843561956
140,30.000000000000000,,,,,1023.016519230171980,9394.672327205471447
141,0.000000000000000,,,,,934.818907628788224,10602.301739933131103
142,0.000000000000000,,,,,148.610313098843790,1369.300063117181026
143,0.000000000000000,,,,,1302.146426064071420,25369.021428166310216
144,0.000000000000000,,,,,208.032404862150429,1322.493992003913945
145,0.000000000000000,,,,,4604.267959235627131,22952.256951589231903
146,0.000000000000000,,,,,705.037521299705645,4239.158971783747802
147,20.000000000000000,,,,,1488.260987635491574,15240.575670390693631
148,23.000000000000000,,,12/31/2008 0:00:00.000,,277.091723228131059,2699.002932160462933
149,15.000000000000000,,,,,1953.734747508570990,22625.169001530433889
150,60.000000000000000,,,9/26/2000 0:00:00.000,,1897.187727591438943,53023.553948097345710
151,41.000000000000000,,,,,746.357983120666859,13725.348781139826315
152,20.000000000000000,,,11/8/2012 0:00:00.000,,682.178705718072024,6346.269654878754409
153,0.000000000000000,,,,,765.666490185465136,14657.287119272814380
154,15.000000000000000,,,,,12019.492585990665248,78965.823711722070584
155,11.000000000000000,,,3/21/2016 0:00:00.000,,69.388046540900774,260.736491428308284
156,0.000000000000000,,,,,1755.090164955469845,10344.166142541427689
157,24.000000000000000,,,2/22/2016 0:00:00.000,,564.859432858780337,6185.128264245572609
158,0.000000000000000,,,,,316.074832824852365,1880.750099830514273
159,0.000000000000000,,,,,6531.947696205618740,59607.763055226430879
160,0.000000000000000,,,,,1643.714109869384401,33768.805971362584387
161,15.000000000000000,,,4/30/2002 0:00:00.000,,877.783224570684638,8117.523073241483871
162,50.000000000000000,,,5/6/2004 0:00:00.000,,294.520257735639063,4793.614084360911875
163,10.000000000000000,,,,,159.152986113075769,695.546315511436205
164,15.000000000000000,,,,,947.705085084866482,6884.656254475573405
165,0.000000000000000,,,,,1226.335418550464965,12132.425532035034848
166,30.000000000000000,,,,,666.397010598024735,9167.591277205656297
167,0.000000000000000,,,,,546.077402702625704,6585.252607243708553
168,30.000000000000000,,,,,1860.535177936106038,92386.419544923701324
169,15.000000000000000,,,,,3038.512978295580069,33005.691471829966758
170,20.000000000000000,,,,,380.716551477893347,3614.462189725338703
171,0.000000000000000,,,,,1770.990552034347502,14184.837985162021141
172,0.000000000000000,,,,,3192.880306977356668,523121.089429241605103
173,0.000000000000000,,,,,280.487502876143878,5718.094755967420497
174,0.000000000000000,,,11/7/2003 0:00:00.000,,382.678968336343587,7684.011075800988692
175,20.000000000000000,,,,,1978.797392372814102,14800.791724921968125
176,15.000000000000000,,,,,5438.153205817371600,100585.515329869769630
177,0.000000000000000,,,,,2579.270223439801157,72329.497602150760940
178,15.000000000000000,,,,,1336.842637604939227,10550.244810117688758
179,0.000000000000000,,,,,1217.329708796503837,30173.829760040458495
180,0.000000000000000,,,,,11794.039520929301943,182890.388958683644887
181,0.000000000000000,,,9/12/1990 0:00:00.000,,1445.992118759771984,10619.224998051959119
182,0.000000000000000,,,,,165.737305385412640,1254.627661486645820
183,70.000000000000000,,,,,927.469961682485632,29293.341181759744359
184,0.000000000000000,,,,,554.367131832169548,5409.877125530046214
185,0.000000000000000,,,,,1236.234481588400740,13290.128384761568668
186,30.000000000000000,,,,,953.103973238290223,13388.616871734702727
187,0.000000000000000,,,,,380.967348555260799,9622.883830890541503
188,0.000000000000000,,,,,4947.820762247269158,84588.245653642326943
189,0.000000000000000,,,,,129.552747125666201,431.885009179532346
190,0.000000000000000,,,,,1003.217954427885047,11861.947588292649016
191,15.000000000000000,,,,,3490.206740573461047,79456.811036784580210
192,0.000000000000000,,,2/6/2006 0:00:00.000,,351.740718363069732,3982.965131798167022
193,0.000000000000000,,,,,1438.424211740417832,17740.478071294008259
194,15.000000000000000,,,,,1879.680000483905133,13866.709016022923606
195,0.000000000000000,,,,,1729.660072053891327,32866.798630616736773
196,0.000000000000000,,,9/12/1990 0:00:00.000,,692.453284453531182,4966.220384636528252
197,0.000000000000000,,,,,440.746741219137334,3718.164683270064415
198,0.000000000000000,,,,,3761.047298024005158,74937.126640914633754
199,36.000000000000000,,,,,1473.031267522474991,23096.677446932437306
200,0.000000000000000,,,,,11.203193061498078,5.121399801419266
201,0.000000000000000,,,,,2502.025621841702105,16622.045877869932156
202,0.000000000000000,,,,,4726.456518106370822,33537.984887915292347
203,20.000000000000000,,,7/26/2002 0:00:00.000,,400.028278492328013,3592.353689485498762
204,0.000000000000000,,,,,190.351128637176544,2486.872286236618493
205,0.000000000000000,,,,,1775.724917214870402,35514.371918207900308
206,15.000000000000000,,,,,487.765102740166299,4394.425891285217403
207,20.000000000000000,,,,,2641.983705899188408,24453.133099196158582
208,0.000000000000000,,,,,777.849365951747131,4179.221534152740787
209,30.000000000000000,,,,,954.291009118080183,13172.229619335566895
210,0.000000000000000,,,,,1079.189094720804178,17517.809173419667786
211,0.000000000000000,,,,,1169.575320242253838,88543.811709474510280
212,30.000000000000000,,,,,5892.430022514282427,92977.721508139424259
213,15.000000000000000,,,,,2305.870102620080161,27540.927535187205649
214,,,,4/18/2012 0:00:00.000,,70.974916309376198,294.696025311914013
215,,,,4/18/2012 0:00:00.000,,71.754621458575684,301.529962410571159
216,,,,4/18/2012 0:00:00.000,,621.719984061133800,15202.671742544303925
217,30.000000000000000,,,,,409.607902659892716,5237.292459963768124
218,60.000000000000000,,,,,414.800957917174287,8218.749505716614294
219,15.000000000000000,,,,,369.118961172510183,2143.940871441285708
220,0.000000000000000,,,,,1981.846230942353259,14647.986459189061861
221,0.000000000000000,,,,,1841.051759171060439,16178.379925678313157
222,0.000000000000000,,,,,224.235099175708655,835.046445965005660
223,60.000000000000000,,,,,1567.342902486946514,43142.295087742699252
224,0.000000000000000,,,,,410.973909419604524,3330.030724966098205
225,0.000000000000000,,,4/13/2004 0:00:00.000,,238.056264178084490,754.176998277044731
226,0.000000000000000,,,,,1177.011193923833162,17452.116902414876677
227,0.000000000000000,,,,,799.603621766210722,17645.403198543037433
228,0.000000000000000,,,,,191.451304009957425,963.896160412320683
229,,,,4/16/2013 0:00:00.000,,496.647279724715645,7283.068347813579749
230,15.000000000000000,,,6/12/1987 0:00:00.000,,205.445927179022306,1300.382640393124802
231,0.000000000000000,,,,,604.655559884501372,26398.220544405983674
232,0.000000000000000,,,,,3026.394079761795183,61086.978619559609797
233,15.000000000000000,,,,,3933.270374462568725,27261.019318642032886
234,0.000000000000000,,,,,4663.013576962923253,220334.501327970181592
235,0.000000000000000,,,,,829.641173926614897,3829.847259560612201
236,0.000000000000000,,,,,475.811717746259433,5286.652609749322437
237,15.000000000000000,,,,,2732.994465207535086,26834.092987754542264
238,0.000000000000000,,,,,2143.731622502879418,12479.012977318137928
239,0.000000000000000,,,,,982.261177807519061,17950.668635823785735
240,15.000000000000000,,,,,923.184302683742203,6714.817627818728397
241,0.000000000000000,,,,,272.676200885603919,3821.723648912578483
242,15.000000000000000,,,,,1394.187242581059991,23719.086499751017982
243,0.000000000000000,,,,,305.154686729992420,4054.868863821188370
244,0.000000000000000,,,,,8472.492951216856454,179463.168290121306200
245,0.000000000000000,,,,,237.607836637739950,1713.376885192659756
246,0.000000000000000,,,,,585.843382691300803,3858.577827308214637
247,0.000000000000000,,,,,497.452176113765120,8083.069935190866090
248,5.000000000000000,,,,,3031.770531684471734,7551.184571875196525
249,0.000000000000000,,,,,2979.680531502099711,15310.031630151130230
250,0.000000000000000,,,3/31/2004 0:00:00.000,,1819.036028738885534,28146.122131145657477
251,0.000000000000000,,,,,631.990278063810138,31720.206028922424593
252,0.000000000000000,,,,,869.353900845782164,25837.953511263563996
253,0.000000000000000,,,,,405.001954982571306,1831.140061276344795
254,0.000000000000000,,,,,631.961737931974653,31717.488529991274845
255,0.000000000000000,,,,,5084.070269571689096,99100.285734537494136
256,15.000000000000000,,,,,252.490995423107847,1648.112969010307552
257,,,,,,1709.306600594407428,8448.791208556458514
258,30.000000000000000,,,9/23/2009 0:00:00.000,,3128.723336312304127,46020.494032141032221
259,0.000000000000000,,,,,165.431544095729095,1830.651818338666317
260,15.000000000000000,,,,,558.530658131442920,3963.571789220215578
261,,,,,,531.646547783761548,5846.095653416225105
262,0.000000000000000,,,3/24/2005 0:00:00.000,,122.184299856076620,885.305903652711208
263,0.000000000000000,,,,,406.040380660592064,1611.063732079146803
264,0.000000000000000,,,,,938.214153580793095,4918.204769443794248
265,0.000000000000000,,,,,1832.204216688375027,42278.563394947770576
266,0.000000000000000,,,,,683.918327291434025,8692.240034602014930
267,15.000000000000000,,,8/13/2015 0:00:00.000,,710.542702762625595,5086.552984351222221
268,10.000000000000000,,,1/30/2006 0:00:00.000,,67.362773952615413,236.132257513634556
269,0.000000000000000,,,,,2223.128572196573259,26190.669645173340541
270,10.000000000000000,,,,,408.516336335876076,2859.628960532745623
271,0.000000000000000,,,,,1758.109102377855834,30275.255860821598617
272,0.000000000000000,,,3/24/2005 0:00:00.000,,545.925318788909067,6338.436486138382861
273,,,,,,511.280159498015621,2355.442273228663453
274,0.000000000000000,,,,,852.542990122023184,41127.226352841666085
275,30.000000000000000,,,,,516.177013393342804,7455.669800258795476
276,0.000000000000000,,,,,763.627637507532313,3396.735866852546678
277,60.000000000000000,,,,,7502.497559017077947,227410.688871819002088
278,0.000000000000000,,,,,406.187279583984036,2414.888196693241298
279,25.000000000000000,,,6/6/2007 0:00:00.000,,715.478312960732296,7351.981131922038912
280,0.000000000000000,,,,,6467.883112601773973,193924.615926068829140
281,18.000000000000000,,,,,2789.991066422914628,40104.208700039504038
282,0.000000000000000,,,,,2654.429022595573315,18122.713448320646421
283,0.000000000000000,,,,,532.124225485542183,14806.714289421825015
284,0.000000000000000,,,,,1193.736422599104799,37196.966038778766233
285,0.000000000000000,,,,,3314.852705408551628,21425.910543873320421
286,,,,,,1435.077625125396480,10293.912547308193098
287,0.000000000000000,,,,,3429.785556257530970,67017.200126415948034
288,50.000000000000000,,,,,1232.103951804991993,26288.998531303499476
289,30.000000000000000,,,,,3664.581914639788465,63038.545351130174822
290,0.000000000000000,,,,,1759.365035503589979,11994.681678863906200
291,0.000000000000000,,,,,835.810349102234682,4343.422009778986649
292,25.000000000000000,,,7/19/2004 0:00:00.000,,189.842370190820589,1748.828696254495753
293,15.000000000000000,,,10/29/2002 0:00:00.000,,427.616058722422167,2953.693298900810078
294,50.000000000000000,,,,,912.981494410791356,13967.255745771935835
295,40.000000000000000,,,6/15/2007 0:00:00.000,,159.815693080821490,1596.270333119905672
296,50.000000000000000,,,,,207.033439764439208,2665.794588342224415
297,25.000000000000000,,,6/6/2007 0:00:00.000,,711.643082860941263,8254.131475412908912
298,0.000000000000000,,,,,1869.861788943610009,11591.113520893663008
299,20.000000000000000,,,,,381.261223527821699,3834.008096693600237
300,0.000000000000000,,,,,315.028149834089049,3465.091682161144035
301,25.000000000000000,,,,,1077.061654633031367,13933.544596047542655
302,15.000000000000000,,,,,875.312393822997592,8935.499640192103470
303,25.000000000000000,,,,,185.105172603453980,1592.932204151461065
304,33.000000000000000,,,1/14/2005 0:00:00.000,,803.463572709508412,12245.852969324803780
305,0.000000000000000,,,,,1894.372780652819301,48422.044127169050626
306,15.000000000000000,,,,,242.218041370318474,3144.787879708359014
307,0.000000000000000,,,,,1185.279334190165628,23911.056502547948185
308,0.000000000000000,,,,,281.480605485612273,2911.333650437637516
309,38.000000000000000,,,,,203.589192728551637,1792.326913618807339
310,30.000000000000000,,,,,873.492569316414802,12741.271281717232341
311,26.000000000000000,,,,,154.544493798639536,1350.023799273943951
312,0.000000000000000,,,,,179.536566516647156,1090.391393268654383
313,30.000000000000000,,,4/14/2004 0:00:00.000,,624.417934021195492,8465.172833138936767
314,24.000000000000000,,,,,513.895581122652402,6140.148169479983153
315,30.000000000000000,,,,,200.912487228610644,2121.352204379269551
316,20.000000000000000,,,,,557.316694371940457,4940.713549281821543
317,0.000000000000000,,,,,8735.956917063946094,593114.058875118731521
318,33.000000000000000,,,1/6/2005 0:00:00.000,,474.337970206438683,6636.080650785010221
319,0.000000000000000,,,,,482.408634242532742,2481.632758708897200
320,15.000000000000000,,,,,785.131012261447950,5661.531612484958714
321,0.000000000000000,,,,,2985.727119607605346,72993.808695446103229
322,0.000000000000000,,,,,1943.886772476084843,19082.815270800518192
323,33.000000000000000,,,1/6/2005 0:00:00.000,,457.978191255856359,6353.278959191668037
324,0.000000000000000,,,,,2088.067462132432865,19454.711496549396543
325,15.000000000000000,,,12/23/1996 0:00:00.000,,1095.326012082945908,7975.507124377508262
326,35.000000000000000,,,,,407.477905234685011,4456.775516314010019
327,0.000000000000000,,,,,3533.886815254438716,802171.853165358304977
328,30.000000000000000,,,,,464.031698234623661,6718.413931247470828
329,24.000000000000000,,,,,7763.904262901556649,92910.804146986367414
330,0.000000000000000,,,,,3142.996857611037740,42252.102475041734579
331,,,,2/13/2015 0:00:00.000,,261.605553690325678,1352.697474893122489
332,,,,2/13/2015 0:00:00.000,,80.811323130506224,367.322836502473365
333,20.000000000000000,,,,,461.915931659349326,4178.769960294396697
334,0.000000000000000,,,,,3388.770421145708042,54904.747715558827622
335,50.000000000000000,,,,,562.293405740572780,9556.150533559068208
336,20.000000000000000,,,9/11/2013 0:00:00.000,,1388.820172360553443,13468.869122207241162
337,15.000000000000000,,,,,1171.888469662629859,8930.626958072083653
338,20.000000000000000,,,11/6/2006 0:00:00.000,,458.951193129227818,3883.765448558640855
339,0.000000000000000,,,,,604.145607294819911,6905.262139379126893
340,15.000000000000000,,,,,996.144129149878495,13022.751318913897194
341,35.000000000000000,,,,,677.232911191277594,10799.224950608429936
342,15.000000000000000,,,,,631.618714839039058,3942.596557132195812
343,15.000000000000000,,,,,219.190805931651482,1418.327860058756414
344,0.000000000000000,,,,,2412.265211039150472,14583.581905098295465
345,0.000000000000000,,,,,617.342781852462963,30265.047852472245722
346,0.000000000000000,,,,,527.061369107686005,6169.215232518788980
347,20.000000000000000,,,,,584.209610418742272,6006.336957349843033
348,30.000000000000000,,,,,336.174876844206608,3192.523968214328306
349,0.000000000000000,,,,,8885.022446812457929,238668.964399880089331
350,0.000000000000000,,,,,1260.306887945177095,8037.140539595380687
351,0.000000000000000,,,,,1071.720814119546731,11762.451321997034029
352,0.000000000000000,,,,,723.668126444125278,8331.055063605570467
353,0.000000000000000,,,,,2114.685209243843929,36905.469107098877430
354,15.000000000000000,,,,,369.257069537755342,2219.909528104991750
355,30.000000000000000,,,,,467.067042923631448,6166.231591168259911
356,15.000000000000000,,,,,166.700346431630834,903.851291864712493
357,0.000000000000000,,,,,338.434949765640113,1638.637431093441819
358,15.000000000000000,,,,,404.391547372898856,2946.603596818581991
359,0.000000000000000,,,,,789.629381617066429,11719.525087682508456
360,0.000000000000000,,,11/3/2004 0:00:00.000,,129.274079922381532,146.867645874045650
361,0.000000000000000,,,5/23/2001 0:00:00.000,,2776.176793163808270,44347.972986092645442
362,20.000000000000000,,,,,1044.883031290630697,10049.401809875387698
363,15.000000000000000,,,,,373.133974224335702,4644.778891654991639
364,30.000000000000000,,,3/11/2004 0:00:00.000,,351.971934066794233,4377.312184411172893
365,15.000000000000000,,,,,536.296234199986770,7078.225032860314968
366,60.000000000000000,,,,,1830.876802673306656,54638.884914900234435
367,15.000000000000000,,,3/19/2015 0:00:00.000,,498.736031317922652,3513.394406313181207
368,15.000000000000000,,,3/19/2015 0:00:00.000,,855.332519595023996,6643.363734061295872
369,30.000000000000000,,,,,1064.190871137050635,14722.613204989240330
370,70.000000000000000,,,,,571.247476891582323,15044.723417178067393
371,15.000000000000000,,,,,502.555340424328620,3531.743993657613373
372,0.000000000000000,,,,,894.760597046846669,4571.381977691102293
373,0.000000000000000,,,,,469.446418025244327,3289.810417027771564
374,0.000000000000000,,,,,1117.569412090229207,5800.541708035687407
375,0.000000000000000,,,,,892.170227006761024,6388.989631700166683
376,0.000000000000000,,,,,260.166718844428374,4168.256009998593072
377,20.000000000000000,,,8/13/2010 0:00:00.000,,583.906213516435514,5419.965961369558499
378,20.000000000000000,,,,,387.280926190205378,3492.527546566679121
379,15.000000000000000,,,,,339.869792364663397,2324.104934487208084
380,0.000000000000000,,,,,1054.185638662113661,6011.404198475884186
381,51.000000000000000,,,4/17/2014 0:00:00.000,,1379.073122473832655,32789.338425793313945
382,0.000000000000000,,,,,626.365456114812105,31151.230291204323294
383,0.000000000000000,,,,,1618.516652294729965,19623.242559640133550
384,15.000000000000000,,,,,1634.878844734640325,22348.784563946330309
385,0.000000000000000,,,,,4370.206051561833192,163402.961083424801473
386,15.000000000000000,,,,,123.357044247222206,722.440572262032333
387,0.000000000000000,,,,,503.439810401298587,6831.186052006467435
388,,,,9/16/2013 0:00:00.000,,201.005913333909575,836.480418962628846
389,20.000000000000000,,,11/2/2005 0:00:00.000,,861.887702190030495,8410.830742303562147
390,0.000000000000000,,,12/13/2007 0:00:00.000,,155.617261554566255,653.321497797793540
391,0.000000000000000,,,,,196.422623046322030,949.047107112041090
392,0.000000000000000,,,11/3/2004 0:00:00.000,,216.165310543829378,1507.903759441953525
393,15.000000000000000,,,,,650.948729083374701,4458.204110011743978
394,50.000000000000000,,,,,1124.296954451046304,23452.776621338332916
395,40.000000000000000,,,,,2607.209084960662949,53142.677106564435235
396,68.000000000000000,,,3/30/2005 0:00:00.000,,9325.410000086580112,309419.942850684397854
397,0.000000000000000,,,,,2020.207964592983444,14159.032774199693449
398,30.000000000000000,,,,,2089.009612923093300,30372.512213582147524
399,30.000000000000000,,,,,1071.945390871624568,15317.307999212751383
400,0.000000000000000,,,,,1088.676660737479551,10540.461800264420162
401,30.000000000000000,,,,,1791.709523921721939,24932.688623703750636
402,,,,4/18/2016 0:00:00.000,,365.483726091692802,7540.403660832747846
403,0.000000000000000,,,,,601.178499416560612,4504.054899073335037
404,0.000000000000000,,,,,2734.668824802443851,30655.611241075454018
405,15.000000000000000,,,,,564.680729291703528,3655.366727394908594
406,0.000000000000000,,,,,1112.666235765824922,18761.904697629415750
407,0.000000000000000,,,,,545.977527607272577,6416.685704713308951
408,15.000000000000000,,,,,680.777227806462406,8239.948281585615405
409,0.000000000000000,,,,,1333.456971364359561,5547.731179411617632
410,0.000000000000000,,,,,607.293081971860147,5899.945178262918489
411,0.000000000000000,,,,,992.609569762892988,49163.088149411174527
412,15.000000000000000,,,,,1086.252254142876382,8120.230917688519185
413,0.000000000000000,,,,,674.957426259032900,2644.897519561802255
414,10.000000000000000,,,8/3/2010 0:00:00.000,,1804.215195535353587,8920.413325537085257
415,0.000000000000000,,,,,965.486177658069550,9160.116259279857331
416,15.000000000000000,,,5/23/1997 0:00:00.000,,1026.664890080378882,15457.010584035801003
417,40.000000000000000,,,,,1377.846331593621699,24693.485608198512637
418,15.000000000000000,,,5/29/2009 0:00:00.000,,124.040596097057829,727.281679803276006
419,0.000000000000000,,,,,705.917628943839759,3204.826395170456180
420,60.000000000000000,,,,,402.569695794785389,8232.114435576299002
421,0.000000000000000,,,,,1225.925716848235197,7046.139176127688188
422,60.000000000000000,,,,,1453.554364664882769,40451.422737908709678
423,,,,12/16/2008 0:00:00.000,,281.699587016499436,1290.107226963401217
424,0.000000000000000,,,,,299.227081394170057,5774.050008687546324
425,0.000000000000000,,,,,3538.196702632068082,32705.229385841270414
426,,,,2/13/2012 0:00:00.000,,303.908676045526306,2480.979618613066123
427,0.000000000000000,,,,,508.988813345203653,4786.729182638397106
428,20.000000000000000,,,7/23/2015 0:00:00.000,,104.272681006108570,611.017477713471180
429,0.000000000000000,,,,,426.428027477490161,5511.188797396747759
430,20.000000000000000,,,,,839.306707585085405,8001.440460506933960
431,15.000000000000000,,,,,679.937617785882367,6858.411977972466957
432,32.000000000000000,,,3/29/2006 0:00:00.000,,1270.485160815537029,20196.668356457961636
433,9.000000000000000,,,,,361.664441186130375,1786.201436894704784
434,,,,,,2295.138180245368403,16972.092779735874501
435,0.000000000000000,,,,,1388.806438186131800,13983.250185735138075
436,0.000000000000000,,,12/30/1899 0:00:00.000,12/30/1899 0:00:00.000,658.202475465136217,24679.883354906989553
437,,,,,,1727.768907779687197,17600.644854719779687
438,0.000000000000000,,,,,4689.587118016450404,57873.130203145949054
439,60.000000000000000,,,,,3555.569480803462739,24861.975872995331883
440,0.000000000000000,,,,,1071.587201968388399,7770.736786891080556
441,60.000000000000000,,,,,1030.876000869551717,29588.830008743243525
442,15.000000000000000,,,,,1724.493069917039065,14172.129632705780750
443,0.000000000000000,,,,,3346.199268151864999,26366.581615066039376
444,0.000000000000000,,,,,1955.612949386721084,12958.283432551255828
445,15.000000000000000,,,,,407.625294170910649,2970.076101204653241
446,30.000000000000000,,,,,387.406950331710846,5402.367044146905755
447,30.000000000000000,,,,,818.258625791902432,10969.912867271610594
448,0.000000000000000,,,,,926.928845674418540,4608.476367084670528
449,0.000000000000000,,,,,2496.338992860344206,24104.497120026549965
450,0.000000000000000,,,,,1498.638629542542503,16851.705875793952146
451,0.000000000000000,,,,,1161.779419570266555,8171.183226884279975
452,60.000000000000000,,,,,1713.668778059463648,51816.898546053205791
453,0.000000000000000,,,,,846.520274121637613,5036.951738977733839
454,25.000000000000000,,,,,523.085814026622074,9141.952047710794432
455,30.000000000000000,,,,,861.643238967215552,11990.067766338397632
456,,,,,,724.493789518206654,17290.545948599770782
457,39.000000000000000,,,3/29/2006 0:00:00.000,,2951.022945522064219,55361.093914757409948
458,0.000000000000000,,,,,5277.914704034713395,153019.593432784837205
459,30.000000000000000,,,,,3016.658697781874707,41994.805205721502716
460,0.000000000000000,,,,,627.237746345825940,31181.415092945000652
461,0.000000000000000,,,,,351.901684934447758,4851.110475626950574
462,0.000000000000000,,,,,1118.547930735779346,5927.265882666037214
463,15.000000000000000,,,,,122.632065151057304,659.307536074827112
464,15.000000000000000,,,,,1096.852148209846064,7999.937874097928216
465,0.000000000000000,,,,,7624.042467185206988,169010.381292364792898
466,0.000000000000000,,,,,1691.898313713608786,97628.286275876816944
467,0.000000000000000,,,2/15/2007 0:00:00.000,,1826.041755491346521,44803.350275361219246
468,0.000000000000000,,,,,14019.046468549118799,293317.940115184639581
469,0.000000000000000,,,,,731.331363272030899,8621.150620180927945
470,0.000000000000000,,,10/3/2007 0:00:00.000,,153.487902373057295,1458.159739882995382
471,15.000000000000000,,,,,580.856321831845662,3470.771383433375377
472,100.000000000000000,,,,,5267.265918367182167,254327.365546559012728
473,0.000000000000000,,,11/17/2004 0:00:00.000,,801.221053476042357,19885.138243738019810
474,60.000000000000000,,,,,2763.563253125776100,53586.122428069465968
475,0.000000000000000,,,,,1016.461643064252826,18986.654988366204634
476,30.000000000000000,,,,,1037.846154105961432,14669.274701531490791
477,50.000000000000000,,,,,978.102353319839722,21840.447636289874936
478,,,,3/14/2012 0:00:00.000,,732.147664600000667,5104.930283905327997
479,15.000000000000000,,,,,1096.856913890627538,7928.871139733486416
480,,,,,,1757.413815142103886,12966.719571844796519
481,,,,,,2409.777597890355537,17847.038732473265554
482,20.000000000000000,,,,,364.588774414037630,3629.362113035447237
483,,,,5/21/2015 0:00:00.000,,725.275937258309568,11639.462579702374569
484,30.000000000000000,,,,,1381.104610171177455,19633.045700013517489
485,,,,5/10/2013 0:00:00.000,,1279.688698768484755,17632.887535340454633
486,80.000000000000000,,,6/15/2004 0:00:00.000,,3875.218848502809578,148459.843877936393255
487,30.000000000000000,,,,,479.213457931450591,6303.929380824678447
488,20.000000000000000,,,,,404.540608658427004,4040.583251178185037
489,29.000000000000000,,,5/22/2007 0:00:00.000,,571.947299891890339,7376.258533504584193
490,30.000000000000000,,,,,487.504546216766755,7709.372989111888273
491,30.000000000000000,,,,,1055.444007624242658,12365.381911030866831
492,3.000000000000000,,,,,364.245668418266291,786.003347396977347
493,0.000000000000000,,,,,4570.560409731188884,67847.979460260554333
494,30.000000000000000,,,,,1066.686319017048390,15693.098935624399019
495,60.000000000000000,,,,,1940.805356568381967,53819.391107709758217
496,50.000000000000000,,,8/27/2003 0:00:00.000,,623.259129081623314,12847.653571697146617
497,100.000000000000000,,,,,756.677332573048488,24840.909591355470184
498,15.000000000000000,,,,,318.307718164963774,2921.919806807927216
499,100.000000000000000,,,,,4657.516280758279208,214232.504075919452589
500,15.000000000000000,,,,,252.297245310509396,1452.780777421363155
501,30.000000000000000,,,7/11/2005 0:00:00.000,,663.691359909824314,9036.766469191918077
502,20.000000000000000,,,,,1911.047286996248886,18709.504883615842118
503,0.000000000000000,,,12/31/2003 0:00:00.000,,1091.886648295567966,11005.059377656036304
504,36.000000000000000,,,,,365.961973645193325,5287.595878470161551
505,,,,10/23/2015 0:00:00.000,,2220.037324424505186,31424.428928075132717
506,0.000000000000000,,,,,1551.631424635507983,12169.995907929398527
507,25.000000000000000,,,10/6/2006 0:00:00.000,,715.135894954407831,8310.416184620758941
508,50.000000000000000,,,10/3/2011 0:00:00.000,,905.516609930510526,12870.178876720328844
509,80.000000000000000,,,11/10/2006 0:00:00.000,,2746.183229447706708,103440.128348102865857
510,0.000000000000000,,,,,4626.313141295077912,31076.398560832789371
511,,,,,,1048.961330615884663,12205.231827375797366
512,30.000000000000000,,,,,375.896377399953849,4770.615308530230323
513,30.000000000000000,,,,,437.133670300999825,5649.497603125671958
514,0.000000000000000,,,,,1206.427028922330919,25152.365638178504014
515,12.000000000000000,,,,,484.341045487705742,5370.234842134451355
516,20.000000000000000,,,,,532.884905046431413,4915.583028517154162
517,0.000000000000000,,,,,2271.938480324117336,29825.439803327491973
518,30.000000000000000,,,,,484.559256659960170,6215.257740761103378
519,0.000000000000000,,,6/5/2007 0:00:00.000,,684.308236908944082,9664.705692002520664
520,30.000000000000000,,,,,512.600466390387737,6788.149075971728962
521,30.000000000000000,,,,,513.438278263907932,6801.945834804518199
522,30.000000000000000,,,,,646.634936232949485,8526.357508807574050
523,30.000000000000000,,,,,488.120199966522136,6422.196068485511205
524,15.000000000000000,,,,,543.437367615558742,4294.448988551776893
525,20.000000000000000,,,,,300.680816940614136,2395.786981599153478
526,0.000000000000000,,,,,934.176407556389563,6371.657611420837384
527,0.000000000000000,,,,,2590.431970275471031,64623.446297694863460
528,50.000000000000000,,,6/5/2007 0:00:00.000,,491.136691427976871,9422.119859494165212
529,60.000000000000000,,,,,1814.969515490364529,49678.047155152657069
530,30.000000000000000,,,7/2/2004 0:00:00.000,,770.490269582954397,10666.461149014216062
531,0.000000000000000,,,,,1620.360192556274342,71840.908646126757958
532,0.000000000000000,,,,,1315.883750519560863,7241.054344898549971
533,12.000000000000000,,,10/19/2015 0:00:00.000,,417.356929547807454,2776.732405388306688
534,0.000000000000000,,,,,237.574631306096933,3148.718104056849370
535,30.000000000000000,,,1/2/2015 0:00:00.000,,813.164108320103310,11949.948373630642891
536,0.000000000000000,,,,,4355.068723098942428,91012.964046704670181
537,0.000000000000000,,,,,1630.529535135354308,47537.926109184765664
538,0.000000000000000,,,,,1562.528565889769880,32654.614963600619376
539,25.000000000000000,,,,,5297.994626666230033,73445.377620908329845
540,15.000000000000000,,,12/13/2014 0:00:00.000,,3756.745247133565044,27963.008016491861781
541,0.000000000000000,,,,,659.643702486267330,8660.540685125562959
542,15.000000000000000,,,,,2349.302872198729347,37744.830543416930595
543,30.000000000000000,,,,,484.943725091027432,6373.039068648988177
544,0.000000000000000,,,,,5088.072331372540248,367396.617103094176855
545,,,,6/23/2015 0:00:00.000,,2230.412945352829865,8872.385774856475109
546,0.000000000000000,,,12/21/2005 0:00:00.000,,513.713118669522487,13848.985135288310630
547,0.000000000000000,,,,,758.912572343685042,13035.757792457156029
548,30.000000000000000,,,10/9/2007 0:00:00.000,,1242.814522494264111,17692.110144137986936
549,23.000000000000000,,,,,802.551776303906308,9045.137248226916199
550,23.000000000000000,,,7/22/2005 0:00:00.000,,819.121804385181917,9781.750913476780624
551,0.000000000000000,,,,,2406.500098169959074,60468.016065673538833
552,15.000000000000000,,,,,1490.408074349908475,14490.830619610320355
553,15.000000000000000,,,,,1702.425480247355836,16546.740894860562548
554,15.000000000000000,,,1/25/2005 0:00:00.000,,1229.680289902969889,8968.884147251177637
555,15.000000000000000,,,1/25/2005 0:00:00.000,,1241.835703102712387,9075.844864915416110
556,0.000000000000000,,,,,3101.842878722021396,52714.233831356621522
557,0.000000000000000,,,,,284.801436123622921,4476.928613348036379
558,23.000000000000000,,,7/27/2007 0:00:00.000,,354.858271504733068,4066.828040418552973
559,15.000000000000000,,,1/25/2005 0:00:00.000,,1252.759189967504881,9176.394377859718588
560,15.000000000000000,,,1/25/2005 0:00:00.000,,1265.203637443169328,9096.454109114187304
561,30.000000000000000,,,,,567.229713901512810,7603.284074477262948
562,0.000000000000000,,,,,3196.285831503048030,87688.174242701978073
563,0.000000000000000,,,,,671.364793325742653,7325.098028398448150
564,,,,,,894.642579765115443,6414.157436945903100
565,15.000000000000000,,,5/29/2002 0:00:00.000,,871.419930289740023,6302.440423764888692
566,15.000000000000000,,,,,629.850445023495354,4580.948390000544350
567,20.000000000000000,,,1/1/1985 0:00:00.000,,415.369546421297287,3649.073812399344661
568,0.000000000000000,,,1/1/1987 0:00:00.000,,1027.468951544425181,12593.654290438043972
569,60.000000000000000,,,,,1554.201480874914296,42801.753217249919544
570,20.000000000000000,,,,,1361.220811785803789,13174.842574359738137
571,20.000000000000000,,,,,562.384327530743349,5223.097447354304677
572,0.000000000000000,,,5/23/2007 0:00:00.000,,1004.617858264088568,14542.917431246944034
573,0.000000000000000,,,,,530.314865381998175,2303.025078708667934
574,0.000000000000000,,,,,964.834039558385030,11745.981970930868556
575,30.000000000000000,,,3/27/2001 0:00:00.000,,3334.805848854047781,50371.194109497919271
576,,,,4/4/2014 0:00:00.000,,589.479503457167766,10285.030143634165142
577,18.000000000000000,,,,,1695.039252011518784,12553.179144911122421
578,,,,,,853.948926001350742,12636.288594401146838
579,15.000000000000000,,,7/3/2001 0:00:00.000,,1404.980326654073224,10308.372956135048298
580,0.000000000000000,,,12/30/1899 0:00:00.000,12/30/1899 0:00:00.000,20.404161804537370,11.472869926147235
581,15.000000000000000,,,,,2883.237900555713168,21347.724798748822650
582,0.000000000000000,,,,,1527.888989916115634,19507.318694361787493
583,15.000000000000000,,,,,2441.863215222699182,18116.884954669967556
584,30.000000000000000,,,,,1189.739268733192375,17176.339245964125439
585,0.000000000000000,,,,,1392.515344961844903,12973.776843718080272
586,63.000000000000000,,,4/22/2004 0:00:00.000,,518.039396317367732,12319.212472700266517
587,0.000000000000000,,,,,445.809380566735797,2427.311052052232753
588,20.000000000000000,,,,,1547.198312839528626,18793.972278342793288
589,29.000000000000000,,,,,753.669871746676790,9884.197950217685502
590,0.000000000000000,,,11/20/2003 0:00:00.000,,1205.805614946003516,20178.812027382471570
591,0.000000000000000,,,,,1598.652755269935597,12009.772098198698586
592,0.000000000000000,,,,,1538.339364147087963,11433.593306881906756
593,0.000000000000000,,,11/20/2003 0:00:00.000,,749.854382760490694,21651.592152926343260
594,0.000000000000000,,,,,98.939933758631781,434.863993368200113
595,0.000000000000000,,,12/21/2005 0:00:00.000,,1667.660313288969746,25736.407198599765252
596,,,,3/9/2012 0:00:00.000,,482.939773233966548,2957.502632215790982
597,0.000000000000000,,,9/30/2004 0:00:00.000,,1144.112708259078090,16254.176590519682577
598,15.000000000000000,,,,,2806.338795880748876,28110.462897920104297
599,0.000000000000000,,,,,248.275659370263725,1817.673950682926488
600,44.000000000000000,,,,,1915.269633535358707,40510.023733819398331
601,0.000000000000000,,,,,1027.983039625307583,6206.320602294953460
602,65.000000000000000,,,,,311.008739864693666,5775.280418338055824
603,0.000000000000000,,,,,1025.620396770510524,10854.417195933587209
604,50.000000000000000,,,,,1791.623979062630269,41839.990328685125860
605,60.000000000000000,,,,,2004.730024607670430,57914.869235915874015
606,0.000000000000000,,,,,1880.145675399641277,18038.849239301536727
607,0.000000000000000,,,12/21/2005 0:00:00.000,,295.582630914753054,2244.264350546337482
608,0.000000000000000,,,6/27/2005 0:00:00.000,,2518.552106853125679,69400.136663973360555
609,60.000000000000000,,,7/24/2006 0:00:00.000,,1299.033837789174868,33938.190955889906036
610,0.000000000000000,,,11/20/2003 0:00:00.000,,423.107912611202892,6015.102727653744296
611,20.000000000000000,,,,,1684.023416784957362,14502.523980320122064
612,15.000000000000000,,,,,966.395856065630142,5229.455247344784766
613,60.000000000000000,,,,,389.335814936815098,8086.516288336739308
614,0.000000000000000,,,9/30/2004 0:00:00.000,,1891.379077260397253,23092.981023973701667
615,20.000000000000000,,,,,2685.394076151430454,22954.208697517853579
616,0.000000000000000,,,,,431.846601521683056,5357.214332440991711
617,15.000000000000000,,,,,4211.934894726732637,31471.030180598445440
618,0.000000000000000,,,,,4233.938845847545053,93208.621146653298638
619,0.000000000000000,,,,,1157.480625514321218,7187.436530058381322
620,60.000000000000000,,,7/24/2006 0:00:00.000,,954.882701214270810,24586.295437420747476
621,0.000000000000000,,,,,589.039202688359410,27547.435590879787924
622,65.000000000000000,,,,,1966.840808186530921,48167.998733838685439
623,0.000000000000000,,,,,590.533877380423291,27688.896387540135038
624,20.000000000000000,,,,,863.819663481748421,7922.897077399124100
625,60.000000000000000,,,,,990.654294263299221,26073.392853668206953
626,0.000000000000000,,,,,1142.712492647336830,9576.074125440040007
627,0.000000000000000,,,,,102.030521547383302,48.621391863856545
628,0.000000000000000,,,,,817.295831398230689,6346.580863476518971
629,83.000000000000000,,,1/12/2006 0:00:00.000,,289.699014204144589,5137.370076125908781
630,0.000000000000000,,,,,1304.461984743219091,10394.382793002927428
631,9.000000000000000,,,1/12/2006 0:00:00.000,,55.988415179236554,175.354059863803741
632,,,,,,1150.834287079840351,18232.732387935815495
633,50.000000000000000,,,,,980.315833518891168,21450.108120550026797
634,15.000000000000000,,,,,2707.459472084387016,36131.444152649659372
635,20.000000000000000,,,6/21/2010 0:00:00.000,,343.388351930794499,2709.846857073359388
636,0.000000000000000,,,,,699.013544232838399,19939.583212275581900
637,0.000000000000000,,,,,225.749905194059323,1269.464542619929944
638,83.000000000000000,,,1/12/2006 0:00:00.000,,290.564140991073259,5165.223844236590594
639,20.000000000000000,,,,,407.334036662434130,3615.734241487138206
640,0.000000000000000,,,6/30/2004 0:00:00.000,,644.970387655415607,7153.602855981604080
641,,,,,,374.904375318817472,2579.597608135159589
642,0.000000000000000,,,9/20/2000 0:00:00.000,,639.181776635084930,11346.510835314384167
643,30.000000000000000,,,,,225.197742534618101,2453.395059420560301
644,0.000000000000000,,,,,374.048600726815721,3913.314821696353192
645,15.000000000000000,,,,,1187.294085322276942,8802.207903251581229
646,,,,,,115.365168570259883,634.261343479939796
647,15.000000000000000,,,,,525.128812149347482,4255.781394065654240
648,25.000000000000000,,,8/18/2005 0:00:00.000,,1198.013765152217275,14495.801145072578947
649,15.000000000000000,,,,,252.943283895229428,1530.204561491111917
650,15.000000000000000,,,,,321.261612121291819,2269.510272721493038
651,12.000000000000000,,,,,2147.273023516713693,14827.357167851389022
652,0.000000000000000,,,,,632.936092952337958,31815.839520576901123
653,25.000000000000000,,,1/21/2010 0:00:00.000,,458.724454431515028,5090.002517701265788
654,0.000000000000000,,,,,2761.615885608767712,40443.251823464670451
655,15.000000000000000,,,,,553.748834856445001,5579.879043428073601
656,30.000000000000000,,,,,1646.489353861675454,26434.102448945537617
657,13.000000000000000,,,,,638.579075020995788,3776.468311887921118
658,15.000000000000000,,,,,279.879228987371448,1566.967719350395782
659,25.000000000000000,,,,,1912.691477431275871,23324.067515639886551
660,15.000000000000000,,,,,368.903800981740631,2480.249460195188476
661,15.000000000000000,,,,,1239.543420412182058,9031.424754318572013
662,25.000000000000000,,,,,1166.766499923227457,13954.624499690013181
663,30.000000000000000,,,,,2687.999174891582243,39721.271917908321484
664,15.000000000000000,,,,,187.667707415024893,1160.901421889087260
665,10.000000000000000,,,,,168.658674767791325,697.794930198400607
666,40.000000000000000,,,6/29/2007 0:00:00.000,,1308.532353059652678,22235.059409344557935
667,0.000000000000000,,,,,277.329724209312133,1544.914690630983841
668,15.000000000000000,,,,,792.499432477000482,9874.029379863097347
669,5.000000000000000,,,,,431.049177621278602,2893.910931583525326
670,25.000000000000000,,,,,426.787073162715899,4507.718243868959689
671,15.000000000000000,,,,,752.843005076236523,5411.589541063137403
672,15.000000000000000,,,,,1726.063603140994246,13191.757489651412470
673,0.000000000000000,,,,,727.787562434423421,3221.513160550893645
674,0.000000000000000,,,,,878.563412816473601,8705.711969522146319
675,40.000000000000000,,,3/19/2004 0:00:00.000,,2330.011901156750810,45673.381360019178828
676,0.000000000000000,,,,,1216.566207000005079,6275.875526678634742
677,0.000000000000000,,,,,585.506274983389289,27221.336634923296515
678,0.000000000000000,,,,,649.068271408211672,3596.206657700873620
679,0.000000000000000,,,,,448.588876364359464,4358.471098735039050
680,20.000000000000000,,,,,824.728216419749060,5593.197950956891873
681,12.000000000000000,,,,,1721.876675832110550,10506.342953872099315
682,0.000000000000000,,,,,584.593667717460562,27136.617084633860941
683,0.000000000000000,,,,,2624.884606704461476,47764.956290464346239
684,15.000000000000000,,,,,717.630745333968662,5150.504788734083377
685,0.000000000000000,,,,,553.109672744624049,6709.823546186967178
686,15.000000000000000,,,,,977.576535520524658,10603.685914083347598
687,0.000000000000000,,,4/10/2003 0:00:00.000,,2350.417677194009684,34339.295890739551396
688,30.000000000000000,,,9/15/2008 0:00:00.000,,4129.026546703440545,61017.901163441667450
689,28.000000000000000,,,2/16/2007 0:00:00.000,,820.122065249100501,10726.766955915954895
690,20.000000000000000,,,,,1253.023555324861718,12145.873309716989752
691,1.000000000000000,,,,,301.259066985087202,702.076530879741199
692,80.000000000000000,,,,,964.883276901660111,32105.046701952225703
693,15.000000000000000,,,,,437.852315481974529,3058.000450839363111
694,0.000000000000000,,,3/19/2003 0:00:00.000,,917.979613808193562,18974.563722917591804
695,15.000000000000000,,,5/24/2002 0:00:00.000,,844.147287537559237,6506.842085424449579
696,15.000000000000000,,,,,659.942196013317925,4849.201907320418286
697,0.000000000000000,,,,,449.981291483191228,3950.644043203255023
698,10.000000000000000,,,,,241.018964762666087,1765.827653676228010
699,0.000000000000000,,,,,392.869498318665705,2288.518106339316546
700,40.000000000000000,,,,,1398.949110114312361,26176.131613607951294
701,0.000000000000000,,,,,617.613473312329006,3280.458259008950790
702,15.000000000000000,,,5/2/2008 0:00:00.000,,2931.959413844229857,31343.879684044353780
703,15.000000000000000,,,5/2/2008 0:00:00.000,,2220.193218386863919,21649.297236693462764
704,15.000000000000000,,,5/2/2008 0:00:00.000,,1457.564553739536450,10703.606801266581897
705,24.000000000000000,,,,,599.353903889552839,6603.778075751558390
706,0.000000000000000,,,,,486.181703657895355,2820.597966947953864
707,0.000000000000000,,,11/1/2006 0:00:00.000,,199.431411580603395,969.782219318763055
708,0.000000000000000,,,,,255.539410010099260,823.564980993800873
709,15.000000000000000,,,11/10/2004 0:00:00.000,,422.709268997680681,2978.341279784707694
710,30.000000000000000,,,,,1359.410055139497672,19125.266353602139134
711,0.000000000000000,,,2/13/2007 0:00:00.000,,438.937476825148622,3073.177282946326159
712,30.000000000000000,,,,,850.689241235558939,12144.789316903481449
713,20.000000000000000,,,,,681.787784626046459,6419.011798216166426
714,0.000000000000000,,,,,384.858386450797866,4429.910572982112171
715,15.000000000000000,,,,,574.395892198592151,2728.952467990335208
716,15.000000000000000,,,,,398.218265742783615,2625.578712214221014
717,,,,,,1216.873184980662245,17245.855336128854105
718,20.000000000000000,,,,,379.307644687815866,2939.709908441650441
719,15.000000000000000,,,,,2324.180701418605167,13244.287112409241672
720,15.000000000000000,,,,,268.872395430041252,1607.200574407984050
721,0.000000000000000,,,,,620.227276938726277,30539.270719112617371
722,25.000000000000000,,,,,224.951821865486863,1811.480021276076968
723,60.000000000000000,,,,,676.014308398831645,16931.625104024886241
724,,,,3/4/2008 0:00:00.000,,425.598171159824744,6939.869523059880521
725,15.000000000000000,,,3/31/2009 0:00:00.000,,396.796735016794457,2748.842887507273645
726,15.000000000000000,,,3/31/2009 0:00:00.000,,391.712771173094552,2711.510587870677682
727,0.000000000000000,,,,,731.203909229965916,3536.711526440234138
728,15.000000000000000,,,,,1106.648707149900019,8914.957323454629659
729,0.000000000000000,,,10/14/2005 0:00:00.000,,725.120006022367647,29447.786211423965142
730,35.000000000000000,,,12/10/2007 0:00:00.000,,211.865862082989679,2481.996141493803407
731,0.000000000000000,,,,,1946.129430133615642,23673.292016283932753
732,30.000000000000000,,,,,856.515646563992732,9777.377091325599395
733,12.000000000000000,,,9/24/2015 0:00:00.000,,299.019793122933152,1601.386671673879846
734,24.000000000000000,,,,,1211.541580352013170,12839.940341028128387
735,50.000000000000000,,,,,3111.233615550162995,73830.280380295691430
736,38.000000000000000,,,,,1515.368125386925612,27361.875967117644905
737,11.000000000000000,,,,,315.888809591854283,1766.953743985729943
738,50.000000000000000,,,,,412.434923561103744,7960.784962694291607
739,24.000000000000000,,,,,1224.891680563936461,18433.805811854093918
740,50.000000000000000,,,3/4/2005 0:00:00.000,,1123.399634909301085,25314.916832266168058
741,60.000000000000000,,,,,349.789448049380553,6290.363751902496006
742,40.000000000000000,,,3/27/2015 0:00:00.000,,506.457627374664185,8972.773173599816801
743,0.000000000000000,,,2/5/2004 0:00:00.000,,985.068592342557508,15566.848575098047149
744,30.000000000000000,,,,,367.266421063336338,4806.714720537931498
745,,,,,,1560.260042663492413,14900.823697466455997
746,15.000000000000000,,,3/27/2015 0:00:00.000,,440.115190532278405,3061.607958717669590
747,15.000000000000000,,,8/13/2013 0:00:00.000,,219.266867095195380,1442.943184893575108
748,15.000000000000000,,,8/13/2013 0:00:00.000,,222.960513082375257,1466.979105260231563
749,30.000000000000000,,,5/6/2008 0:00:00.000,,642.315794095030583,8728.711424056366013
750,15.000000000000000,,,3/4/2005 0:00:00.000,,2366.574601126323159,17404.121030107267870
751,10.000000000000000,,,7/31/2001 0:00:00.000,,240.311869590707033,706.860402497237374
752,15.000000000000000,,,3/4/2005 0:00:00.000,,2377.462434304159615,17344.320663379876351
753,0.000000000000000,,,1/31/2005 0:00:00.000,,1009.563756612892121,15402.498112041117565
754,20.000000000000000,,,10/15/2008 0:00:00.000,,742.169236866190090,7026.508168314247087
755,15.000000000000000,,,,,602.223860750006111,4295.107480593253058
756,0.000000000000000,,,,,1151.547122050470534,5913.333741857966743
757,15.000000000000000,,,7/2/2009 0:00:00.000,,1702.686466868883372,12526.407570755398410
758,0.000000000000000,,,1/31/2005 0:00:00.000,,986.400207675667275,14052.467649502073982
759,0.000000000000000,,,,,1969.246406369052011,14476.018760567443678
760,40.000000000000000,,,,,218.996961934694042,2781.462778429810896
761,15.000000000000000,,,,,619.626750389871745,4399.336214081322396
762,24.000000000000000,,,,,851.042637766064331,9634.793494890580405
763,30.000000000000000,,,,,1155.694018889980953,13477.384880757128485
764,24.000000000000000,,,,,335.321740720884918,3374.437275371860778
765,,,,5/14/2014 0:00:00.000,,1729.853575951956600,46199.231340700032888
766,60.000000000000000,,,,,616.367770613502444,7324.907783513602226
767,15.000000000000000,,,,,596.716080168164581,4599.773562666675389
768,0.000000000000000,,,,,580.602033028830306,6621.510427585724756
769,0.000000000000000,,,,,566.246215183956451,4021.035441682417968
770,15.000000000000000,,,,,759.728685968720356,5472.174484912616208
771,18.000000000000000,,,6/3/2014 0:00:00.000,,258.333916121734887,1976.480776620835968
772,0.000000000000000,,,,,2052.047477294041983,43273.620243054392631
773,0.000000000000000,,,,,1516.205143980937237,10996.565172734792213
774,,,,5/14/2014 0:00:00.000,,761.414827354271324,21663.789826349438954
775,15.000000000000000,,,12/12/2001 0:00:00.000,,646.535447479340064,5173.598496629690999
776,15.000000000000000,,,,,425.491715775643570,2969.215156439783641
777,0.000000000000000,,,,,1647.126184051171094,13956.917905216623694
778,18.000000000000000,,,,,1409.710459007666486,12520.097850369238586
779,10.000000000000000,,,,,270.335282626003902,1139.459723607389833
780,5.000000000000000,,,5/18/2006 0:00:00.000,,231.512294574367985,572.148475568985305
781,30.000000000000000,,,,,346.587441180037445,4164.580740745092044
782,0.000000000000000,,,,,2465.771232252461232,31304.789552239952172
783,15.000000000000000,,,,,283.072303692967466,2126.562592017668067
784,0.000000000000000,,,,,5769.378986547726527,33943.697142981545767
785,10.000000000000000,,,,,421.570801030390442,2282.737817525174250
786,0.000000000000000,,,,,1931.099198297848716,13212.772408502518374
787,200.000000000000000,,,,,4881.115152376452897,450136.462423925986513
788,20.000000000000000,,,,,535.256121444162432,3950.847268671202073
789,15.000000000000000,,,,,489.175930632479037,4981.169529012502608
790,50.000000000000000,,,,,580.305619911297185,12070.733839524413270
791,15.000000000000000,,,,,710.612353602207691,3730.160008032318729
792,109.000000000000000,,,,,1572.053345789285686,76611.615901261073304
793,30.000000000000000,,,,,1130.652854001856213,16977.666457838935457
794,9.000000000000000,,,8/17/2015 0:00:00.000,,60.981187865834684,188.464886621213395
795,0.000000000000000,,,,,1264.153855650025889,25585.055861216391349
796,0.000000000000000,,,,,287.582973274266919,1868.663720302688944
797,,,,,,294.040356054264237,3224.783428761575124
798,,,,,,139.589757953737177,995.505572893918497
799,60.000000000000000,,,,,622.995478489148809,14595.547387532307766
800,20.000000000000000,,,,,159.998593695360285,1199.966369405897467
801,,,,,,412.393565898006273,4069.313380740100456
802,0.000000000000000,,,,,641.312745907930321,9433.072133969470087
803,0.000000000000000,,,,,1174.404156714982037,8425.146476765952684
804,15.000000000000000,,,9/29/2005 0:00:00.000,,376.464010765379498,2599.859689067839554
805,15.000000000000000,,,9/29/2005 0:00:00.000,,922.185044810138834,6652.037274169585544
806,0.000000000000000,,,,,3357.856416021485529,21387.011588339573791
807,0.000000000000000,,,11/30/2004 0:00:00.000,,97.342835199808931,293.446192723770139
808,15.000000000000000,,,,,858.285918951945177,7118.158829190953838
809,20.000000000000000,,,,,413.115640676148075,3690.072323668252920
810,0.000000000000000,,,,,2028.794748855712442,16015.063529537221257
811,0.000000000000000,,,,,1092.359791083164509,7408.169307601080618
812,0.000000000000000,,,,,601.289438512227434,8593.768100631818015
813,10.000000000000000,,,3/12/2007 0:00:00.000,,531.108690398444196,2568.293452165093640
814,15.000000000000000,,,,,567.956873855410890,4034.673013740243732
815,30.000000000000000,,,,,1322.371643541218418,18920.882867173317209
816,15.000000000000000,,,1/31/2008 0:00:00.000,,441.200575422154316,3081.650538999008859
817,30.000000000000000,,,,,1064.000491576968670,15427.546310193620229
818,10.000000000000000,,,,,120.549261592403496,505.665756090447246
819,22.000000000000000,,,,,878.725155563227418,8604.082072314562538
820,15.000000000000000,,,,,2636.606189718439509,16800.648566842963191
821,0.000000000000000,,,,,1801.699589455435671,33973.910226668638643
822,0.000000000000000,,,,,692.571202851001999,12936.878515186444929
823,10.000000000000000,,,2/28/2007 0:00:00.000,,445.069785786190209,2036.587770608816072
824,60.000000000000000,,,,,1621.158592433609101,43743.696604752789426
825,0.000000000000000,,,,,1374.708884088636978,5559.069058754475009
826,0.000000000000000,,,,,1400.751903906469124,8928.297555961735270
827,15.000000000000000,,,4/17/2002 0:00:00.000,,2241.126394443135268,17195.737021665445354
828,60.000000000000000,,,,,1911.386473738670247,57864.565807655839308
829,0.000000000000000,,,12/30/1899 0:00:00.000,12/30/1899 0:00:00.000,72.339206456761787,1.796559579813120
830,0.000000000000000,,,12/30/1899 0:00:00.000,12/30/1899 0:00:00.000,152.487704978411870,61.596396463469944
831,0.000000000000000,,,12/30/1899 0:00:00.000,12/30/1899 0:00:00.000,131.912095033308105,36.235804499924825
832,0.000000000000000,,,12/30/1899 0:00:00.000,12/30/1899 0:00:00.000,240.065232128154435,10.356382251393597
833,0.000000000000000,,,,,736.509795597868901,5787.702438579625777
834,20.000000000000000,,,,,343.489909538132281,3111.287748098430711
835,22.000000000000000,,,3/13/2007 0:00:00.000,,387.289969465338970,3777.541996180468686
836,30.000000000000000,,,,,305.548934163825663,3611.798946534661354
837,0.000000000000000,,,12/30/1899 0:00:00.000,12/30/1899 0:00:00.000,883.860451962529623,56.592323734356569
838,50.000000000000000,,,,,1866.343518183644846,42139.409538729189080
839,20.000000000000000,,,,,337.490349275440792,2656.187467120570545
840,15.000000000000000,,,2/2/2007 0:00:00.000,,1414.316274333574484,10350.139733315205376
841,,,,,,1905.138991670305586,14042.114704089712177
842,0.000000000000000,,,8/15/2006 0:00:00.000,,396.598706843757611,3034.700369807246261
843,15.000000000000000,,,,,443.288291074020890,3730.847455154591444
844,60.000000000000000,,,,,1100.102217425129311,30222.313854457097477
845,24.000000000000000,,,,,447.701627904495297,4734.636198995929590
846,8.000000000000000,,,,,348.402747032743491,1466.918830862601681
847,0.000000000000000,,,,,312.612120966770135,4827.285768584629295
848,0.000000000000000,,,,,950.982569246687831,7078.789680951736045
849,15.000000000000000,,,,,2177.767060651259271,14814.595543099405404
850,0.000000000000000,,,,,567.256847303554082,3062.376629902636978
851,0.000000000000000,,,,,731.661301526499301,15991.401353044286225
852,60.000000000000000,,,,,312.361579231378812,5699.569115378111746
853,0.000000000000000,,,,,152.763275075144776,1253.600895877997573
854,20.000000000000000,,,,,2023.647392383564693,20086.288665340009175
855,15.000000000000000,,,,,1343.304144671809581,8231.463596879419129
856,15.000000000000000,,,,,520.614511130682331,3708.059710231379540
857,30.000000000000000,,,,,589.383171395863428,7135.899412848729298
858,0.000000000000000,,,,,4052.259338339721580,30161.421033507805987
859,15.000000000000000,,,,,8736.880030656389863,65896.659812746118405
860,15.000000000000000,,,,,2334.590285438843239,17099.188831428637059
861,0.000000000000000,,,,,2393.716738181019082,51993.875148453378642
862,15.000000000000000,,,,,315.553121331060083,2123.235378979034977
863,10.000000000000000,,,,,387.137048393876967,1834.059285885450436
864,0.000000000000000,,,,,191.496114992632016,949.881575807786817
865,0.000000000000000,,,,,142.299956390781347,464.660875545256715
866,15.000000000000000,,,,,1769.245162066063585,11250.366845815886336
867,0.000000000000000,,,2/6/2004 0:00:00.000,,470.364550781969342,4988.074258316055420
868,0.000000000000000,,,,,1278.457298970327884,26552.839360143399972
869,34.000000000000000,,,5/26/2006 0:00:00.000,,351.757061741748146,4819.676853381006367
870,15.000000000000000,,,,,1539.095408402828980,12560.969452639368683
871,0.000000000000000,,,,,139.269761702683127,522.943312255679302
872,,,,2/16/2011 0:00:00.000,,417.334440266433205,2522.475129971156548
873,0.000000000000000,,,,,1909.392987186803339,17595.484648834768450
874,0.000000000000000,,,6/1/2004 0:00:00.000,,1031.863017929936404,22071.230141337633540
875,0.000000000000000,,,12/30/1899 0:00:00.000,12/30/1899 0:00:00.000,1212.200070150226566,5382.306043014424176
876,60.000000000000000,,,5/31/2012 0:00:00.000,,945.313290449583064,23231.504568128206301
877,0.000000000000000,,,,,460.330221618678479,8494.296558119975089
878,0.000000000000000,,,12/30/1899 0:00:00.000,12/30/1899 0:00:00.000,215.136581978686564,913.974244206366052
879,0.000000000000000,,,12/30/1899 0:00:00.000,12/30/1899 0:00:00.000,444.030085720421198,8154.008735111633541
880,15.000000000000000,,,,,1446.523388609327185,20730.447055863693095
881,15.000000000000000,,,,,521.141142163630320,3683.411325421785023
882,15.000000000000000,,,2/26/2002 0:00:00.000,,425.061358869198102,2913.699795279055252
883,2.000000000000000,,,,,340.397629771977108,1885.242961680755798
884,0.000000000000000,,,,,459.938969548731677,5994.410709467274501
885,0.000000000000000,,,,,1165.584850749550924,7291.701396096457756
886,13.000000000000000,,,10/14/2002 0:00:00.000,,85.521986527145998,95.978270129589220
887,0.000000000000000,,,,,182.666626536175102,1076.113865937013315
888,20.000000000000000,,,,,104.557378016433148,616.642151832961304
889,15.000000000000000,,,,,629.411339320869047,3721.437744096073402
890,40.000000000000000,,,11/9/2005 0:00:00.000,,216.866958352735878,2033.053914983161121
891,0.000000000000000,,,,,497.648154719173363,10824.594752588798656
892,15.000000000000000,,,10/10/1997 0:00:00.000,,2205.497040303883296,45752.901515946861764
893,10.000000000000000,,,5/12/2006 0:00:00.000,,377.770152180884736,1788.366339794765281
894,0.000000000000000,,,,,457.038911648452256,3022.058605039526356
895,20.000000000000000,,,,,297.316230362885449,3158.313854011612420
896,0.000000000000000,,,,,30.772200493464631,14.227103777702299
897,0.000000000000000,,,,,73.264658702421357,36.570297193579712
898,10.000000000000000,,,,,597.450762988015981,2448.307002390098660
899,30.000000000000000,,,8/9/1999 0:00:00.000,,2309.021599238413728,33236.411639996491431
900,0.000000000000000,,,,,626.880898094225245,31208.770829640365264
901,0.000000000000000,,,,,623.480377099032580,3564.360104228812816
902,0.000000000000000,,,,,444.130273481529969,683.670164913621534
903,15.000000000000000,,,,,509.483610132842614,3586.229458717268699
904,15.000000000000000,,,,,70.140780714876257,309.403080383327335
905,0.000000000000000,,,,,639.856151440621147,11628.778643090307014
906,0.000000000000000,,,,,392.768390906522313,1058.771670891924032
907,20.000000000000000,,,,,580.412044189931066,5489.714399533355390
908,,,,9/26/2012 0:00:00.000,,379.047264193568253,1699.884905014768719
909,0.000000000000000,,,,,921.776339288683630,10390.712398955378376
910,11.000000000000000,,,,,717.417498969784447,3931.855054886207654
911,20.000000000000000,,,,,368.123693277046812,3279.713867582869625
912,0.000000000000000,,,,,622.646785693920606,8439.118919354534228
913,30.000000000000000,,,,,401.274718420442014,4716.618287082397728
914,20.000000000000000,,,11/30/2005 0:00:00.000,,483.233233203108227,4044.606187199471606
915,24.000000000000000,,,5/26/2006 0:00:00.000,,632.932549496084562,7296.398236395962158
916,0.000000000000000,,,,,658.182885829180918,3190.695949624956938
917,35.000000000000000,,,,,522.407465186640366,6651.224826603344809
918,0.000000000000000,,,,,1072.954846227163443,6994.180052684311704
919,9.000000000000000,,,6/18/2013 0:00:00.000,,275.136870012347231,1156.579994653676295
920,5.000000000000000,,,,,520.305589819108377,1768.435363501327629
921,0.000000000000000,,,,,461.839742573960280,9625.493096551899725
922,24.000000000000000,,,10/25/2013 0:00:00.000,,909.456095306357838,10584.461840169524294
923,24.000000000000000,,,10/25/2013 0:00:00.000,,825.923142468322567,9982.572136037320888
924,,,,,,588.141413137312156,10222.157135490904693
925,0.000000000000000,,,,,739.724115969632521,2536.612471649181771
926,30.000000000000000,,,,,336.805068846682389,3917.358136347055733
927,0.000000000000000,,,,,324.377191051768307,4415.332008261138981
928,0.000000000000000,,,8/17/2007 0:00:00.000,,426.720854172085581,3368.766111711137910
929,20.000000000000000,,,,,999.930760163555192,8220.303194510364847
930,0.000000000000000,,,,,499.423528437188338,294.283141966501717
931,0.000000000000000,,,,,2969.886378201051684,19273.263777875887172
932,30.000000000000000,,,,,436.343615030783667,5644.599812709012440
933,15.000000000000000,,,,,363.843070430792068,2467.962232817123549
934,0.000000000000000,,,,,7680.002922589409536,68885.020191606803564
935,20.000000000000000,,,,,632.850755333265624,6037.104898555072396
936,0.000000000000000,,,,,160.175446741237238,53.522452844970623
937,10.000000000000000,,,,,625.114157154654208,3035.770666358245307
938,0.000000000000000,,,,,256.563723062444637,418.752422385443310
939,0.000000000000000,,,,,488.139167918699627,2495.424415435074934
940,15.000000000000000,,,,,1906.642494534755542,27632.867372051619896
941,0.000000000000000,,,,,23.121748804179493,25.369545898755486
942,0.000000000000000,,,,,314.464918852742073,613.812930107349644
943,0.000000000000000,,,,,580.429141989190157,3923.031724101326290
944,60.000000000000000,,,,,911.378142480102269,23671.558942485629814
945,0.000000000000000,,,,,163.980612121229001,157.962849524110538
946,18.000000000000000,,,,,962.895180983917157,8309.056928730766231
947,0.000000000000000,,,,,430.364111271732554,2738.135089157786297
948,0.000000000000000,,,,,177.985350495402173,25.226497332499889
949,20.000000000000000,,,,,257.425461291828526,2174.194815568907416
950,50.000000000000000,,,,,1647.034107031220174,35971.263559466737206
951,0.000000000000000,,,,,696.674455737530707,3375.356410136590057
952,0.000000000000000,,,,,3578.046863006483818,103711.984866846265504
953,0.000000000000000,,,,,3929.908646737108938,25804.575255469229887
954,0.000000000000000,,,,,244.027149156529617,187.810352834588429
955,10.000000000000000,,,,,1876.434314635493138,9193.699230954840459
956,0.000000000000000,,,,,136.422824626264401,99.925603512571001
957,15.000000000000000,,,,,1465.825531583898055,10002.883310864186569
958,0.000000000000000,,,,,123.786769039891936,579.674589334259963
959,18.000000000000000,,,,,757.541459820475438,2965.644221809199735
960,20.000000000000000,,,,,395.882326390033825,5466.957759238092876
961,0.000000000000000,,,,,1163.941123442217304,7494.280699879603162
962,0.000000000000000,,,,,874.332013124564355,6402.938632232783675
963,0.000000000000000,,,4/19/2006 0:00:00.000,,1708.643049456632980,24922.113322736797272
964,30.000000000000000,,,3/22/2005 0:00:00.000,,2315.462633079374882,34265.833630937624548
965,0.000000000000000,,,,,30.408676859422535,34.252786743462138
966,0.000000000000000,,,,,42.907735773463941,59.777798182142632
967,0.000000000000000,,,,,617.708658786970545,3277.768709675978243
968,15.000000000000000,,,9/9/2002 0:00:00.000,,838.782403111905410,6728.944011834568300
969,15.000000000000000,,,9/9/2002 0:00:00.000,,830.771234524136389,5997.161940509575288
970,0.000000000000000,,,,,1093.138353309486320,8950.955279643356334
971,0.000000000000000,,,,,7499.291870177798955,45859.549969439918641
972,10.000000000000000,,,,,555.585056334972933,2399.108482009165527
973,0.000000000000000,,,,,2310.227832485694307,23369.260846185072296
974,40.000000000000000,,,5/23/1977 0:00:00.000,,630.708781974486556,10972.403361380320348
975,0.000000000000000,,,,,1301.476455734898309,7621.584121911961120
976,0.000000000000000,,,,,1060.448437463975779,8868.446796436655859
977,15.000000000000000,,,5/28/2015 0:00:00.000,,641.503467391980507,4580.876314894449933
978,15.000000000000000,,,,,1221.913225127838132,12648.633640064550491
979,0.000000000000000,,,,,556.450083535874910,6324.383910505018321
980,0.000000000000000,,,,,373.422595671339820,2194.411385789646374
981,15.000000000000000,,,9/18/2001 0:00:00.000,,151.595219812950802,912.615659680199087
982,15.000000000000000,,,,,1777.296478697486236,10313.865215873362104
983,20.000000000000000,,,10/4/2001 0:00:00.000,,65.332320432520660,240.087889017798233
984,0.000000000000000,,,,,571.841020001020638,2851.496398385620068
985,0.000000000000000,,,,,446.134969823608685,3172.802972084553403
986,0.000000000000000,,,,,1307.021026897520642,8558.879293976169720
987,0.000000000000000,,,,,856.578570515201136,5773.879352041627499
988,,,,8/11/2014 0:00:00.000,,893.179605033484563,17776.024209460552811
989,0.000000000000000,,,,,411.976727850272084,3028.805290151605732
990,0.000000000000000,,,,,307.471545703066681,5313.116294672156982
991,0.000000000000000,,,,,1374.179110247402832,7746.223841238727800
992,0.000000000000000,,,,,1124.465455640165601,8421.259181948362311
993,0.000000000000000,,,,,777.437850804082927,4874.570788037224702
994,0.000000000000000,,,,,149.211044203291976,1041.181061671763018
995,0.000000000000000,,,,,64.320802897112102,159.453704623575902
996,0.000000000000000,,,,,556.926926070529134,2523.315311671844483
997,0.000000000000000,,,,,1796.426219474917389,8545.713143450651842
998,8.000000000000000,,,,,295.633895123386367,1112.530094733654551
999,21.000000000000000,,,5/14/2013 0:00:00.000,,286.025762116450949,2563.011653410507279
1000,20.000000000000000,,,5/30/2002 0:00:00.000,,654.835788017502182,6141.834305921730447
1001,10.000000000000000,,,6/19/1912 0:00:00.000,,820.096056093121433,4251.487128967894023
1002,0.000000000000000,,,,,341.403810930988925,1483.924405973633156
1003,35.000000000000000,,,1/31/2003 0:00:00.000,,169.942513219276208,1748.846463696833098
1004,0.000000000000000,,,,,871.023490082927879,4352.060715959735717
1005,0.000000000000000,,,,,3768.772607878272083,39157.114387048335630
1006,12.000000000000000,,,,,380.715296986662509,2140.606083847280388
1007,0.000000000000000,,,,,1776.602380037505100,15720.093627336158534
1008,0.000000000000000,,,,,285.214968318766807,710.581589881844934
1009,38.000000000000000,,,,,1164.824921015480186,39995.354690488042252
1010,0.000000000000000,,,,,2254.143824046009286,17201.056328366390517
1011,25.000000000000000,,,,,1367.711346806054735,13668.427606493678468
1012,,,,1/29/2015 0:00:00.000,,399.154830307166321,1023.079892132371697
1013,26.000000000000000,,,3/9/2005 0:00:00.000,,412.857655734658522,4679.392653824659646
1014,0.000000000000000,,,,,2380.967511564795586,45747.380885762438993
1015,30.000000000000000,,,,,950.883425029888940,13359.821467807129011
1016,0.000000000000000,,,,,913.021198421218060,5423.720518002215613
1017,30.000000000000000,,,12/11/2007 0:00:00.000,,826.984338314031220,11531.858120772671100
1018,0.000000000000000,,,,,174.809808943738972,1756.177042559568690
1019,0.000000000000000,,,,,3308.735111926792797,185962.485110212088330
1020,41.000000000000000,,,12/19/2001 0:00:00.000,,919.631293073992651,17320.193028929268621
1021,,,,10/23/2015 0:00:00.000,,359.481607457138580,2575.447943082718211
1022,0.000000000000000,,,,,2487.602227623377075,13923.835991931697208
1023,10.000000000000000,,,5/12/2005 0:00:00.000,,145.673721350622941,631.417904045372552
1024,0.000000000000000,,,8/29/2003 0:00:00.000,,223.936101361345379,2005.417481921445415
1025,0.000000000000000,,,,,185.887709880373990,984.229782651440246
1026,10.000000000000000,,,5/12/2005 0:00:00.000,,358.560652978007852,1664.830928441800097
1027,13.000000000000000,,,,,940.351401096470113,6041.584443678829302
1028,15.000000000000000,,,,,2978.455585088383486,22092.521718792686443
1029,0.000000000000000,,,,,1521.845754759622650,26314.512828756396630
1030,30.000000000000000,,,5/26/2000 0:00:00.000,,529.859114641859833,3612.713690106006652
1031,38.000000000000000,,,11/22/2002 0:00:00.000,,119.350690607458574,816.528434859364552
1032,10.000000000000000,,,,,414.878380929187927,2480.773413740344040
1033,0.000000000000000,,,,,2694.809296595478372,15812.488656644700313
1034,60.000000000000000,,,,,849.459164537377660,21079.508758885658608
1035,15.000000000000000,,,4/22/2005 0:00:00.000,,1318.697498977399391,9661.810523018912136
1036,15.000000000000000,,,4/22/2005 0:00:00.000,,1354.742485400988926,9932.452877957068267
1037,15.000000000000000,,,4/22/2005 0:00:00.000,,1390.929497211365970,10205.843753899496733
1038,20.000000000000000,,,,,1529.304677013323044,14374.668978679332213
1039,0.000000000000000,,,,,675.154251372969725,4950.709700804676686
1040,0.000000000000000,,,,,627.486405950223116,4346.426360284716793
1041,0.000000000000000,,,,,964.469484964692128,16931.747257387723948
1042,0.000000000000000,,,,,916.619807629406864,6075.349692003464952
1043,14.000000000000000,,,9/8/2003 0:00:00.000,,178.637707254522212,763.661950489484411
1044,20.000000000000000,,,11/12/2015 0:00:00.000,,468.023774157096113,5015.256599149190151
1045,15.000000000000000,,,,,1359.459685861173966,21659.186126151573262
1046,9.000000000000000,,,,,316.983253820239611,1247.544611979324600
1047,20.000000000000000,,,6/12/2015 0:00:00.000,,462.682062947210284,4217.936370374468424
1048,20.000000000000000,,,6/12/2015 0:00:00.000,,164.238598265115741,1233.370162062536792
1049,30.000000000000000,,,,,484.285291503159897,6364.812235152117864
1050,15.000000000000000,,,2/16/2015 0:00:00.000,,4571.115383212627421,34143.489969021480647
1051,0.000000000000000,,,,,915.717304439884515,4518.333753038194118
1052,60.000000000000000,,,11/8/2004 0:00:00.000,,303.679007022557528,5196.136080951565418
1053,24.000000000000000,,,,,381.234006326006920,3821.040918426471762
1054,18.000000000000000,,,,,542.890853378631732,4773.245090724585680
1055,0.000000000000000,,,,,5227.994842999273715,138675.086977882398060
1056,,,,3/31/2016 0:00:00.000,,572.640896801441272,7590.459697134204362
1057,0.000000000000000,,,,,11626.683327110697064,156164.261347214458510
1058,10.000000000000000,,,,,106.596668284604533,427.578767952366491
1059,0.000000000000000,,,,,1110.946388538612382,19229.298670136089640
1060,0.000000000000000,,,,,596.906320351936415,3193.646230529058812
1061,0.000000000000000,,,,,790.788110068431024,4204.289320403428064
1062,15.000000000000000,,,,,328.869720783169100,2221.130942901908384
1063,20.000000000000000,,,3/4/2016 0:00:00.000,,1126.246329773792240,10855.730743241063465
1064,0.000000000000000,,,,,1375.721735156417708,12392.527955329062024
1065,30.000000000000000,,,,,1032.478378616599912,14627.368229708870786
1066,0.000000000000000,,,,,1854.377324863210106,8779.054844726302690
1067,0.000000000000000,,,,,685.987352194053301,16772.993126264758757
1068,10.000000000000000,,,4/29/2003 0:00:00.000,,471.228814229308000,2254.799359469450792
1069,0.000000000000000,,,,,640.481568946979678,4427.886109071980172
1070,45.000000000000000,,,,,368.790005699362951,6398.176951783810182
1071,15.000000000000000,,,,,387.389129170712067,2983.314705862981555
1072,25.000000000000000,,,10/4/2005 0:00:00.000,,424.292396874186636,4803.413179768753253
1073,18.000000000000000,,,12/31/2001 0:00:00.000,,227.658304528945422,2721.837389144018289
1074,0.000000000000000,,,,,300.394606456194822,1809.743378358354221
1075,0.000000000000000,,,,,179.291727487512787,814.931263737581958
1076,0.000000000000000,,,,,820.802944397909300,5283.672884789999443
1077,0.000000000000000,,,,,2749.919583141273506,12580.146894443971178
1078,13.000000000000000,,,,,311.315639374505281,2446.896866162203878
1079,15.000000000000000,,,,,534.362893271653661,4240.845573332897402
1080,20.000000000000000,,,,,536.518137220976655,4473.319691037840130
1081,0.000000000000000,,,7/12/2005 0:00:00.000,,722.952569889978349,6793.790586469272057
1082,0.000000000000000,,,12/30/1899 0:00:00.000,12/30/1899 0:00:00.000,235.655146989566958,652.029621896899130
1083,0.000000000000000,,,12/30/1899 0:00:00.000,12/30/1899 0:00:00.000,275.600889586972869,3.251116625191766
1084,0.000000000000000,,,,,382.258794849945843,2257.108089077551085
1085,0.000000000000000,,,,,582.311549900167620,11831.463705136311546
1086,40.000000000000000,,,,,1080.431087972330261,19912.592867452629434
1087,60.000000000000000,,,,,685.210911937573655,14722.695986950726365
1088,0.000000000000000,,,,,2356.780459197458640,9605.402550097493076
1089,0.000000000000000,,,12/30/1899 0:00:00.000,12/30/1899 0:00:00.000,77.198886205230536,217.075450986416314
1090,0.000000000000000,,,12/30/1899 0:00:00.000,12/30/1899 0:00:00.000,257.567332301783040,777.840753841854507
1091,0.000000000000000,,,,,1987.605799614037096,14701.270887877550194
1092,0.000000000000000,,,,,404.783271226657632,1233.649859148576297
1093,15.000000000000000,,,,,285.071526268137234,1998.812201781092881
1094,8.000000000000000,,,,,205.680321415912999,955.313794727437084
1095,5.000000000000000,,,,,371.638368371147351,1045.404187736132826
1096,0.000000000000000,,,,,2234.936469588289128,24840.905510073233017
1097,8.000000000000000,,,,,409.746652928479591,1645.966041531179144
1098,20.000000000000000,,,,,686.707482206396094,5625.532768486224086
1099,,,,12/23/2014 0:00:00.000,,204.396102012494850,897.302380185263473
1100,,,,6/7/2015 0:00:00.000,,312.129200946416233,1604.535915342741646
1101,16.000000000000000,,,,,148.190202180501331,1002.843956602086678
1102,10.000000000000000,,,5/2/2007 0:00:00.000,,277.951659264996806,1284.994533703976231
1103,75.000000000000000,,,,,2641.418386680447838,88685.043636176254950
1104,0.000000000000000,,,,,589.114768661964717,3548.009251749022951
1105,30.000000000000000,,,,,1065.951144005426158,14257.723554049898667
1106,40.000000000000000,,,9/1/1992 0:00:00.000,,478.866129741278314,8279.441906964228110
1107,60.000000000000000,,,,,459.413162916508384,7167.857972563086150
1108,0.000000000000000,,,,,304.144509113205061,925.174976390199163
1109,0.000000000000000,,,,,657.338371975841937,3337.421983677550088
1110,23.000000000000000,,,1/10/2014 0:00:00.000,,568.676352922185060,6187.062387092942117
1111,60.000000000000000,,,,,614.060775031028811,15245.917062155895110
1112,70.000000000000000,,,,,1219.766813713704323,38436.302026056044269
1113,0.000000000000000,,,,,312.543866564994346,2097.953018372669248
1114,0.000000000000000,,,,,240.078948735117223,2732.888878498824397
1115,10.000000000000000,,,,,360.763739926011681,1044.887644280916675
1116,0.000000000000000,,,,,386.300236189356383,3462.964463387345859
1117,15.000000000000000,,,,,49.357302306538791,110.652116481691536
1118,0.000000000000000,,,,,223.853997037628034,2490.713788685442069
1119,19.000000000000000,,,7/22/2003 0:00:00.000,,135.571069127470111,933.831217484879062
1120,20.000000000000000,,,3/19/2001 0:00:00.000,,307.422434527843450,2240.447751286465518
1121,10.000000000000000,,,,,212.825172198981164,904.498873281319220
1122,10.000000000000000,,,6/23/2005 0:00:00.000,,260.287899483291767,1209.592622988924404
1123,10.000000000000000,,,2/5/2007 0:00:00.000,,257.192707649875786,1187.489656546967581
1124,0.000000000000000,,,,,2796.329758201860841,13024.936272300148630
1125,0.000000000000000,,,12/30/1899 0:00:00.000,12/30/1899 0:00:00.000,31.768028391079717,5.169478462626743
1126,0.000000000000000,,,12/30/1899 0:00:00.000,12/30/1899 0:00:00.000,87.013974750970092,4.594577111016662
1127,0.000000000000000,,,12/30/1899 0:00:00.000,12/30/1899 0:00:00.000,34.630590475428690,2.640196385057365
1128,10.000000000000000,,,,,223.513182684781242,1029.029429561169991
1129,50.000000000000000,,,,,1107.552370826913375,26336.975844701937604
1130,0.000000000000000,,,,,110.493021354150201,377.949985463715393
1131,0.000000000000000,,,,,132.444721550778013,901.116667646224187
1132,8.000000000000000,,,,,167.954934634220763,607.697612412925082
1133,0.000000000000000,,,,,577.014186330478992,6226.029506043943911
1134,0.000000000000000,,,2/13/2003 0:00:00.000,,602.329104312555614,11359.415626930307553
1135,60.000000000000000,,,,,225.774868462699970,3127.354503280142126
1136,8.000000000000000,,,,,441.196479362613388,1940.596843804731179
1137,0.000000000000000,,,12/30/1899 0:00:00.000,12/30/1899 0:00:00.000,2762.949490683913154,38971.360298255240195
1138,15.000000000000000,,,,,7737.741242019700621,150119.843642777006608
1139,36.000000000000000,,,,,243.750237104547750,3030.046625228545054
1140,15.000000000000000,,,3/30/2001 0:00:00.000,,357.654627597813260,2441.327576430377121
1141,12.000000000000000,,,5/4/2015 0:00:00.000,,284.574957531834173,1576.063284689945476
1142,25.000000000000000,,,10/22/2002 0:00:00.000,,651.541674025613702,7594.705614890441211
1143,60.000000000000000,,,,,4300.078483159231837,125345.686904986869195
1144,,,,,,3595.346130748183896,103822.468122835838585
1145,26.000000000000000,,,,,721.912003246476729,8889.562942841723270
1146,30.000000000000000,,,,,1464.018100882987255,21277.932484920977004
1147,20.000000000000000,,,,,2583.822715829107892,23511.172586610322469
1148,0.000000000000000,,,,,380.172277869394065,1856.442039247084267
1149,0.000000000000000,,,,,351.842075338434768,3143.636734803189938
1150,0.000000000000000,,,,,421.855445510709558,6173.147269925838373
1151,20.000000000000000,,,,,566.354017526142343,8410.105007378315349
1152,20.000000000000000,,,,,362.091400562743559,3797.750099163141840
1153,30.000000000000000,,,,,1083.548941426720148,15105.179120079097629
1154,0.000000000000000,,,,,1252.004968847890268,12728.939812389409781
1155,0.000000000000000,,,,,455.487465279066782,4257.629044960558531
1156,0.000000000000000,,,3/1/2003 0:00:00.000,,510.396655586352495,8554.656012104273032
1157,15.000000000000000,,,,,1594.540287880232654,22856.342187141079194
1158,0.000000000000000,,,,,772.057349630888552,20721.330188027521217
1159,20.000000000000000,,,2/4/2005 0:00:00.000,,875.971292846973142,8357.825775062274261
1160,0.000000000000000,,,,,5750.290292932053489,31605.895784860240383
1161,0.000000000000000,,,,,1315.621897244008778,8985.502968505184981
1162,0.000000000000000,,,,,620.709796716420783,30590.180089082539780
1163,20.000000000000000,,,,,486.497970902690042,4300.474200674385429
1164,4.000000000000000,,,,,222.866598831600271,1032.807707179532827
1165,20.000000000000000,,,1/27/2005 0:00:00.000,,864.999804446493158,7369.739682094673299
1166,15.000000000000000,,,,,71.954564055312460,316.400165866064526
1167,0.000000000000000,,,,,1212.521038213754082,8192.268150435713324
1168,0.000000000000000,,,,,461.016995216412397,6546.765621422049662
1169,0.000000000000000,,,,,769.805799374411663,4821.535312514970428
1170,24.000000000000000,,,4/30/2004 0:00:00.000,,939.355881780544451,10445.057866790784828
1171,16.000000000000000,,,,,1463.402992388741495,11798.973912872812434
1172,0.000000000000000,,,,,890.636871100081180,8519.064913459284071
1173,0.000000000000000,,,12/30/1899 0:00:00.000,12/30/1899 0:00:00.000,203.321760975555094,2169.470350862671239
1174,60.000000000000000,,,,,1414.501712858549126,36907.800667787574639
1175,0.000000000000000,,,,,2672.782509874585230,26694.080636015205528
1176,15.000000000000000,,,,,321.079620459722037,2175.819863699380676
1177,0.000000000000000,,,,,1666.103561768815780,11933.551666202829438
1178,0.000000000000000,,,,,3147.440517495735548,46110.518221367157821
1179,0.000000000000000,,,,,4524.124903930887740,131084.784064732986735
1180,29.000000000000000,,,,,448.872755599555944,6418.885987271709382
1181,70.000000000000000,,,,,6802.982689140088951,232412.250314076954965
1182,27.000000000000000,,,1/13/2014 0:00:00.000,,817.444033158603020,10666.687827000494508
1183,60.000000000000000,,,8/27/2015 0:00:00.000,,1288.670274754538468,38785.387618751316040
1184,0.000000000000000,,,,,398.230017430318242,4535.467805579227388
1185,0.000000000000000,,,,,484.718092036048631,3958.406195261163703
1186,30.000000000000000,,,,,1205.087323323795545,8811.262129351214753
1187,24.000000000000000,,,4/30/2004 0:00:00.000,,138.301370569801264,723.590855405766888
1188,15.000000000000000,,,12/4/1996 0:00:00.000,,543.337375147655962,3844.374406931918202
1189,0.000000000000000,,,,,373.705053116108729,717.900773831444667
1190,0.000000000000000,,,,,174.243754694956294,1188.734787223827198
1191,20.000000000000000,,,2/2/2015 0:00:00.000,,2214.806112792187378,21735.061817729354516
1192,23.000000000000000,,,7/27/2007 0:00:00.000,,975.133921859246470,10673.151266226064763
1193,0.000000000000000,,,,,594.093885665354719,6458.175467863411541
1194,40.000000000000000,,,4/24/2006 0:00:00.000,,260.709136429897001,3607.321631031386914
1195,0.000000000000000,,,,,433.359993270783946,5410.535942832864748
1196,0.000000000000000,,,,,1599.547111593793488,11009.749622932835337
1197,20.000000000000000,,,,,1204.340744392403622,13165.633444242805126
1198,40.000000000000000,,,,,380.106917564227558,5506.350612514565000
1199,0.000000000000000,,,,,776.998694918089541,4614.525185768152369
1200,15.000000000000000,,,,,877.128002046271035,7644.208824579040993
1201,0.000000000000000,,,,,3018.963491394906669,21207.323843776110152
1202,30.000000000000000,,,,,378.347421386812869,4774.197029919175293
1203,,,,2/26/2013 0:00:00.000,,1182.871577054544559,25258.229734532433213
1204,0.000000000000000,,,12/30/1899 0:00:00.000,12/30/1899 0:00:00.000,91.194448735635078,508.726303436651790
1205,70.000000000000000,,,,,378.815955785701760,8530.026175634775427
1206,25.000000000000000,,,8/15/2001 0:00:00.000,,333.507291317730335,3535.545579558116060
1207,20.000000000000000,,,10/4/2001 0:00:00.000,,198.868408025798090,1538.610766507335029
1208,0.000000000000000,,,,,89.747608816799982,463.090384079036028
1209,,,,2/26/2013 0:00:00.000,,1419.217155953158908,16890.545495774465962
1210,0.000000000000000,,,,,487.910504394887766,6410.024802490710499
1211,50.000000000000000,,,2/26/2013 0:00:00.000,,234.539327307411469,3131.155956355697526
1212,10.000000000000000,,,,,667.604344450247481,3745.239478042827614
1213,0.000000000000000,,,,,897.804198834201088,12533.486507722223905
1214,0.000000000000000,,,,,794.001359143256423,2879.418621148098282
1215,70.000000000000000,,,,,848.455846370988752,24231.715111262939899
1216,0.000000000000000,,,,,79.740827477347864,266.361430160054681
1217,0.000000000000000,,,,,88.678072065936988,328.246818111734513
1218,5.000000000000000,,,12/14/2012 0:00:00.000,,269.944176417379879,706.167991310953084
1219,0.000000000000000,,,,,321.875796605681501,2702.836331871624225
1220,0.000000000000000,,,,,699.881856914804530,6868.276588663978146
1221,0.000000000000000,,,,,1964.083927641987884,66236.782766047355835
1222,30.000000000000000,,,,,1926.374795818905568,28002.681412233458104
1223,20.000000000000000,,,10/4/2001 0:00:00.000,,2256.108174828745632,260512.027233343338594
1224,20.000000000000000,,,1/24/2014 0:00:00.000,,1506.393604137442480,15047.257236025065140
1225,30.000000000000000,,,,,571.598839268364031,7409.979559906401846
1226,20.000000000000000,,,10/4/2001 0:00:00.000,,5640.665573539306934,56577.542506163765211
1227,15.000000000000000,,,,,288.151315425619828,1928.224288291628000
1228,53.000000000000000,,,6/26/2013 0:00:00.000,,298.747464093443057,5073.933688088770396
1229,53.000000000000000,,,1/17/2014 0:00:00.000,,291.100388486645386,4904.740279061457841
1230,25.000000000000000,,,,,766.434699972380145,8954.322062375253154
1231,53.000000000000000,,,1/17/2014 0:00:00.000,,282.571287503671442,4668.481263792934442
1232,53.000000000000000,,,5/15/2013 0:00:00.000,,299.560060667763878,5120.743937476080646
1233,53.000000000000000,,,1/16/2014 0:00:00.000,,314.555731432355287,5518.089383329814154
1234,53.000000000000000,,,6/26/2013 0:00:00.000,,299.819665510243169,5130.619433706587188
1235,53.000000000000000,,,1/24/2014 0:00:00.000,,320.129735931714322,5672.268560324692771
1236,53.000000000000000,,,1/24/2014 0:00:00.000,,305.983877831512473,5294.519127369283524
1237,30.000000000000000,,,,,375.615343010697757,4191.729068848650058
1238,14.000000000000000,,,,,1360.794521252589902,9152.539068091748049
1239,53.000000000000000,,,8/30/2013 0:00:00.000,,303.364512026617888,5214.223365428574652
1240,0.000000000000000,,,,,911.678922708774849,5639.896401838321253
1241,15.000000000000000,,,,,191.104879577229042,997.187681837396440
1242,0.000000000000000,,,,,619.215282637545556,30443.405090870543063
1243,30.000000000000000,,,8/3/2006 0:00:00.000,,762.796744726633733,10317.266415381960542
1244,50.000000000000000,,,5/23/2008 0:00:00.000,,360.228562955491725,6249.081177387140997
1245,0.000000000000000,,,,,1520.626211171852447,12012.591264702308763
1246,0.000000000000000,,,,,450.877897550626642,2792.296933738331518
1247,60.000000000000000,,,,,328.037743084416718,6353.326345563595169
1248,15.000000000000000,,,,,340.543372346692991,2778.006018476933605
1249,0.000000000000000,,,,,2641.134393065716267,16331.926341270504054
1250,0.000000000000000,,,,,2752.793707531227938,12068.774252401237391
1251,0.000000000000000,,,,,1167.757322914753786,6968.082400779257114
1252,30.000000000000000,,,,,2223.858864593026283,31447.961266441649059
1253,0.000000000000000,,,,,843.283053509304864,12144.229709846827973
1254,12.000000000000000,,,8/8/2006 0:00:00.000,,169.816568381816353,883.392424345813879
1255,35.000000000000000,,,,,1834.136332316606513,26550.534962189660291
1256,20.000000000000000,,,4/13/2016 0:00:00.000,,612.291085620867761,5722.877489474062713
1257,20.000000000000000,,,1/24/2014 0:00:00.000,,1036.726524133293651,10366.320560354308327
1258,0.000000000000000,,,,,809.594682636168727,10613.992465450051895
1259,30.000000000000000,,,,,197.064369869388941,1994.794275602526341
1260,0.000000000000000,,,,,781.927898031052450,3475.964603214569252
1261,30.000000000000000,,,,,535.889205091978170,7697.735458635490431
1262,20.000000000000000,,,1/24/2014 0:00:00.000,,567.455877663526053,4904.885934990536953
1263,0.000000000000000,,,,,784.990631100803625,5368.014267387296059
1264,30.000000000000000,,,,,2149.798753994809886,30657.421830257331749
1265,0.000000000000000,,,,,344.468224270859082,7371.359650150320704
1266,28.000000000000000,,,,,768.858832790225733,9552.117162364518663
1267,40.000000000000000,,,4/1/2016 0:00:00.000,,544.459984724613150,8461.316590423997695
1268,25.000000000000000,,,,,118.501645657686296,812.566376503982610
1269,25.000000000000000,,,,,637.448158379049346,7837.916955240339121
1270,0.000000000000000,,,,,1152.097680403030381,11686.755697075734133
1271,0.000000000000000,,,,,356.040158555474818,6710.184085729370963
1272,10.000000000000000,,,,,2176.396171684395085,11707.372995675250422
1273,0.000000000000000,,,,,588.262624777945689,4924.667681214785262
1274,40.000000000000000,,,10/4/2006 0:00:00.000,,510.381807194287546,7996.719906190956863
1275,40.000000000000000,,,9/24/1991 0:00:00.000,,664.502015463517751,12343.896151539262064
1276,15.000000000000000,,,,,607.778033973630045,4318.765857429099924
1277,0.000000000000000,,,,,569.512282261051723,4246.754678126626459
1278,60.000000000000000,,,,,1087.074447474857379,28904.031757776487211
1279,0.000000000000000,,,,,1053.807751917215683,5163.194539780123705
1280,30.000000000000000,,,,,280.599732351747207,3427.352156641991769
1281,0.000000000000000,,,,,647.307371102029947,5822.108320532361176
1282,50.000000000000000,,,,,476.509125520459804,9995.136945945838306
1283,0.000000000000000,,,,,3143.301826694722422,23659.256640925919783
1284,0.000000000000000,,,,,650.839105623448518,2726.416277935692051
1285,0.000000000000000,,,4/4/2001 0:00:00.000,,2204.890224294928885,48045.006569285986188
1286,0.000000000000000,,,,,1066.336116017762379,9634.018427891594911
1287,0.000000000000000,,,,,658.182841672434165,7204.602823619114133
1288,,,,11/20/2012 0:00:00.000,,811.742943160191771,13235.026904084104899
1289,0.000000000000000,,,,,2053.238866900516314,14218.579236289881010
1290,0.000000000000000,,,,,1219.266755628315195,15190.471133775503404
1291,15.000000000000000,,,,,539.701071823244092,4137.806846243019208
1292,60.000000000000000,,,,,1017.261906545312172,26244.629950080234266
1293,20.000000000000000,,,,,541.226057982400448,5368.060028659390809
1294,0.000000000000000,,,,,1543.183487544107038,15664.677372629101228
1295,50.000000000000000,,,,,220.000807456626461,2995.125282203356164
1296,20.000000000000000,,,,,406.285742483446938,3799.784869534601967
1297,0.000000000000000,,,,,1477.133774239133118,30685.095617617917014
1298,9.000000000000000,,,3/11/2015 0:00:00.000,,602.774841122708381,3220.160171549666757
1299,0.000000000000000,,,,,854.427921190858910,6719.417464818959161
1300,15.000000000000000,,,3/29/2004 0:00:00.000,,80.138209401970258,376.375380938933631
1301,20.000000000000000,,,,,2187.557271966058124,21469.587596786554059
1302,0.000000000000000,,,10/26/2000 0:00:00.000,,672.525425353177070,8651.462031517958167
1303,0.000000000000000,,,,,360.452993753315411,1788.430653180713534
1304,0.000000000000000,,,,,1885.315010410760806,15978.752343381085666
1305,0.000000000000000,,,,,1616.730226781334750,14212.865964838252694
1306,15.000000000000000,,,,,560.811464469590646,3978.373324858790511
1307,50.000000000000000,,,8/23/2005 0:00:00.000,,971.924868635927737,21510.224245440258528
1308,50.000000000000000,,,8/10/2007 0:00:00.000,,998.215122521796729,22370.859755192286684
1309,18.000000000000000,,,3/11/2004 0:00:00.000,,505.945147150278387,5172.688807506040575
1310,0.000000000000000,,,,,814.344431509984361,3066.721275934280584
1311,15.000000000000000,,,,,770.902018059287457,5550.149510618608474
1312,0.000000000000000,,,,,407.783381795580453,1968.124430399885114
1313,0.000000000000000,,,,,2640.187827109384216,26791.788949000179855
1314,15.000000000000000,,,,,316.776262132012619,2184.315454118167054
1315,15.000000000000000,,,,,954.475249082220671,8323.480463393987520
1316,0.000000000000000,,,,,1234.932558185869311,4636.235058312281581
1317,0.000000000000000,,,,,503.791868022617280,8885.537227281280138
1318,0.000000000000000,,,,,2389.315562609155222,14971.048733794377767
1319,15.000000000000000,,,,,1059.264661189808066,7703.901663299306165
1320,32.000000000000000,,,9/12/2006 0:00:00.000,,460.894627758672868,6519.530444476338744
1321,10.000000000000000,,,,,419.879736109879218,1998.585395272716141
1322,0.000000000000000,,,,,358.560200925066852,7248.239012372780962
1323,0.000000000000000,,,,,1018.454428520244278,14332.024122617533067
1324,0.000000000000000,,,,,314.224064600043846,5929.033811192562098
1325,10.000000000000000,,,,,286.576159382075843,1259.505058620281488
1326,20.000000000000000,,,,,832.495859313105484,7813.609677422087771
1327,0.000000000000000,,,,,768.541480297380758,5302.992239728358982
1328,0.000000000000000,,,,,596.164832440203782,4397.257751243006169
1329,15.000000000000000,,,,,679.410663752484197,4772.827292316399507
1330,30.000000000000000,,,,,748.310029961662622,9862.299434720858699
1331,15.000000000000000,,,,,767.808860007213070,7559.124554963321316
1332,30.000000000000000,,,,,735.497508216170104,10617.854823337936978
1333,0.000000000000000,,,7/6/2000 0:00:00.000,,617.986399141958259,4407.806926021851723
1334,15.000000000000000,,,5/21/2013 0:00:00.000,,452.314125485779300,3140.744222890978563
1335,0.000000000000000,,,,,387.312759996129728,2679.668682627820090
1336,0.000000000000000,,,,,1099.384776314853298,5426.041430954203861
1337,0.000000000000000,,,,,1403.700293324183804,8148.701688125878718
1338,31.000000000000000,,,4/12/2002 0:00:00.000,,556.535702396776969,10581.284591673735122
1339,60.000000000000000,,,,,1415.235470421878745,39450.819520541786915
1340,20.000000000000000,,,,,1236.556745964631318,10372.385029702600150
1341,15.000000000000000,,,,,1461.591922703156342,21268.757306486812013
1342,0.000000000000000,,,,,2126.349855290852702,65372.225378574948991
1343,20.000000000000000,,,2/11/2016 0:00:00.000,,589.899040680288294,5460.519506627848386
1344,30.000000000000000,,,,,3825.032487006245447,93127.199993765127147
1345,0.000000000000000,,,,,2764.056770874588437,34256.012957196631760
1346,0.000000000000000,,,,,300.551052094257329,5518.571737156496056
1347,0.000000000000000,,,,,1642.104675959387578,13906.017766434972145
1348,0.000000000000000,,,10/5/2000 0:00:00.000,,151.738759940475546,779.007710833915667
1349,50.000000000000000,,,,,890.127661439867666,19639.439274479693267
1350,0.000000000000000,,,,,906.464590763275851,5241.146761012687421
1351,0.000000000000000,,,,,3424.263071697869691,26894.799728565740224
1352,0.000000000000000,,,,,779.617162773338464,4423.067759300966827
1353,0.000000000000000,,,,,1376.450280622234004,6160.915014707966293
1354,10.000000000000000,,,,,274.328127159670089,1644.973105886431767
1355,0.000000000000000,,,,,2798.691917937662765,24803.589836399714841
1356,0.000000000000000,,,,,425.136224991527456,6189.914936972289070
1357,0.000000000000000,,,,,926.473832882031047,5707.220097306423668
1358,0.000000000000000,,,,,805.560554405203902,3994.916330417536301
1359,25.000000000000000,,,,,176.819030572835402,1519.437828906168306
1360,0.000000000000000,,,,,16979.805597642352950,328970.506001408619341
1361,0.000000000000000,,,,,1164.447719096802302,19842.229275299014262
1362,0.000000000000000,,,,,61.315058725635751,120.490762161084334
1363,0.000000000000000,,,,,1007.641872060922196,6921.504549024772132
1364,0.000000000000000,,,,,695.892171910028537,6733.624115782293302
1365,0.000000000000000,,,,,312.228928264336332,5446.486698347682250
1366,0.000000000000000,,,,,1485.327059313706513,8797.305544293063576
1367,24.000000000000000,,,,,762.478786069095349,8801.365497004429926
1368,50.000000000000000,,,,,786.165839313057859,15210.055794131963921
1369,0.000000000000000,,,,,1077.108861587841147,6989.488686281245464
1370,0.000000000000000,,,12/22/2003 0:00:00.000,,88.183527484721310,358.882135576486291
1371,0.000000000000000,,,,,940.634724732863447,3451.554676391864632
1372,0.000000000000000,,,,,292.523946367003191,5111.507042102783089
1373,0.000000000000000,,,,,120.172649875729860,900.685833937581378
1374,0.000000000000000,,,,,68.307048383987592,217.673302137514838
1375,15.000000000000000,,,,,945.636343611396228,6777.203045017240584
1376,30.000000000000000,,,,,925.894232396413940,13272.928597943289788
1377,12.000000000000000,,,,,360.752054623523804,1899.129994450125423
1378,0.000000000000000,,,,,2840.462522801618888,18690.297572147232131
1379,45.000000000000000,,,,,1472.194761716806397,30987.966581270793540
1380,30.000000000000000,,,,,718.353254094176691,9669.061756743840306
1381,25.000000000000000,,,8/22/2006 0:00:00.000,,991.403355492443211,12947.607336757051598
1382,0.000000000000000,,,,,1084.393081238383047,6470.809191993726017
1383,30.000000000000000,,,10/1/2004 0:00:00.000,,750.166091803404015,8946.789880565771455
1384,0.000000000000000,,,12/30/1899 0:00:00.000,12/30/1899 0:00:00.000,136.103259839954802,629.461123042667964
1385,0.000000000000000,,,12/30/1899 0:00:00.000,12/30/1899 0:00:00.000,52.214375392132681,160.709772757016054
1386,15.000000000000000,,,3/21/2003 0:00:00.000,,141.449062606993976,669.990082967212970
1387,0.000000000000000,,,12/30/1899 0:00:00.000,12/30/1899 0:00:00.000,118.257547839284115,99.666762743650366
1388,0.000000000000000,,,12/30/1899 0:00:00.000,12/30/1899 0:00:00.000,146.898404033307258,316.265458677939762
1389,0.000000000000000,,,12/30/1899 0:00:00.000,12/30/1899 0:00:00.000,142.851010049692519,73.025552432114480
1390,0.000000000000000,,,12/30/1899 0:00:00.000,12/30/1899 0:00:00.000,167.904251613284998,380.315382622804293
1391,0.000000000000000,,,12/30/1899 0:00:00.000,12/30/1899 0:00:00.000,26.648343986709179,23.622093613562935
1392,0.000000000000000,,,,,852.250802755791597,5741.788342966035088
1393,0.000000000000000,,,12/30/1899 0:00:00.000,12/30/1899 0:00:00.000,141.842926733375947,836.552040459062368
1394,30.000000000000000,,,,,409.649874786633461,5363.130266202833809
1395,,,,4/28/2008 0:00:00.000,,2897.734623027242378,197358.950699813576648
1396,30.000000000000000,,,,,429.901525829113098,5458.463919135444485
1397,27.000000000000000,,,10/3/2005 0:00:00.000,,1083.266458916390548,13911.171675887539095
1398,20.000000000000000,,,7/18/2005 0:00:00.000,,607.705138102176420,5671.143324687154745
1399,23.000000000000000,,,,,557.459347821853953,5867.772782558634390
1400,12.000000000000000,,,,,416.871104849182188,2320.903676715329311
1401,45.000000000000000,,,,,1395.522905448894107,28077.410924704192439
1402,0.000000000000000,,,,,196.368876393433709,1515.408948150510696
1403,,,,,,932.275578398491689,10191.513653870173584
1404,0.000000000000000,,,,,122.864296510280923,538.348148721811299
1405,0.000000000000000,,,11/1/2004 0:00:00.000,,54.930109795266915,118.937864965484522
1406,,,,5/6/2015 0:00:00.000,,229.766147765801435,564.869972738708384
1407,20.000000000000000,,,,,832.199369661404603,8883.182495202316204
1408,0.000000000000000,,,,,1020.628616047530841,5417.420559910598968
1409,0.000000000000000,,,,,458.367965998404657,1488.155275945732910
1410,0.000000000000000,,,,,488.171630631261451,3038.672124729897860
1411,0.000000000000000,,,,,1526.879505214595838,7713.437279676034450
1412,20.000000000000000,,,,,230.605490482746006,1464.754966380580072
1413,30.000000000000000,,,,,1443.382288871704304,22135.541750787175260
1414,0.000000000000000,,,,,1131.379299771517026,8764.603888053763512
1415,0.000000000000000,,,,,824.269451258828440,3239.217163111847640
1416,15.000000000000000,,,,,2674.089743218482909,19189.889544429981470
1417,0.000000000000000,,,,,1270.080577223182445,10491.896449161629789
1418,30.000000000000000,,,,,364.924017572348248,4820.864283384539704
1419,20.000000000000000,,,9/25/2000 0:00:00.000,,221.845580896112324,1889.034930518604369
1420,0.000000000000000,,,,,838.934013305975441,6985.668029754126110
1421,,,,,,907.070063053887566,7128.559615755177219
1422,0.000000000000000,,,,,1135.635985780736746,8627.184316264303561
1423,30.000000000000000,,,8/1/2013 0:00:00.000,,3504.434890769372487,54943.921068978052062
1424,0.000000000000000,,,,,902.799169215203278,5207.520508412209892
1425,15.000000000000000,,,,,1049.535875057536714,8518.040764615301669
1426,15.000000000000000,,,,,443.598206150532519,3102.012400520041865
1427,0.000000000000000,,,,,1264.571185783793226,11198.919025534900356
1428,20.000000000000000,,,,,306.264057700551916,2659.507320213590901
1429,0.000000000000000,,,,,609.060437029306513,3422.699655149287537
1430,20.000000000000000,,,8/1/2013 0:00:00.000,,353.016678429779290,3100.903737565688061
1431,0.000000000000000,,,,,302.017847885126798,2588.563088094606428
1432,0.000000000000000,,,,,1066.207146023774385,5995.068851179746162
1433,20.000000000000000,,,,,300.326766523022229,2631.413063204086029
1434,0.000000000000000,,,,,703.401775220372315,5355.734457408903836
1435,30.000000000000000,,,8/15/2007 0:00:00.000,,659.710497968517871,8941.051002615753532
1436,0.000000000000000,,,,,3531.535870160654667,24278.608839372216607
1437,0.000000000000000,,,3/23/2005 0:00:00.000,,150.931335946801795,628.382872326103211
1438,15.000000000000000,,,,,631.903547919079983,4452.824157573944831
1439,0.000000000000000,,,,,1088.655792213517998,8000.517337296056212
1440,0.000000000000000,,,,,795.412427063317068,3907.578167803034376
1441,60.000000000000000,,,,,1389.347427750434690,37272.221929259430908
1442,0.000000000000000,,,,,735.941470274367362,3850.968179922795571
1443,30.000000000000000,,,,,1044.650793585750762,14488.656880648377410
1444,0.000000000000000,,,,,588.227151608181657,4604.651704756024628
1445,60.000000000000000,,,,,1126.752197648851507,29804.597980202630424
1446,0.000000000000000,,,,,801.917707115972348,11114.686078862539944
1447,,,,,,2163.731102892497802,29774.694571167128743
1448,0.000000000000000,,,,,2457.421379694658299,9636.724646739658056
1449,0.000000000000000,,,,,2588.222924088710897,15674.511695878525643
1450,0.000000000000000,,,,,1525.808007064858884,56933.114816336703370
1451,24.000000000000000,,,,,406.140251096182624,4273.542057128342094
1452,15.000000000000000,,,,,390.051265700476279,2699.766524323061276
1453,20.000000000000000,,,11/29/2005 0:00:00.000,,130.519873572673163,856.812232578153044
1454,50.000000000000000,,,,,1450.815136712445565,34847.173572459898423
1455,25.000000000000000,,,,,596.256788644933067,6892.673323796971090
1456,15.000000000000000,,,,,575.261553973360151,2531.375020164507532
1457,0.000000000000000,,,,,1965.913710113929483,39718.411632005576394
1458,0.000000000000000,,,,,1024.977257331244118,8503.389547649010638
1459,0.000000000000000,,,,,153.183386197007337,844.793926230935313
1460,0.000000000000000,,,,,1909.329984026727971,45989.137420623825165
1461,30.000000000000000,,,,,239.139430815615526,2694.732956871473107
1462,15.000000000000000,,,,,739.191042799376419,5923.122950658178524
1463,12.000000000000000,,,,,376.708424022625309,2115.337386429095659
1464,0.000000000000000,,,5/3/2007 0:00:00.000,,1576.411681412610051,14536.781209531751301
1465,15.000000000000000,,,,,1227.103986270165933,23239.496988008646440
1466,15.000000000000000,,,,,500.217378734740578,3526.855861686024582
1467,20.000000000000000,,,2/26/2002 0:00:00.000,,1671.709956909136963,28817.824977303782362
1468,0.000000000000000,,,,,2714.880150484073511,23439.410442633783532
1469,0.000000000000000,,,,,640.764332944432795,3447.554975569080852
1470,0.000000000000000,,,,,520.898502142426423,12585.947749478731566
1471,0.000000000000000,,,2/7/2003 0:00:00.000,,221.603018908488536,529.037562004606457
1472,15.000000000000000,,,,,2454.016410003145666,49883.905505341972457
1473,0.000000000000000,,,,,525.830839659132948,3688.288033153416109
1474,12.000000000000000,,,,,376.116971155744352,2113.254748108825879
1475,15.000000000000000,,,3/1/1951 0:00:00.000,,1268.936426412418996,9291.627541672281950
1476,0.000000000000000,,,,,41497.425343302194960,2062416.553694306174293
1477,0.000000000000000,,,,,2776.662879129025441,78038.825056414309074
1478,0.000000000000000,,,,,154.944789661165487,285.726205007129352
1479,0.000000000000000,,,,,1584.788681560987243,11917.274473640089127
1480,35.000000000000000,,,7/15/1997 0:00:00.000,,340.147199416128842,4726.751230869077517
1481,0.000000000000000,,,,,2209.488376814289950,15256.741561504999481
1482,0.000000000000000,,,,,7226.505044242453550,65435.741507464597817
1483,0.000000000000000,,,5/13/2005 0:00:00.000,,737.591423710584309,8923.467841922007210
1484,0.000000000000000,,,,,872.453869862664192,23556.769133547899401
1485,0.000000000000000,,,,,868.847747378128702,22383.130426375882962
1486,0.000000000000000,,,,,1417.940227008347847,10217.508351222830242
1487,0.000000000000000,,,2/2/2007 0:00:00.000,,654.462291535914801,1232.612688674285891
1488,0.000000000000000,,,,,549.071382824039688,4072.639842795595996
1489,0.000000000000000,,,,,2116.848901279593520,32436.821043658939743
1490,0.000000000000000,,,,,722.423447703702550,3885.526061390516588
1491,0.000000000000000,,,,,1136.230776372658511,10676.806155756556109
1492,40.000000000000000,,,10/20/1998 0:00:00.000,,627.427447124848413,10724.997208880455219
1493,16.000000000000000,,,,,776.543031792894340,5590.394018832833353
1494,35.000000000000000,,,1/2/2004 0:00:00.000,,1673.515425630350819,34451.565492071516928
1495,0.000000000000000,,,,,553.054162654726497,2055.539717103149542
1496,0.000000000000000,,,,,1588.014293679314278,10423.554379332666940
1497,0.000000000000000,,,,,1603.042965414339733,14518.256342585305902
1498,0.000000000000000,,,,,797.747849473252131,6798.015441349049979
1499,30.000000000000000,,,,,464.804177145061431,5673.164608044868146
1500,0.000000000000000,,,,,945.388293654423705,54272.076724150778318
1501,0.000000000000000,,,,,866.495781141931843,3613.629907682890462
1502,0.000000000000000,,,,,1182.137311555586848,44760.834562549469410
1503,0.000000000000000,,,,,6132.496839107480810,84336.060824707194115
1504,0.000000000000000,,,,,942.357161005519174,5307.171623685969280
1505,0.000000000000000,,,,,922.680997768984412,5310.248461264235630
1506,25.000000000000000,,,,,3251.633568957640819,50579.340502866456518
1507,15.000000000000000,,,,,468.940640554030040,3280.619491950210886
1508,0.000000000000000,,,,,1006.737583535977592,6204.419420156757951
1509,15.000000000000000,,,,,837.497008159120810,4941.298071408611577
1510,60.000000000000000,,,10/6/2004 0:00:00.000,,773.231202188087309,19597.244694471468392
1511,0.000000000000000,,,,,1497.855655834486242,8910.272334460467391
1512,0.000000000000000,,,4/16/2004 0:00:00.000,,2524.633297129712901,45719.890768850920722
1513,15.000000000000000,,,,,1305.764958023663894,10898.874576932299533
1514,0.000000000000000,,,,,1584.399644634907418,7062.382166056032474
1515,0.000000000000000,,,,,685.360473122977965,10689.418943154967565
1516,0.000000000000000,,,,,1618.874199947688112,6410.818319111099299
1517,60.000000000000000,,,,,1104.392463465444962,30417.965633321582573
1518,0.000000000000000,,,,,1680.471987440479097,8332.499035319879113
1519,15.000000000000000,,,,,725.960843408286223,4177.042114153234252
1520,37.000000000000000,,,,,1114.964818163136442,18536.044747557491064
1521,0.000000000000000,,,,,1281.756822444113823,24204.322990769800526
1522,15.000000000000000,,,,,437.081528233408221,3090.023613333733465
1523,30.000000000000000,,,,,384.836506580392438,4764.950811407669789
1524,0.000000000000000,,,,,1525.056670489203498,11100.034539505428256
1525,0.000000000000000,,,,,1442.806436302945485,6361.184605450540403
1526,24.000000000000000,,,,,1091.236884923559501,13268.987550191284754
1527,24.000000000000000,,,,,844.573946632689399,10345.545852808854761
1528,0.000000000000000,,,,,976.250627310980690,10261.336347691247283
1529,30.000000000000000,,,,,463.761615030459438,5990.110293282485145
1530,0.000000000000000,,,,,63.147772736667740,136.312856903436881
1531,0.000000000000000,,,9/15/2003 0:00:00.000,,2253.167289827902550,46427.103919369888899
1532,15.000000000000000,,,1/12/2006 0:00:00.000,,141.993357850892806,713.028828581562152
1533,,,,,,229.233848884159215,2538.479539816600663
1534,0.000000000000000,,,,,908.767693889209454,4026.178211464532978
1535,15.000000000000000,,,6/15/2005 0:00:00.000,,547.165331789798302,3729.102301415999591
1536,15.000000000000000,,,8/5/2005 0:00:00.000,,431.998923081854400,3010.261027327054308
1537,15.000000000000000,,,,,439.073475765938952,3052.188578638110357
1538,0.000000000000000,,,,,1048.677494533453455,5773.615516548372398
1539,0.000000000000000,,,,,286.562199583494362,1384.695639371660945
1540,,,,8/2/2011 0:00:00.000,,945.325231878696400,19893.228880140235560
1541,0.000000000000000,,,,,556.541473374447492,7464.452171393120807
1542,0.000000000000000,,,,,1385.636492495772927,12023.056306435868464
1543,0.000000000000000,,,,,944.267898681583802,5727.544947265654628
1544,40.000000000000000,,,,,887.338796551311248,16560.320884668944927
1545,0.000000000000000,,,,,1016.032017431610257,7177.899867376026123
1546,40.000000000000000,,,,,1201.392463470591565,8159.081157451792933
1547,0.000000000000000,,,,,763.256174842143309,3963.377347481185552
1548,40.000000000000000,,,,,1542.649828526197325,15440.704312476960695
1549,0.000000000000000,,,,,394.163514067122151,1870.370950983789044
1550,30.000000000000000,,,,,508.582012573649877,7330.667146886055889
1551,20.000000000000000,,,,,1274.123605713781672,12327.858587766013443
1552,0.000000000000000,,,,,2520.621853796175856,71456.940234495166806
1553,0.000000000000000,,,,,1871.020141930691352,10989.059293571561284
1554,0.000000000000000,,,,,951.078628067852151,5934.018099636089573
1555,0.000000000000000,,,,,2722.253792436004005,32403.785863085031451
1556,30.000000000000000,,,8/31/2012 0:00:00.000,,171.872188366453315,1654.517579806015419
1557,15.000000000000000,,,,,1521.293836937203196,11298.496741161039608
1558,0.000000000000000,,,,,3010.895299338697441,20660.297301017162681
1559,30.000000000000000,,,,,73.209435340838695,212.163572069781424
1560,0.000000000000000,,,,,1614.718786476186779,19131.911121618657489
1561,0.000000000000000,,,,,677.253810808289927,16721.674314981184580
1562,0.000000000000000,,,,,931.259375962059607,26282.943849961873639
1563,0.000000000000000,,,,,585.682634677125861,8398.998348708561025
1564,0.000000000000000,,,,,906.222102555023412,9541.030299596173791
1565,0.000000000000000,,,,,1138.482015731016872,7096.995986595336035
1566,0.000000000000000,,,,,1294.490639440897894,13803.125766929331803
1567,0.000000000000000,,,,,1460.465215589229956,27590.297610732468456
1568,0.000000000000000,,,,,1424.272828109606507,33062.841756880872708
1569,0.000000000000000,,,,,1796.525930787612651,10590.064468902626686
1570,0.000000000000000,,,,,807.181231398317209,5713.415696022454540
1571,0.000000000000000,,,,,2919.772039861366920,19811.714177573623601
1572,15.000000000000000,,,,,1621.910933825171014,11895.878757851607588
1573,0.000000000000000,,,,,4066.346860186098183,64907.179597091700998
1574,0.000000000000000,,,,,595.478818107886809,3823.341495925491017
1575,0.000000000000000,,,,,2090.029841470461633,11616.678384603805171
1576,0.000000000000000,,,,,565.614455864742922,5049.161011494134073
1577,0.000000000000000,,,,,1292.795541221404847,5742.427181164437570
1578,60.000000000000000,,,,,766.251037548489876,20191.510873607552639
1579,0.000000000000000,,,,,989.617860536369449,8779.286175746990921
1580,0.000000000000000,,,,,1528.178536647910050,9247.135721242875661
1581,0.000000000000000,,,,,953.245829253175657,4671.494146950348295
1582,0.000000000000000,,,,,2214.321898921801221,34261.368793245572306
1583,0.000000000000000,,,12/30/1899 0:00:00.000,12/30/1899 0:00:00.000,22.543849038013246,1.715281965400905
1584,0.000000000000000,,,,,3380.192407189961159,36946.160490675203619
1585,0.000000000000000,,,12/30/1899 0:00:00.000,12/30/1899 0:00:00.000,35.376667785548449,2.051620863781432
1586,20.000000000000000,,,3/5/2002 0:00:00.000,,1147.224016493804584,9500.315695987452273
1587,0.000000000000000,,,12/30/1899 0:00:00.000,12/30/1899 0:00:00.000,231.796167446615300,8.642879427769344
1588,0.000000000000000,,,12/30/1899 0:00:00.000,12/30/1899 0:00:00.000,191.765984650531550,2.324616259167797
1589,0.000000000000000,,,12/30/1899 0:00:00.000,12/30/1899 0:00:00.000,105.070175176854050,1.789778971032823
1590,0.000000000000000,,,12/30/1899 0:00:00.000,12/30/1899 0:00:00.000,88.823612325584193,0.787821403489737
1591,0.000000000000000,,,,,721.884573979452057,25312.245178191649757
1592,0.000000000000000,,,12/30/1899 0:00:00.000,12/30/1899 0:00:00.000,152.299055582282676,1.291452279684048
1593,0.000000000000000,,,,,204.729726841233315,511.399841064007944
1594,15.000000000000000,,,,,3507.150395577287327,23314.725632258461701
1595,0.000000000000000,,,,,124.460929783611874,130.212405369884266
1596,0.000000000000000,,,,,1479.913124731265498,9570.907702726788557
1597,0.000000000000000,,,12/30/1899 0:00:00.000,12/30/1899 0:00:00.000,15.699096708599072,0.136793376296746
1598,0.000000000000000,,,,,577.929552406441076,22971.075723441044829
1599,0.000000000000000,,,,,412.457422781065588,1204.487021952495070
1600,0.000000000000000,,,12/30/1899 0:00:00.000,12/30/1899 0:00:00.000,784.001194216756403,4862.177092800109676
1601,0.000000000000000,,,12/30/1899 0:00:00.000,12/30/1899 0:00:00.000,21.044716312971268,0.964354577524603
1602,0.000000000000000,,,,,6979.534684708244640,68022.634007285945700
1603,0.000000000000000,,,,,912.063568208380957,6545.673479738670721
1604,0.000000000000000,,,,,899.853377867041786,4708.533999176395810
1605,0.000000000000000,,,,,4717.853961783378509,63724.611684241055627
1606,0.000000000000000,,,,,80.852458618416918,294.945136006242080
1607,15.000000000000000,,,,,364.804540959035364,2478.401646017690837
1608,0.000000000000000,,,10/12/2004 0:00:00.000,,8092.869853941922884,56829.507526202927693
1609,0.000000000000000,,,,,117.745301636590838,126.080271818344031
1610,0.000000000000000,,,,,963.589578618966016,6956.442953084861074
1611,15.000000000000000,,,,,677.042325527104367,4849.867575621860851
1612,15.000000000000000,,,,,2083.013978821275487,41485.967558690434089
1613,0.000000000000000,,,,,2992.543727335387757,29444.702476408619987
1614,0.000000000000000,,,,,1202.397574060457373,34165.565855496439326
1615,0.000000000000000,,,,,1660.323183158183383,51953.542685354041168
1616,0.000000000000000,,,,,768.814420572363360,5452.221956120352843
1617,15.000000000000000,,,,,500.538401861849252,3526.178666838661684
1618,0.000000000000000,,,,,626.353454338231586,6426.514407820215638
1619,20.000000000000000,,,,,806.815387240282575,7667.074477342286627
1620,0.000000000000000,,,,,5020.518797049309796,67032.004006750328699
1621,0.000000000000000,,,,,1540.400145005453851,7642.181101967289578
1622,10.000000000000000,,,,,299.602555764450017,1394.045180160181417
1623,0.000000000000000,,,,,1322.739567081486030,8065.490148480513199
1624,0.000000000000000,,,,,127.311555660903707,153.892845992901329
1625,0.000000000000000,,,,,285.253888985066851,3023.817406495091291
1626,0.000000000000000,,,,,1119.944375459465391,5146.666424803678638
1627,0.000000000000000,,,,,9325.794603217709664,252090.096569241082761
1628,0.000000000000000,,,,,1077.421197708183172,4765.229500027454378
1629,15.000000000000000,,,,,459.071370709026041,3205.627293510024629
1630,15.000000000000000,,,,,352.377798789705594,369.666874552838863
1631,0.000000000000000,,,,,773.897909219634130,6296.828831096835529
1632,0.000000000000000,,,,,186.659169956829885,1870.561989675696168
1633,0.000000000000000,,,,,2695.971807273327613,19162.058783163509361
1634,30.000000000000000,,,,,689.813361705778220,9225.029848713860702
1635,0.000000000000000,,,,,6275.137805548556571,143453.062524096400011
1636,0.000000000000000,,,,,996.329797170780921,7082.530425843529883
1637,0.000000000000000,,,,,3100.484677096928408,28484.062885353443562
1638,15.000000000000000,,,,,2185.843762554259229,16135.775288792894571
1639,0.000000000000000,,,,,917.899024845267036,7611.256091594383179
1640,15.000000000000000,,,4/5/2004 0:00:00.000,,3490.349530047946701,25951.882066825182847
1641,0.000000000000000,,,,,2772.773968591349330,76101.730818600379280
1642,15.000000000000000,,,,,1396.901436803498882,10248.085561103884174
1643,0.000000000000000,,,,,1329.395601313984344,9561.739311357070619
1644,0.000000000000000,,,4/8/2004 0:00:00.000,,1021.556656557944166,18569.819961662069545
1645,0.000000000000000,,,,,995.062434049022727,6338.498096294067182
1646,0.000000000000000,,,,8/22/2006 0:00:00.000,202.409938091620177,2252.000691410009495
1647,30.000000000000000,,,,,317.458165783580114,3716.212450943161002
1648,60.000000000000000,,,,,1150.980963784507821,29081.173856224777410
1649,0.000000000000000,,,,,910.940569129365372,4450.694391315186294
1650,0.000000000000000,,,,,675.289519601519601,3931.173858820986425
1651,0.000000000000000,,,,,815.281501017589108,5260.281431699626410
1652,35.000000000000000,,,1/4/2007 0:00:00.000,,838.940862766217037,13143.549058848993809
1653,0.000000000000000,,,,,1465.575606727546528,12492.587584000882998
1654,7.000000000000000,,,,,403.198591586940893,1455.153424680928083
1655,0.000000000000000,,,,,9524.359518917750393,1025075.145200127852149
1656,0.000000000000000,,,,,1184.359013764596284,4537.059355791120652
1657,0.000000000000000,,,,,2898.374894436973591,17138.701897913102584
1658,0.000000000000000,,,,,512.726465044043039,2745.807629358037502
1659,0.000000000000000,,,,,422.351972596234020,1751.188592431190500
1660,0.000000000000000,,,,,1823.722533380243249,9434.615332134892014
1661,0.000000000000000,,,,,648.799302587254374,2966.696815534166490
1662,45.000000000000000,,,2/22/2007 0:00:00.000,,502.062015413214567,8229.592428738073068
1663,0.000000000000000,,,,,560.155363818753017,3730.116681802673156
1664,0.000000000000000,,,,,1724.113740125614640,9890.720986065809484
1665,20.000000000000000,,,,,436.278853175806603,3910.117849375178139
1666,0.000000000000000,,,,,1225.110297252791952,28483.179383544316806
1667,0.000000000000000,,,,,119.762583461297666,839.143167336114857
1668,60.000000000000000,,,,,915.638835180877891,23510.107788233770407
1669,15.000000000000000,,,,,639.960336961066560,4563.849470234304135
1670,0.000000000000000,,,,,688.603431711962685,7001.158754993036382
1671,0.000000000000000,,,,,492.435819684559306,2823.006905892873874
1672,60.000000000000000,,,,,1207.528346815366376,33610.580988831898139
1673,30.000000000000000,,,9/30/2015 0:00:00.000,,1243.508602037978790,13190.918316403609424
1674,0.000000000000000,,,12/30/1899 0:00:00.000,12/30/1899 0:00:00.000,474.578345720129505,207.757575879400520
1675,0.000000000000000,,,,,490.093464732338134,3840.931897499195657
1676,0.000000000000000,,,,,866.060592229018198,7760.979645820480073
1677,0.000000000000000,,,,,1819.742789358888786,159835.028221172018675
1678,0.000000000000000,,,,,1081.264271470683980,6229.032866955301870
1679,15.000000000000000,,,,,915.085548630930589,6548.289014893499370
1680,0.000000000000000,,,,,1621.792175089648026,7410.680419735212126
1681,15.000000000000000,,,,,492.418180433517136,3466.550460721567561
1682,0.000000000000000,,,,,2072.286224668416708,31586.027762509031163
1683,20.000000000000000,,,9/6/2013 0:00:00.000,,503.432850355317044,4663.946250411257097
1684,15.000000000000000,,,,,1204.327204634731515,8942.329756365916182
1685,15.000000000000000,,,,,637.963030011674277,8615.243272120424081
1686,60.000000000000000,,,,,1668.915591782048978,35422.376520232886833
1687,0.000000000000000,,,,,1552.667928590068186,9718.254460248512260
1688,15.000000000000000,,,,,1458.250515805063742,10625.962505459518070
1689,0.000000000000000,,,,,4952.249772707345983,90688.618459185265237
1690,0.000000000000000,,,,,4304.224378063210679,81093.046302833885420
1691,15.000000000000000,,,,,1871.536590553363112,14698.183275268791476
1692,0.000000000000000,,,,,1207.803167920369560,8364.818739777734663
1693,30.000000000000000,,,,,1029.731413285834833,12407.389544445501087
1694,0.000000000000000,,,,,2220.110129594864247,32363.329495203510305
1695,0.000000000000000,,,,,409.483890047656473,7501.247811626106341
1696,15.000000000000000,,,,,862.696012509372054,7519.345472148542285
1697,15.000000000000000,,,,,723.659358268313213,5833.827496879286628
1698,18.000000000000000,,,1/28/2004 0:00:00.000,,278.590229158808938,2154.850293413132931
1699,15.000000000000000,,,,,2577.673893166955168,18532.329537136112776
1700,15.000000000000000,,,,,3533.637841714486513,26350.889618725439504
1701,0.000000000000000,,,,,566.362220691343737,3594.897927514015919
1702,0.000000000000000,,,,,5254.266789175792837,67660.020390778488945
1703,15.000000000000000,,,,,2391.259075078927708,17487.962326282511640
1704,15.000000000000000,,,,,2531.964157340600650,18679.155319301004056
1705,15.000000000000000,,,,,2053.153825545127802,27101.589668870612513
1706,15.000000000000000,,,,,4591.300249716648068,37630.615607184772671
1707,15.000000000000000,,,,,871.402645888544612,5871.656110970478039
1708,0.000000000000000,,,,,831.355761568571324,4235.795199687474451
1709,15.000000000000000,,,,,2842.329585442772441,21038.799859888233186
1710,0.000000000000000,,,,,30.189768589113815,6.688857026089348
1711,0.000000000000000,,,,,2268.136533450842762,112480.581990854581818
1712,15.000000000000000,,,,,3927.026355003774370,29291.082737051430740
1713,0.000000000000000,,,,,990.496346196971672,16975.490477359278884
1714,60.000000000000000,,,,,1147.976273687017510,32331.237401858201338
1715,0.000000000000000,,,,,1150.779591064944498,5437.967032790644225
1716,15.000000000000000,,,,,1206.527286854995509,8189.808197324781759
1717,0.000000000000000,,,,,1658.185829685410681,8845.761556977111468
1718,0.000000000000000,,,,,161.163254200019765,967.055757080031299
1719,0.000000000000000,,,,,1223.638550683356016,7199.276842952769584
1720,60.000000000000000,,,,,1379.931158933652341,37457.255808162430185
1721,10.000000000000000,,,,,327.519774400502740,1260.673485485560832
1722,0.000000000000000,,,,,580.363704731590815,2866.718702372299504
1723,0.000000000000000,,,,,818.203468772341125,5006.691076436825824
1724,0.000000000000000,,,,,4355.596355694229715,40935.509763853318873
1725,0.000000000000000,,,,,198.729371761865536,1281.196040149662622
1726,0.000000000000000,,,,,1111.929730930310370,7044.379400634927151
1727,,,,10/2/1998 0:00:00.000,,2440.070943562672255,36358.974213280685944
1728,0.000000000000000,,,,,485.731556268053509,11971.020218983438099
1729,0.000000000000000,,,9/13/2007 0:00:00.000,,983.334845019682575,11593.017155237826955
1730,0.000000000000000,,,,,746.816823325593191,7365.168988006902509
1731,0.000000000000000,,,,,800.672835364476668,5059.762488580811805
1732,0.000000000000000,,,,,916.491031143850819,6182.902532509909179
1733,0.000000000000000,,,,,1378.863348423266643,122288.198565427490394
1734,0.000000000000000,,,,,934.139206677179345,8305.449882291137328
1735,0.000000000000000,,,,,5135.722593548332952,79010.056789299662341
1736,0.000000000000000,,,,,2445.198338368817531,22001.626588208437170
1737,0.000000000000000,,,,,573.619608819523705,4054.727670618800857
1738,0.000000000000000,,,,,5.234720295694690,0.269396620062313
1739,0.000000000000000,,,,,4118.233558617453127,71963.779789319378324
1740,,,,,,574.874164711673643,7618.692203497766059
1741,30.000000000000000,,,6/15/2004 0:00:00.000,,167.143803878103427,1606.424280510141898
1742,0.000000000000000,,,12/30/1899 0:00:00.000,12/30/1899 0:00:00.000,92.895823151612888,119.834463544023066
1743,0.000000000000000,,,,,655.525949222321515,4013.046604218956418
1744,0.000000000000000,,,,,1533.465791986448039,7472.163129670343551
1745,0.000000000000000,,,,,1172.691590017494946,7686.849858980969657
1746,0.000000000000000,,,,,581.241403825184079,2971.074655102466750
1747,0.000000000000000,,,,,1022.726692760166770,6586.632343447095991
1748,20.000000000000000,,,,,4180.563576413117516,40164.137816769027268
1749,0.000000000000000,,,,,2610.087084696029706,25828.223480832461064
1750,0.000000000000000,,,,,276.153691736928010,1500.982687439850224
1751,30.000000000000000,,,,,1985.324435239387640,28888.652234580182267
1752,0.000000000000000,,,,,2255.065417593667007,16212.858219126876065
1753,15.000000000000000,,,,,634.316849376102596,4508.816273195238864
1754,0.000000000000000,,,,,749.855374939051558,5948.238418610778353
1755,0.000000000000000,,,,,961.798174010255025,37086.005398389483162
1756,0.000000000000000,,,,,568.084620280230752,5991.796626078512418
1757,0.000000000000000,,,,,1153.564219957992236,9352.604028745921823
1758,15.000000000000000,,,,,2491.800192006971429,39928.067442666935676
1759,0.000000000000000,,,,,111.722956857482075,68.507610400317404
1760,0.000000000000000,,,,,1632.675108737831351,19182.186989537793124
1761,25.000000000000000,,,8/25/2005 0:00:00.000,,2936.486115396067817,35182.604381392229698
1762,0.000000000000000,,,,,8319.849521266422016,64011.073859057054506
1763,50.000000000000000,,,,,1664.600547439852789,37658.000955739677011
1764,0.000000000000000,,,,,769.225081571459441,2242.354370732222378
1765,0.000000000000000,,,,,1533.629903405997766,26649.353298450780130
1766,15.000000000000000,,,5/15/2003 0:00:00.000,,744.113924450503418,5372.662852571059375
1767,15.000000000000000,,,5/15/2003 0:00:00.000,,1282.696279594480984,9370.466779747570399
1768,15.000000000000000,,,5/15/2003 0:00:00.000,,1902.656544844971904,14010.429649907349813
1769,15.000000000000000,,,5/15/2003 0:00:00.000,,2525.697828458033200,19119.268129982810933
1770,15.000000000000000,,,5/15/2003 0:00:00.000,,3276.477439777722793,24294.595254429801571
1771,0.000000000000000,,,,,173.031317366026457,95.324183558204439
1772,0.000000000000000,,,,,396.324168499867710,451.179566297343172
1773,,,,,,1161.959853833764555,8378.955653865106797
1774,12.000000000000000,,,,,754.933482261448034,3575.946191693785295
1775,0.000000000000000,,,,,966.298576070574768,5775.130741866086282
1776,0.000000000000000,,,,,815.212939318754138,8199.239538662204723
1777,30.000000000000000,,,,,394.291325229731285,2858.061343094929725
1778,,,,,,3319.032972992865780,80207.503213943142327
1779,0.000000000000000,,,,,263.142361413601975,4231.332132618122159
1780,0.000000000000000,,,,,2063.955955868706042,28694.096480469543167
1781,0.000000000000000,,,,,2329.415533421791679,12597.704231482517571
1782,0.000000000000000,,,,,6576.169100867387897,145459.200442265428137
1783,24.000000000000000,,,,,931.384075662374244,8365.710113556715442
1784,0.000000000000000,,,,,1083.079135752627280,7040.076702242730789
1785,0.000000000000000,,,,,613.381394762281275,3524.531487010342516
1786,0.000000000000000,,,,,936.861682617374413,4405.357658599938986
1787,50.000000000000000,,,,,2392.277925850212341,58865.373973673449655
1788,15.000000000000000,,,,,266.363000704013643,1873.190938208306306
1789,0.000000000000000,,,,,1298.327450606581124,9840.728168941663171
1790,0.000000000000000,,,,,1624.767699109342175,9532.856416824359258
1791,15.000000000000000,,,,,449.082929103978245,3135.902270071027942
1792,25.000000000000000,,,5/13/2016 0:00:00.000,,873.052032278967658,10287.618030101120894
1793,0.000000000000000,,,,,2463.550717811986488,28395.928544348986179
1794,15.000000000000000,,,4/5/2002 0:00:00.000,,665.235208839299730,4760.031014764533211
1795,0.000000000000000,,,,,3540.745727161594004,23859.450691561723943
1796,0.000000000000000,,,,,855.530939195771452,4578.784185743576927
1797,30.000000000000000,,,,,818.513895406123879,11003.971918430877849
1798,0.000000000000000,,,2/20/2007 0:00:00.000,,2138.794429899003717,41521.836029495083494
1799,15.000000000000000,,,,,3850.565271871068944,46799.923746786203992
1800,0.000000000000000,,,,,2336.940458968278563,15239.669205721755134
1801,0.000000000000000,,,,,748.492821887620948,4259.172144740928161
1802,0.000000000000000,,,,,778.311769760448328,6417.866236166461022
1803,0.000000000000000,,,,,1199.146902387598630,9029.397310444206596
1804,30.000000000000000,,,,,2138.040583663095731,17595.453284874834935
1805,0.000000000000000,,,,,1091.846162836354324,6189.793009021297621
1806,0.000000000000000,,,,,110.599475783739180,92.478364307201929
1807,0.000000000000000,,,,,1209.751844361945359,8210.081119048556502
1808,0.000000000000000,,,,,794.795462369291158,6116.924742415881155
1809,15.000000000000000,,,,,406.354374960772134,2821.765095901192126
1810,0.000000000000000,,,,,797.911314137308864,4652.231110213937427
1811,15.000000000000000,,,,,871.376407412751632,6131.103045588618443
1812,0.000000000000000,,,,,3591.074081343471335,173634.012857235647971
1813,0.000000000000000,,,,,1216.174308813182734,7390.487683215433208
1814,30.000000000000000,,,,,344.937327553073828,4149.382701673295742
1815,0.000000000000000,,,,,552.753753577470775,2655.573833062365793
1816,,,,,,423.412841494075622,9661.493201214037981
1817,0.000000000000000,,,9/7/2007 0:00:00.000,,1077.253007700079252,21616.809959822210658
1818,0.000000000000000,,,,,1115.247192710453419,5700.779237038407700
1819,20.000000000000000,,,,,642.932425682968642,4904.629168808102804
1820,15.000000000000000,,,,,856.096194376027597,6258.343573221409315
1821,0.000000000000000,,,,,620.573732429118309,30580.772384040315956
1822,0.000000000000000,,,,,634.950618555128131,32016.622458076893963
1823,0.000000000000000,,,,,1405.754123949102222,8852.198796666214548
1824,0.000000000000000,,,,,119.244213432729211,816.037370027386260
1825,0.000000000000000,,,,,896.805216028010364,9743.110449618627172
1826,15.000000000000000,,,,,1186.123778401108893,8514.660526775185645
1827,0.000000000000000,,,,,586.468184715998063,5352.357940583578966
1828,50.000000000000000,,,,,2265.168312234254245,59658.831937697679678
1829,20.000000000000000,,,,,462.834208615104842,4880.040539375378103
1830,15.000000000000000,,,,,3121.964858842375179,23029.660331162616785
1831,0.000000000000000,,,12/30/1899 0:00:00.000,12/30/1899 0:00:00.000,109.730978586465156,518.257975424273127
1832,15.000000000000000,,,3/16/2004 0:00:00.000,,693.563872600002810,4866.380405302194958
1833,0.000000000000000,,,,,900.565485189786500,5667.931144513679101
1834,0.000000000000000,,,,,1471.535988277661318,7306.324458050407884
1835,0.000000000000000,,,1/27/2004 0:00:00.000,,401.698951609601295,3762.192853732572985
1836,0.000000000000000,,,,,961.519245532519562,9054.374697957102399
1837,30.000000000000000,,,,,711.439711992299863,10286.751862462424469
1838,0.000000000000000,,,1/27/2004 0:00:00.000,,702.075995414153340,6025.782592820777609
1839,50.000000000000000,,,1/6/1999 0:00:00.000,,798.889936599900238,15827.542167192368652
1840,0.000000000000000,,,,,1163.370777358408986,7913.994866490225832
1841,0.000000000000000,,,12/30/2002 0:00:00.000,,2478.348465083121937,11601.896332205347790
1842,0.000000000000000,,,,,476.603743584246558,3035.201675313726810
1843,0.000000000000000,,,,,2169.423210434964403,14387.115740062274199
1844,60.000000000000000,,,10/5/2001 0:00:00.000,,656.430175140043502,17520.061958751641214
1845,60.000000000000000,,,,,1848.505316525259332,51074.627798769615765
1846,0.000000000000000,,,,,231.742218594920416,2005.949723760249071
1847,0.000000000000000,,,12/30/2003 0:00:00.000,,2227.515074274773724,12363.507577661104733
1848,0.000000000000000,,,,,1450.284284675376739,51124.211507406471355
1849,15.000000000000000,,,,,490.717546719006805,3440.527393880179261
1850,0.000000000000000,,,,,1364.060740275801663,15940.503577428400604
1851,0.000000000000000,,,1/28/2003 0:00:00.000,,4523.654908830398199,128046.356958962584031
1852,,,,,,408.452895315229966,6964.007003255347627
1853,18.000000000000000,,,7/18/2001 0:00:00.000,,565.272565108187337,4755.473011931324436
1854,0.000000000000000,,,,,280.295443108639404,2412.186334714134318
1855,0.000000000000000,,,,,6208.096825331181208,31013.604439456037653
1856,0.000000000000000,,,,,1972.491033018349754,43323.236999504806590
1857,15.000000000000000,,,,,334.548275721902939,2346.983352842278691
1858,0.000000000000000,,,,,1376.145553594862122,49498.759283903964388
1859,0.000000000000000,,,,,2350.192147904082503,38961.799802834044385
1860,0.000000000000000,,,,,727.659179628204129,4726.463434849568330
1861,0.000000000000000,,,,,1607.484855113552840,9946.116397034749752
1862,0.000000000000000,,,,,242.270310821418605,3341.765339294056957
1863,15.000000000000000,,,9/7/2001 0:00:00.000,,2300.838282020959468,14635.176354418817937
1864,0.000000000000000,,,,,4263.180603465032618,60799.563988408437581
1865,15.000000000000000,,,,,2306.071877876912367,17015.560070636118326
1866,15.000000000000000,,,,,1857.502583487271522,9248.700750547655844
1867,0.000000000000000,,,,,4011.297798945500290,60624.903394824636052
1868,0.000000000000000,,,,,1532.749092331310976,16737.430168810697069
1869,15.000000000000000,,,5/11/2005 0:00:00.000,,566.265800095222517,5177.028290610881413
1870,0.000000000000000,,,,,222.299201943792326,1778.703890298445458
1871,0.000000000000000,,,,,987.842424471610684,9885.764180371183102
1872,15.000000000000000,,,,,823.510116077503994,5919.768871833310186
1873,15.000000000000000,,,,,554.806130538828711,3944.050110031104396
1874,60.000000000000000,,,,,2142.700047270451250,60630.707805778103648
1875,0.000000000000000,,,,,252.510805270581102,3502.672645072327668
1876,0.000000000000000,,,,,3433.252701011315366,32316.266167849717021
1877,15.000000000000000,,,,,4634.201565379886233,46478.705333221732872
1878,0.000000000000000,,,,,852.366198899622873,5855.728870770802132
1879,15.000000000000000,,,,,515.572892981030122,3638.465103138254108
1880,0.000000000000000,,,,,1125.318869443944322,8993.216196906923869
1881,0.000000000000000,,,,,754.688356044110606,18414.382379518763628
1882,15.000000000000000,,,,,531.055688944897838,4085.295174797879554
1883,0.000000000000000,,,,,2766.931597679886636,13483.543850630336237
1884,0.000000000000000,,,,,1178.261830155843882,8933.863554590419881
1885,15.000000000000000,,,,,1653.508271247882931,12100.515349700071965
1886,0.000000000000000,,,,,190.147265765287386,1135.838351591687569
1887,60.000000000000000,,,,,4458.739923118583647,130569.994340402176022
1888,15.000000000000000,,,3/22/2002 0:00:00.000,,102.847084319778304,553.005600415519666
1889,60.000000000000000,,,,,2098.894382653684261,59320.193366008781595
1890,0.000000000000000,,,,,488.140453672023341,1541.869979142941020
1891,0.000000000000000,,,,,1148.352280557754966,12799.402953064509347
1892,0.000000000000000,,,,,2395.951232262328631,16780.198796588738333
1893,0.000000000000000,,,,,1032.893630366406114,7419.244344591276786
1894,30.000000000000000,,,,,880.048210326798880,11631.426924841636719
1895,0.000000000000000,,,,,934.702012469175997,6801.642157391635919
1896,15.000000000000000,,,,,1110.902821111780440,8031.756337541214634
1897,60.000000000000000,,,,,2169.668319936253283,23992.802268835919676
1898,15.000000000000000,,,,,2149.908206593471732,15453.023805608292605
1899,60.000000000000000,,,,,2121.330314369904499,23425.865531618612295
1900,0.000000000000000,,,,,1257.407688411103663,10151.007998841278095
1901,0.000000000000000,,,,,1520.169939318336901,12849.707831220523076
1902,0.000000000000000,,,,,4345.708768430510645,29848.988566552565317
1903,0.000000000000000,,,7/16/2002 0:00:00.000,,908.040439657505431,6957.644692782940183
1904,0.000000000000000,,,,,826.107877738504044,7861.603234293106652
1905,,,,,,2567.786924997352799,25408.915724703976593
1906,60.000000000000000,,,,,4104.456996109546708,116294.829378154390724
1907,0.000000000000000,,,7/16/2002 0:00:00.000,,2182.796311137614339,31279.861681098005647
1908,0.000000000000000,,,,,908.631836223290520,6578.781883922433735
1909,0.000000000000000,,,,,345.345325944365982,2364.171345629883035
1910,0.000000000000000,,,,,1690.518119218306765,10733.453961968285512
1911,,,,,,528.381448076679931,3712.101295890792244
1912,60.000000000000000,,,4/30/2002 0:00:00.000,,1551.001738157099908,44057.013505913280824
1913,0.000000000000000,,,,,2030.805662880629825,15002.525910610725987
1914,15.000000000000000,,,,,2016.727985464206995,14891.750968652584561
1915,0.000000000000000,,,,,2032.308260231077156,32901.576707112057193
1916,0.000000000000000,,,,,799.188223573586470,7435.141753458835410
1917,0.000000000000000,,,,,1281.160544360374388,14758.260696773557356
1918,0.000000000000000,,,,,944.767877685638950,5971.934796992936754
1919,0.000000000000000,,,6/7/2006 0:00:00.000,,1675.046005080249415,15875.154031788715656
1920,10.000000000000000,,,7/7/2003 0:00:00.000,,122.144266624518679,602.454201195740438
1921,0.000000000000000,,,,,701.804511449023948,4599.245156317765577
1922,15.000000000000000,,,,,2489.029793041129324,18850.732976620984118
1923,15.000000000000000,,,,,3845.410297643723425,18303.804489145430125
1924,0.000000000000000,,,,,444.563343852613343,3732.675177206671833
1925,15.000000000000000,,,6/12/1984 0:00:00.000,,778.139869918568934,5648.959260937830550
1926,0.000000000000000,,,,,1462.239575686930266,8221.213006339374260
1927,15.000000000000000,,,,,2037.931978448130849,15049.125452125537777
1928,0.000000000000000,,,,,1555.604980028001137,9468.462628779052466
1929,0.000000000000000,,,,,2617.369651783998052,27949.008885248054867
1930,0.000000000000000,,,,,5467.685614715765951,28039.089921932765719
1931,30.000000000000000,,,,,263.768481871257677,3053.945024745325554
1932,0.000000000000000,,,,,3474.753450115586020,153199.201063586893724
1933,0.000000000000000,,,,,759.260031476558765,7385.569615081195479
1934,0.000000000000000,,,,,1729.637746685345064,13548.417206998514303
1935,0.000000000000000,,,,,542.059863752506772,3383.817319908047011
1936,15.000000000000000,,,,,980.015924456961784,7087.972571666125987
1937,0.000000000000000,,,,,1241.419719713972199,6233.135733605607129
1938,15.000000000000000,,,,,1183.030875116473908,8707.360684765297265
1939,15.000000000000000,,,,,1307.209505158535194,9569.737094033740505
1940,0.000000000000000,,,,,2382.470362064248548,10124.002886309212045
1941,30.000000000000000,,,,,2231.560526100496190,33356.868014389277960
1942,0.000000000000000,,,,,4047.044398684925454,39531.809865682582313
1943,0.000000000000000,,,,,2059.214743575661942,14603.344218434265713
1944,0.000000000000000,,,,,6950.110865732668572,39811.342705850474886
1945,0.000000000000000,,,,,5990.136334449456626,53147.143018025883066
1946,15.000000000000000,,,,,713.711184167554052,5129.000391264292375
1947,15.000000000000000,,,,,2072.875885618496795,30120.024712873513636
1948,,,,,,612.209685317812387,5713.400412092667466
1949,20.000000000000000,,,,,2947.563647479164047,16034.471644164892496
1950,0.000000000000000,,,,,2383.658551364427694,16577.015989769704902
1951,60.000000000000000,,,,,2747.269911137091185,78781.667018219362944
1952,0.000000000000000,,,,,1139.107393357490764,7309.437977833435980
1953,0.000000000000000,,,,,1347.544041747980827,5676.005186041970774
1954,0.000000000000000,,,,,1893.512108298415114,19183.703875588471419
1955,0.000000000000000,,,,,2009.241915498662138,19220.616818383201462
1956,0.000000000000000,,,12/30/1899 0:00:00.000,12/30/1899 0:00:00.000,69.694656210285359,98.948975932840796
1957,0.000000000000000,,,,,1267.481321267816611,14063.269494171630868
1958,0.000000000000000,,,,,1914.119908900388964,12368.003989772518253
1959,0.000000000000000,,,,,458.086482681815369,3623.096785153475139
1960,0.000000000000000,,,,,5261.154305552703590,32206.212870309380378
1961,0.000000000000000,,,,,684.642693908475508,8846.261455761325124
1962,0.000000000000000,,,,,703.423117506974449,5889.835843157084128
1963,0.000000000000000,,,,,6499.770205365877700,259781.807083671097644
1964,15.000000000000000,,,,,871.119604162865585,6728.559825817162164
1965,15.000000000000000,,,,,2890.996562787669973,102196.839921989667346
1966,0.000000000000000,,,,,6401.623500467238046,32866.484982031135587
1967,0.000000000000000,,,,,4646.715826969443697,117863.077533914285596
1968,0.000000000000000,,,,,3633.507136911264297,161860.543914788984694
1969,0.000000000000000,,,,,1554.438858344920845,9484.512461616470318
1970,0.000000000000000,,,,,1434.132753933830600,9534.420287151946468
1971,15.000000000000000,,,11/21/2006 0:00:00.000,,84.104384456703229,392.756241528025612
1972,15.000000000000000,,,,,601.336327972762206,4336.785733961215556
1973,0.000000000000000,,,,,592.782401942569095,3306.577449507349229
1974,0.000000000000000,,,,,419.434922701744881,2334.041095245692759
1975,0.000000000000000,,,,,902.196353640471102,5338.098805110968897
1976,0.000000000000000,,,,,884.954898881904342,4167.817852014636628
1977,20.000000000000000,,,,,661.436701656805440,6213.903791767005714
1978,30.000000000000000,,,,,1402.567034701370403,19778.217458555955091
1979,15.000000000000000,,,7/1/2013 0:00:00.000,,632.529252345948635,4423.596153467020486
1980,,,,,,378.824245139026175,2614.681273916406099
1981,0.000000000000000,,,,,9045.331391348916441,745767.463764188229106
1982,15.000000000000000,,,9/20/2001 0:00:00.000,,909.031533222226699,7105.509643058948313
1983,15.000000000000000,,,9/20/2001 0:00:00.000,,897.916341512542431,6397.699609549314118
1984,0.000000000000000,,,,,687.305987110072920,3337.410562536514135
1985,0.000000000000000,,,,,2079.435866138886468,20892.377803391631460
1986,0.000000000000000,,,,,237.736371180147415,2905.399208237115545
1987,15.000000000000000,,,,,940.438763776242240,6820.071035492689589
1988,0.000000000000000,,,,,1232.227423972700763,9146.441036799145877
1989,0.000000000000000,,,,,2053.697367906280306,20663.116896608011302
1990,15.000000000000000,,,,,3101.456151282648989,29763.558201722677040
1991,0.000000000000000,,,,,496.196263448910486,2855.537075262093367
1992,0.000000000000000,,,,,901.071090166738259,6958.220093006947536
1993,0.000000000000000,,,,,5039.623412922594071,26862.353262225740764
1994,15.000000000000000,,,6/11/2007 0:00:00.000,,478.574576692334517,4029.816410057720077
1995,15.000000000000000,,,6/11/2007 0:00:00.000,,462.016329691814235,2571.332526571890412
1996,15.000000000000000,,,10/5/2001 0:00:00.000,,105.630679700994492,518.411178963336170
1997,50.000000000000000,,,,,641.388449361009975,13534.726300320129667
1998,0.000000000000000,,,,,1756.860978633731293,18471.124712376822572
1999,0.000000000000000,,,,,629.256884325224974,5817.122529562424461
2000,0.000000000000000,,,,,1786.240768952550752,22056.345328511946718
2001,0.000000000000000,,,,,285.300487006069829,2977.950758658125324
2002,0.000000000000000,,,,,758.687937626528537,2564.881550957900345
2003,0.000000000000000,,,,,1096.294175179558124,4325.991285640991919
2004,15.000000000000000,,,,,4722.772905328638444,156036.125598926009843
2005,15.000000000000000,,,,,452.866768667813517,3172.034708645499450
2006,60.000000000000000,,,,,2865.013062858267403,56471.562727533899306
2007,15.000000000000000,,,,,1475.475296908757173,20924.873401238954102
2008,0.000000000000000,,,,,2241.734947064658172,16253.665702928094106
2009,0.000000000000000,,,,,63.335296728005339,103.080765688332619
2010,0.000000000000000,,,,,6401.352565363126814,48289.742080994335993
2011,30.000000000000000,,,,,2000.018657789740246,27668.459628565717139
2012,15.000000000000000,,,5/8/2002 0:00:00.000,,1619.615466133794598,10716.806408104401271
2013,15.000000000000000,,,5/8/2002 0:00:00.000,,1625.067772539373891,11980.744260710433082
2014,0.000000000000000,,,,,1318.515421956772116,9618.541518585761878
2015,60.000000000000000,,,,,4361.671527486549166,106880.019986925719422
2016,15.000000000000000,,,,,1221.886547639752507,8919.868070221507878
2017,0.000000000000000,,,12/30/1899 0:00:00.000,12/30/1899 0:00:00.000,826.692614975758033,12.263736037126364
2018,60.000000000000000,,,,,1973.294818499933172,46175.609933842140890
2019,0.000000000000000,,,,,1094.021212559085143,8365.117928437515729
2020,60.000000000000000,,,,,462.545681961656726,9639.821453352338722
2021,15.000000000000000,,,,,1412.708852321756694,10381.810946511694056
2022,0.000000000000000,,,,,1346.602148706842172,7536.271191842983171
2023,27.000000000000000,,,6/18/2010 0:00:00.000,,734.738106335500675,8980.228113673148982
2024,0.000000000000000,,,,,2597.275666254361568,27788.927198525067070
2025,30.000000000000000,,,,,834.828326288075914,9197.014758913648620
2026,0.000000000000000,,,,,852.319026213567668,7218.535027976989113
2027,0.000000000000000,,,,,2992.830666420490161,19762.601381873781065
2028,15.000000000000000,,,3/17/2016 0:00:00.000,,509.537780791190926,3595.139480638067653
2029,,,,,,1858.819533026992076,25108.670381100531813
2030,15.000000000000000,,,1/30/2013 0:00:00.000,,2267.865061540339866,13278.098656102474706
2031,0.000000000000000,,,,,1113.269171519025576,5788.361832020076690
2032,,,,,,709.885826942853214,7179.058497500059275
2033,30.000000000000000,,,,,69.397063794678942,112.447979480194448
2034,0.000000000000000,,,,,1531.283328527750882,24647.876840071963670
2035,30.000000000000000,,,,,562.152882036791539,7238.850507511689102
2036,,,,7/17/2015 0:00:00.000,,1547.045664913186783,30625.234275930899457
2037,0.000000000000000,,,,,5007.173542300373811,40224.626507170600235
2038,0.000000000000000,,,,,5190.979090345958866,30178.964321229203051
2039,0.000000000000000,,,,,1201.450612412115561,6885.639519807357829
2040,,,,,,220.193714431060414,371.782906722827306
2041,0.000000000000000,,,,,2529.254789631065705,29882.933754822224728
2042,0.000000000000000,,,,,1206.594152535631110,6704.235388760855130
2043,15.000000000000000,,,,,739.528920306175451,5337.311256799785042
2044,0.000000000000000,,,,,664.535486799487671,4092.696574696505195
2045,,,,,,285.890323747720345,3380.479902346215113
2046,0.000000000000000,,,,,1298.405088879465893,8962.439784746706209
2047,,,,,,938.834106763488535,9233.092218852360020
2048,50.000000000000000,,,7/24/2006 0:00:00.000,,2810.894203337587896,67584.245798333940911
2049,0.000000000000000,,,,,2188.638641770828599,14753.421269164144178
2050,0.000000000000000,,,,,68.814893452858215,111.472565861158344
2051,0.000000000000000,,,,,4043.364818826222745,33737.778342646553938
2052,0.000000000000000,,,,,448.782571499805897,2671.279971931729051
2053,0.000000000000000,,,,,1676.831385679691493,46308.891675099992426
2054,0.000000000000000,,,,,1038.332884627977137,6142.127483602377652
2055,0.000000000000000,,,,,2164.102228842761178,14861.251770003311321
2056,30.000000000000000,,,4/4/2001 0:00:00.000,,1214.304442555765263,17358.500709352865670
2057,,,,,,2287.889780934149258,43399.705325407609052
2058,0.000000000000000,,,,,1395.594927920476039,11605.213754725406034
2059,10.000000000000000,,,,,360.128701047791935,1699.311260436166094
2060,30.000000000000000,,,6/18/2010 0:00:00.000,,201.574305399079662,1762.400154232920386
2061,0.000000000000000,,,,,406.295642422512117,5627.427725214964084
2062,0.000000000000000,,,,,21928.064873212508246,568907.102019480080344
2063,,,,5/2/2012 0:00:00.000,,233.566363290699314,3246.505382867416301
2064,15.000000000000000,,,5/23/2007 0:00:00.000,,587.243391528856478,4180.458496841676606
2065,15.000000000000000,,,,,2690.944672148651534,17781.915966733322421
2066,0.000000000000000,,,,,1891.934093008775108,36441.740448990407458
2067,,,,9/24/2015 0:00:00.000,,252.830348481586441,2308.647832088170162
2068,0.000000000000000,,,,,1029.867194652804756,8161.597754202210126
2069,0.000000000000000,,,,,68.049822263194557,120.062627132430308
2070,0.000000000000000,,,,,838.122801690644906,5358.979254840573958
2071,0.000000000000000,,,,,96.428877076892263,580.209272447573312
2072,,,,8/13/2015 0:00:00.000,,119.888856293838899,723.616170394838718
2073,0.000000000000000,,,12/30/1899 0:00:00.000,12/30/1899 0:00:00.000,19.296043104736860,2.290857120358884
2074,0.000000000000000,,,12/30/1899 0:00:00.000,12/30/1899 0:00:00.000,26.848668899791207,3.506445713989643
2075,15.000000000000000,,,3/10/2005 0:00:00.000,,647.695119356520763,4633.764786560719585
2076,0.000000000000000,,,12/30/1899 0:00:00.000,12/30/1899 0:00:00.000,310.601938476013061,324.234561361279873
2077,0.000000000000000,,,,,240.060477690759569,992.309957482999039
2078,0.000000000000000,,,12/30/1899 0:00:00.000,12/30/1899 0:00:00.000,45.213484375871658,30.129562341609972
2079,0.000000000000000,,,12/30/1899 0:00:00.000,12/30/1899 0:00:00.000,1379.646140626540046,16793.498278395647503
2080,0.000000000000000,,,12/30/1899 0:00:00.000,12/30/1899 0:00:00.000,720.952928099473866,5985.143556218818048
2081,0.000000000000000,,,12/30/1899 0:00:00.000,12/30/1899 0:00:00.000,285.251293082819984,2694.364847885877680
2082,0.000000000000000,,,,,7243.627565821496319,477828.187654502515215
2083,8.000000000000000,,,,,425.730438289526887,1750.746709484745679
2084,0.000000000000000,,,,,257.286787017359643,2074.884940968157480
2085,0.000000000000000,,,12/30/1899 0:00:00.000,12/30/1899 0:00:00.000,1013.764164693993962,40631.923136329911358
2086,,,,,,2510.480309246969227,39139.048857896392292
2087,0.000000000000000,,,,,2005.172736097522602,12789.603003958456611
2088,20.000000000000000,,,,,716.509978437685959,6860.051953273473373
2089,,,,,,2417.106971860167960,46470.422937881048711
2090,20.000000000000000,,,,,275.486445075318045,2357.317639900835729
2091,20.000000000000000,,,,,301.751720964243020,2612.530410693599606
2092,20.000000000000000,,,,,492.226760605043296,4566.243229028753376
2093,0.000000000000000,,,,,246.030154956837350,3716.208148302238897
2094,0.000000000000000,,,,,1938.707201835958358,30385.458530405412603
2095,0.000000000000000,,,,,356.346450827322712,2452.199693470564398
2096,0.000000000000000,,,,,692.063295668452156,28920.407643929011101
2097,0.000000000000000,,,,,1912.234486861845426,11233.616875562012865
2098,0.000000000000000,,,,,491.409170688485688,5549.331768303934041
2099,30.000000000000000,,,,,1587.417742026893848,43099.798217177609331
2100,0.000000000000000,,,,,2280.994489683948814,16720.811733262689813
2101,,,,,,312.994005193998817,1065.340147742705767
2102,,,,,,318.188885287072253,1483.701811839956918
2103,,,,,,307.594912938334232,699.840930491547510
2104,20.000000000000000,,,,,4261.134363145198222,43226.476564895150659
2105,0.000000000000000,,,6/27/2007 0:00:00.000,,310.864249987089465,639.989627759669929
2106,0.000000000000000,,,,,992.462705381799196,6004.574643178848419
2107,20.000000000000000,,,,,4131.413623753313914,53094.449585604779713
2108,0.000000000000000,,,6/27/2007 0:00:00.000,,441.411375821193417,2932.805515796781037
2109,15.000000000000000,,,,,1282.560687777522162,9348.075724360600361
2110,0.000000000000000,,,,,309.772221975113155,1335.741582000852986
2111,20.000000000000000,,,9/9/2004 0:00:00.000,,690.091026142669421,6493.338032687294799
2112,20.000000000000000,,,,,5509.474037948063597,88611.983862104447326
2113,20.000000000000000,,,,,6932.991924142832431,85612.905183413997293
2114,20.000000000000000,,,,,7325.279334245632526,123159.439778754051076
2115,20.000000000000000,,,,,3277.349423269291947,34563.916297212344944
2116,15.000000000000000,,,,,404.721083229548299,2826.750140679398100
2117,50.000000000000000,,,2/13/1997 0:00:00.000,,1791.370252508957947,42488.773478711947973
2118,0.000000000000000,,,,,2002.484122059197034,12892.073093335468002
2119,0.000000000000000,,,,,1003.429282407186065,13454.794132818637081
2120,20.000000000000000,,,,,416.941473627593609,3737.866770129604902
2121,0.000000000000000,,,,,2012.399506533067324,19007.374314802309527
2122,27.000000000000000,,,6/18/2010 0:00:00.000,,717.582238702187510,7732.973578205723243
2123,0.000000000000000,,,,,1400.098987658815759,5237.624754476421913
2124,20.000000000000000,,,8/28/2001 0:00:00.000,,1245.231565087666013,12144.479681584949503
2125,0.000000000000000,,,,,834.453614379950864,4072.833503971125538
2126,5.000000000000000,,,,,355.031639713487323,1642.840062140171085
2127,15.000000000000000,,,,,1365.934915744076079,12738.621189050816611
2128,30.000000000000000,,,,,756.282688797150968,10424.835883543428281
2129,0.000000000000000,,,,,1737.277304545612424,12535.313555802429619
2130,15.000000000000000,,,,,450.892953811237419,2656.076800683034890
2131,15.000000000000000,,,,,405.133171673976278,2067.061576968641020
2132,20.000000000000000,,,,,938.993722631287028,24568.472688906218536
2133,0.000000000000000,,,,,1641.347452122922277,11537.965445011237534
2134,20.000000000000000,,,9/2/2015 0:00:00.000,,449.740106371487627,4097.435048929275581
2135,0.000000000000000,,,,,820.525138371814705,6183.030201831204067
2136,0.000000000000000,,,,,79.223708391127715,314.527813014431160
2137,0.000000000000000,,,12/30/1899 0:00:00.000,12/30/1899 0:00:00.000,38.311390011512707,62.713878112193470
2138,0.000000000000000,,,12/30/1899 0:00:00.000,12/30/1899 0:00:00.000,77.804293055473210,345.507009816462642
2139,0.000000000000000,,,,,1570.715112413935913,10466.494535142979657
2140,0.000000000000000,,,12/30/1899 0:00:00.000,12/30/1899 0:00:00.000,454.917801751002912,2696.156256840813512
2141,0.000000000000000,,,,,2605.535365100034596,21103.050767750806699
2142,0.000000000000000,,,,,789.309583078972992,10896.644639718202598
2143,15.000000000000000,,,,,542.494116127074221,3842.902304097202887
2144,0.000000000000000,,,,,1596.704275760038399,9833.707033888733349
2145,0.000000000000000,,,,,1554.406651140441909,7707.235909802714559
2146,0.000000000000000,,,,,773.328066628776014,9060.232525371020529
2147,25.000000000000000,,,,,499.952693825382084,5240.803258375297446
2148,15.000000000000000,,,,,891.421952083556448,6460.738202810743132
2149,0.000000000000000,,,,,8354.679608446213024,73188.191587636363693
2150,15.000000000000000,,,,,1499.944275279254498,13068.369113549048052
2151,20.000000000000000,,,,,2060.194186234776680,74756.985908251343062
2152,0.000000000000000,,,3/25/2003 0:00:00.000,,6445.184532273184232,63976.333719504953478
2153,0.000000000000000,,,,,2706.111471394159253,35280.575204700828181
2154,15.000000000000000,,,9/4/2014 0:00:00.000,,2356.274346974181299,17449.520246401272743
2155,0.000000000000000,,,,,872.035830124571589,4244.900720817495312
2156,15.000000000000000,,,,,1625.994377541846916,11954.565851215229486
2157,15.000000000000000,,,10/24/2013 0:00:00.000,,2019.019680471165202,14917.765795250499650
2158,0.000000000000000,,,,,2025.131061988214697,36209.842051885163528
2159,15.000000000000000,,,,,1158.396234753000272,8462.190827506499772
2160,30.000000000000000,,,,,2376.606288596387458,34602.832735297648469
2161,30.000000000000000,,,,,748.091777673268325,11696.635328546228266
2162,0.000000000000000,,,,,2894.235961747900546,28298.321035810055037
2163,0.000000000000000,,,,,902.453637278199039,18097.169718545072101
2164,15.000000000000000,,,9/7/2001 0:00:00.000,,2766.820367102531691,20508.178610816561559
2165,15.000000000000000,,,3/30/2007 0:00:00.000,,585.850834934791123,4292.509925575897796
2166,0.000000000000000,,,,,241.546876043285209,2011.933426040579434
2167,30.000000000000000,,,,,512.195284164126974,6782.660414593652604
2168,0.000000000000000,,,,,2248.879611171857050,13127.654121861671229
2169,0.000000000000000,,,12/30/1899 0:00:00.000,12/30/1899 0:00:00.000,318.858250860838950,1300.480308975817934
2170,0.000000000000000,,,,,1372.441954334882666,11385.377371240552748
2171,0.000000000000000,,,12/30/1899 0:00:00.000,12/30/1899 0:00:00.000,8.962273798127015,0.711758720968219
2172,,,,,,743.197579990440886,6889.810010993238393
2173,0.000000000000000,,,,,1002.970333329568689,5562.772285460319836
2174,0.000000000000000,,,7/30/2003 0:00:00.000,,506.172360143108392,3560.240617310494144
2175,0.000000000000000,,,7/30/2003 0:00:00.000,,1069.311330926127994,7762.148507648167651
2176,15.000000000000000,,,,,671.193875088222399,4813.100968955684948
2177,15.000000000000000,,,,,1359.536863816650339,26912.972693810912460
2178,0.000000000000000,,,,,834.442280714889307,11902.613014265783931
2179,20.000000000000000,,,8/6/2014 0:00:00.000,,102.354955092458084,618.982297695452644
2180,0.000000000000000,,,,,3780.438156565339341,25899.459210733271902
2181,0.000000000000000,,,,,1080.039618459846679,8085.768110038146006
2182,30.000000000000000,,,,,1519.456739563913743,21888.833428957368596
2183,12.000000000000000,,,,,190.335120722911682,997.830731670270325
2184,0.000000000000000,,,,,83.097846846604881,87.694254244532743
2185,0.000000000000000,,,,,1450.329132028824915,10407.727018888706880
2186,0.000000000000000,,,3/24/2005 0:00:00.000,,492.615722698187199,5519.997236755583799
2187,0.000000000000000,,,,,457.848077340203304,9472.025524984093863
2188,15.000000000000000,,,,,1924.440662910583114,41249.829673788175569
2189,0.000000000000000,,,,,717.555755217717888,11091.220315837872477
2190,30.000000000000000,,,,,901.703218839188821,12143.377289173773534
2191,0.000000000000000,,,,,3111.290635568844209,30327.566281326759054
2192,0.000000000000000,,,,,2143.657561559643000,22038.776994846411981
2193,0.000000000000000,,,,,895.835372455699826,6096.510156771232687
2194,0.000000000000000,,,,,1123.412974259783823,20433.707326284056762
2195,0.000000000000000,,,,,699.376118986378401,3322.672574152540619
2196,15.000000000000000,,,,,965.819541119001087,7002.819734063222313
2197,0.000000000000000,,,,,1449.447808722704394,11992.137705094817647
2198,0.000000000000000,,,,,3022.589357697575906,43826.004619134873792
2199,0.000000000000000,,,,,542.912265136118890,16190.896900416259086
2200,,,,,,787.497935531993221,24732.899859954944986
2201,0.000000000000000,,,,,915.640602563725224,4493.739784197618064
2202,15.000000000000000,,,7/20/2009 0:00:00.000,,2565.603091988238702,18949.345402193852351
2203,15.000000000000000,,,7/20/2009 0:00:00.000,,1908.319703016827134,14020.751295440008107
2204,0.000000000000000,,,,,1021.586110813070604,6519.268165415807744
2205,0.000000000000000,,,,,1798.682907673975251,31548.413287997012958
2206,60.000000000000000,,,,,1459.601130238766018,42318.332671289164864
2207,0.000000000000000,,,,,60.479396919433682,104.696432114231456
2208,0.000000000000000,,,,,2038.347449693551880,13443.379593393714458
2209,15.000000000000000,,,9/14/2007 0:00:00.000,,773.609648944361425,5574.732171465703686
2210,0.000000000000000,,,,,956.617028920796542,11998.194110709891902
2211,0.000000000000000,,,,,836.789134070663522,4188.300386366792736
2212,0.000000000000000,,,,,839.870430960706130,6863.110011170761936
2213,15.000000000000000,,,,,784.278369279209187,5655.870069210629481
2214,,,,,,987.373432710710063,13841.363432907635797
2215,15.000000000000000,,,,,1303.250307976891690,17059.511962642201979
2216,0.000000000000000,,,,,1949.431123135649386,37158.601376134865859
2217,0.000000000000000,,,,,1053.446139658658240,4705.552161229688863
2218,0.000000000000000,,,,,2017.196375603771685,17493.961675399918022
2219,0.000000000000000,,,8/15/2007 0:00:00.000,,166.077427432055600,1705.279925834162214
2220,15.000000000000000,,,3/1/2007 0:00:00.000,,412.345831505273622,2809.632138059436329
2221,0.000000000000000,,,,,1430.789752044224770,9075.389017333318407
2222,15.000000000000000,,,,,603.841159264923817,6884.479376513102579
2223,0.000000000000000,,,,,269.643014788270079,1461.135081042918046
2224,85.000000000000000,,,9/18/2000 0:00:00.000,,1600.729084144360741,53131.083187377713330
2225,0.000000000000000,,,,,210.958829703954990,2643.006395327798145
2226,0.000000000000000,,,,,70.556314641318565,339.374487647120702
2227,0.000000000000000,,,,,3615.389401866033040,36585.039025058933476
2228,100.000000000000000,,,,,2431.621229847914037,111699.458909497101558
2229,0.000000000000000,,,,,163.716056428575030,1209.695615873104998
2230,15.000000000000000,,,,,9836.181965343910633,68839.630924720739131
2231,0.000000000000000,,,,,1789.794086225762157,7998.819041754433783
2232,10.000000000000000,,,,,1206.990447577361238,8821.248134915325863
2233,10.000000000000000,,,,,754.745187474862973,4609.491499420996661
2234,0.000000000000000,,,,,848.234690656379712,5773.750336871652507
2235,0.000000000000000,,,,,1874.554940313933912,26791.397491310519399
2236,18.000000000000000,,,10/28/2001 0:00:00.000,,658.856015466012423,5536.107498904375461
2237,18.000000000000000,,,10/28/2001 0:00:00.000,,592.637508175530002,4972.524370323723815
2238,20.000000000000000,,,10/17/2003 0:00:00.000,,2236.890438011612332,25608.295785698850523
2239,0.000000000000000,,,,,372.790946745704673,8539.420164154393206
2240,40.000000000000000,,,10/13/2005 0:00:00.000,,2812.149984960262827,55984.730383637157502
2241,0.000000000000000,,,,,2162.915071555175473,18960.694008748676424
2242,10.000000000000000,,,,,350.961787113099263,1649.039271870309221
2243,22.000000000000000,,,10/17/2002 0:00:00.000,,1685.635832408928763,18168.158454931559390
2244,100.000000000000000,,,11/9/2009 0:00:00.000,,413.585143550708381,10054.682281076457002
2245,0.000000000000000,,,,,4006.370069176492052,62146.440344562026439
2246,0.000000000000000,,,8/8/2002 0:00:00.000,,3484.126495048902143,36645.928923600637063
2247,15.000000000000000,,,,,708.041730990874839,4677.953329185233088
2248,15.000000000000000,,,,,788.490122350645265,5685.808243522469638
2249,0.000000000000000,,,,,1015.253345376115021,7556.237991657181738
2250,30.000000000000000,,,,,800.003402348596751,11077.270419238233444
2251,40.000000000000000,,,12/6/2006 0:00:00.000,,714.498208172979844,12640.148443451189451
2252,,,,,,1276.559929611845973,9894.156347208016086
2253,0.000000000000000,,,,,5209.597410321822281,193770.668060754716862
2254,0.000000000000000,,,,,1531.933895282611502,9973.522804228909081
2255,0.000000000000000,,,11/2/2005 0:00:00.000,,179.929644713570497,727.114032996597984
2256,0.000000000000000,,,11/2/2005 0:00:00.000,,55.714777789294089,39.511735049351671
2257,0.000000000000000,,,2/7/2003 0:00:00.000,,176.110814778661847,780.032156877174089
2258,60.000000000000000,,,,,445.337388051521657,9728.347869908520806
2259,0.000000000000000,,,,,3346.489888132727629,90238.431559664037195
2260,25.000000000000000,,,5/19/2015 0:00:00.000,,189.129765364052275,1733.806524958335558
2261,10.000000000000000,,,,,687.427429770161666,3289.331424970970147
2262,10.000000000000000,,,,,1163.810322648561851,6329.855993319353729
2263,0.000000000000000,,,,,563.724234422872541,3341.975960233217393
2264,20.000000000000000,,,12/3/2015 0:00:00.000,,906.715684320227979,8496.817829524885383
2265,45.000000000000000,,,,,855.879222686455137,17227.187948524253443
2266,0.000000000000000,,,,,2562.905254284583407,14289.333343705244260
2267,0.000000000000000,,,,,1455.845215680608590,19474.907954839054582
2268,45.000000000000000,,,10/18/1998 0:00:00.000,,498.239416446985956,9027.234272770920143
2269,0.000000000000000,,,,,2494.458949549587487,59549.569417618316947
2270,15.000000000000000,,,,,226.276719545424726,331.538057142342211
2271,0.000000000000000,,,,,40.536126731826627,6.678785263103795
2272,0.000000000000000,,,,,9.279160365146790,0.860091682031969
2273,15.000000000000000,,,,,1366.805586864045154,13329.536662684171461
2274,0.000000000000000,,,,,1210.215453575698803,5423.331378921455325
2275,15.000000000000000,,,,,4024.869060255688055,21464.938920789663825
2276,20.000000000000000,,,,,375.001693002162824,3337.576332388305673
2277,0.000000000000000,,,,,467.754551980224562,3334.686062830320225
2278,15.000000000000000,,,,,217.465331456580429,1314.739210097608066
2279,20.000000000000000,,,,,633.378064209650347,5921.325835174725398
2280,45.000000000000000,,,7/10/2006 0:00:00.000,,427.502977014948442,7390.928505831834627
2281,20.000000000000000,,,,,1895.386244827970131,20411.985577082410600
2282,0.000000000000000,,,,,2766.104292980412538,94076.297875876029138
2283,35.000000000000000,,,,,545.848803434804950,7296.889847501829536
2284,0.000000000000000,,,,,1192.461021182859668,7546.247764932124483
2285,15.000000000000000,,,,,218.330118172568888,518.445621904784048
2286,0.000000000000000,,,,,2992.065340037971509,18197.358248857090075
2287,0.000000000000000,,,12/29/2003 0:00:00.000,,49.815990103684776,114.351105012457168
2288,60.000000000000000,,,,,1670.213539203071377,45479.698299437717651
2289,0.000000000000000,,,,,1756.602358853922397,21304.509027188058099
2290,0.000000000000000,,,,,1795.803093854348162,8091.484338587955790
2291,15.000000000000000,,,,,1811.706195758332115,13390.555083943578211
2292,0.000000000000000,,,,,692.281495677453677,31586.577572084264830
2293,0.000000000000000,,,,,762.245316896614440,19217.494474813855049
2294,15.000000000000000,,,,,965.645252832708024,7028.827897683157062
2295,0.000000000000000,,,,,365.896022141191679,4587.864484465718306
2296,24.000000000000000,,,,,680.327470459296364,7567.229773187723367
2297,60.000000000000000,,,,,168.374126860386411,1520.161323875352309
2298,40.000000000000000,,,,,473.679720604903991,8041.610263453961124
2299,8.000000000000000,,,,,584.193143719738828,2622.100608257669592
2300,70.000000000000000,,,,,843.679277074933566,23631.211743634557934
2301,0.000000000000000,,,,,1110.256250463213064,16127.268193199712186
2302,0.000000000000000,,,,,369.510349123483707,1750.395774946866368
2303,12.000000000000000,,,,,409.435038576997783,2314.089261353181428
2304,0.000000000000000,,,,,2848.229585995948582,81667.613163361209445
2305,20.000000000000000,,,,,741.309482579826067,7011.573334240112672
2306,,,,,,238.486096342533926,1495.175609125244591
2307,,,,,,478.656172946943798,5778.191553105430103
2308,38.000000000000000,,,10/6/2003 0:00:00.000,,4717.136822906080852,94457.164668255281867
2309,10.000000000000000,,,,,95.788902192515806,378.041197863301534
2310,30.000000000000000,,,4/24/2002 0:00:00.000,,652.885947720384820,9191.336779440644023
2311,15.000000000000000,,,,,232.397454214788866,1487.083444652221260
2312,15.000000000000000,,,,,1758.261458967574299,14071.694023857329739
2313,5.000000000000000,,,,,235.674376960426798,562.889029905745019
2314,5.000000000000000,,,,,124.487535786094810,285.592123642750380
2315,24.000000000000000,,,,,334.547902613242172,3436.395578303138336
2316,0.000000000000000,,,,,2188.849798078041204,188968.764947755407775
2317,10.000000000000000,,,,,373.796511148050854,1768.173566829966830
2318,0.000000000000000,,,,,715.091463256866632,3828.671788458746050
2319,0.000000000000000,,,,,446.149045296909890,3128.107821970447276
2320,60.000000000000000,,,7/28/2000 0:00:00.000,,218.838826128497857,2775.132969171606419
2321,53.000000000000000,,,7/28/2000 0:00:00.000,,346.891444809765915,6382.209584772115704
2322,25.000000000000000,,,10/21/1997 0:00:00.000,,301.107258101244838,1386.383985594513888
2323,0.000000000000000,,,,,4439.759826345351939,25023.866417403438390
2324,0.000000000000000,,,,,108.740090907238283,579.084967704542692
2325,0.000000000000000,,,,,145.828348859027329,1096.911790307862702
2326,0.000000000000000,,,8/30/2005 0:00:00.000,,1065.707362400916736,4890.916178172200489
2327,0.000000000000000,,,,,532.548337560556661,4519.109260090063799
2328,0.000000000000000,,,,,177.652337095640007,615.391091812134050
2329,0.000000000000000,,,,,842.442045191866441,22148.398674339463469
2330,0.000000000000000,,,,,685.384105203479180,4907.397695678580931
2331,0.000000000000000,,,,,569.276551198893685,5374.893969303051563
2332,15.000000000000000,,,,,1204.904853749029144,8747.833345759421718
2333,0.000000000000000,,,,,937.800319018875030,7715.496207116100777
2334,0.000000000000000,,,12/30/1899 0:00:00.000,12/30/1899 0:00:00.000,138.537627108046763,241.428209476621987
2335,20.000000000000000,,,,,137.712463801340618,848.769184699290690
2336,0.000000000000000,,,12/30/1899 0:00:00.000,12/30/1899 0:00:00.000,173.436555628683038,373.578588324922009
2337,30.000000000000000,,,,,1641.330032610214857,23676.848191896355274
2338,,,,,,706.665812545270683,18410.744866600391106
2339,15.000000000000000,,,6/26/2020 0:00:00.000,,1934.406755274657598,14213.295217433089420
2340,0.000000000000000,,,,,1318.962403717323923,10123.162978405316608
2341,,,,7/30/2012 0:00:00.000,,510.773961919153976,5759.464583704642791
2342,13.000000000000000,,,,,371.384789817058504,2543.547492811379470
2343,,,,2/10/2011 0:00:00.000,,14.011263180209536,8.331461336281077
2344,3.000000000000000,,,2/10/2011 0:00:00.000,,101.255913616697043,143.676508605997242
2345,10.000000000000000,,,,,201.618552464892446,906.333542862478339
2346,,,,3/9/2000 0:00:00.000,,152.797972504932005,946.830682685334978
2347,0.000000000000000,,,,,898.773839930917916,8386.772977869535680
2348,20.000000000000000,,,3/22/2006 0:00:00.000,,478.478419252073707,6175.697198759270577
2349,5.000000000000000,,,,,213.309002775321517,910.929440637415496
2350,0.000000000000000,,,,,1921.816959853873868,16840.128858574331389
2351,0.000000000000000,,,,,332.739933735637294,2412.528225209390257
2352,0.000000000000000,,,,,145.941142890858202,867.157845285897679
2353,15.000000000000000,,,3/7/2014 0:00:00.000,,100.856840719249291,532.629233022011363
2354,20.000000000000000,,,6/1/2016 0:00:00.000,,837.658885274017052,8038.253056610346903
2355,0.000000000000000,,,,,1031.747685537955476,12368.336085947961692
2356,0.000000000000000,,,,,1670.428972385313500,23969.156647578161937
2357,,,,,,697.138636406363958,14181.615609434338694
2358,0.000000000000000,,,,,4089.506636491221798,74214.263030824338784
2359,30.000000000000000,,,,,1530.168595053902663,19988.251857891395048
2360,50.000000000000000,,,,,864.259438181073278,19357.819225994451699
2361,15.000000000000000,,,,,1793.316878763366503,13571.131139035111119
2362,0.000000000000000,,,12/30/1899 0:00:00.000,12/30/1899 0:00:00.000,855.869866687295371,44967.709819962430629
2363,50.000000000000000,,,,,622.299285257824295,13738.639277555079389
2364,0.000000000000000,,,,,6200.753036690791305,37995.671840600451105
2365,30.000000000000000,,,3/12/2004 0:00:00.000,,842.971663186613455,21338.954631179098214
2366,25.000000000000000,,,3/8/2004 0:00:00.000,,889.266029832288268,10471.556705810984568
2367,0.000000000000000,,,,,858.334642761093733,6212.615041234499586
2368,0.000000000000000,,,,,788.196378180333568,2393.761464881391476
2369,15.000000000000000,,,,,2890.805866274033178,28136.618775181996170
2370,0.000000000000000,,,,,3704.707338558484480,26395.765228405274684
2371,15.000000000000000,,,,,3160.147455999929662,23206.145523104420135
2372,0.000000000000000,,,,,992.611637104351416,6969.454262483187449
2373,0.000000000000000,,,,,2223.120532158663082,13187.164975752024475
2374,0.000000000000000,,,12/30/1899 0:00:00.000,12/30/1899 0:00:00.000,31.952979983055009,37.904094607553510
2375,0.000000000000000,,,12/30/1899 0:00:00.000,12/30/1899 0:00:00.000,21.027585742513672,2.566310418472078
2376,30.000000000000000,,,,,698.632794020191568,9457.094228038582514
2377,30.000000000000000,,,10/12/2011 0:00:00.000,,8794.935790872177677,134592.495008024561685
2378,30.000000000000000,,,8/5/2014 0:00:00.000,,8720.544329173946608,129348.971435689134523
2379,15.000000000000000,,,,,3632.416087373213031,26194.072915062028187
2380,,,,,,840.848244291986020,24726.800885069944343
2381,,,,,,1558.820314342169240,50549.913356789242243
2382,,,,,,40.000279904222296,98.729960338372265
2383,,,,,,2490.371769186143865,71005.688018141489010
2384,,,,,,1438.223018137994586,10396.776035266446343
2385,,,,,,573.743183331506884,5222.876567734175296
2386,,,,,,403.105514163833902,3649.693314828970870
2387,,,,,,125.062442814116352,675.693537414141247
2388,,,,,,292.154686002040137,4149.994158684547074
2389,,,,,,1829.936941469640260,33333.152400402832427
2390,,,,,,1538.084516731611302,23555.768194186042820
2391,,,,11/10/2016 0:00:00.000,,378.955705640402755,1890.859276167406733
2392,,,,,,456.085540838998725,6891.248088031271436
2393,,,,,,603.213669190551627,9079.254294043659684
2394,,,,,,1137.284341204688189,11326.955272941164367
2395,,,,,,552.137028122164679,8509.451969486864982
2396,,,,,,510.585524088827242,4715.010096304474246
2397,,,,,,1060.594586999482317,17847.870238229737879
2398,,,,,,1196.601525568130228,19875.824894072789903
2399,,,,4/6/2017 0:00:00.000,,646.821899160003568,4625.311149721058428
2400,,,,4/6/2017 0:00:00.000,,326.111052509107367,2220.317633469566317
2401,15.000000000000000,,,5/12/2017 0:00:00.000,,793.711457378204727,5246.864837593181619
2402,15.000000000000000,,,8/23/2018 0:00:00.000,,2672.813168486723953,19991.557459932242637
2403,,,,8/23/2018 0:00:00.000,,1407.542615811889846,10010.611294599248140
2404,15.000000000000000,,,10/19/2018 0:00:00.000,,404.931017222377363,2737.447061535286139
2405,15.000000000000000,,,10/19/2018 0:00:00.000,,382.885712468485735,2146.540603555898997
2406,,,,12/21/2018 0:00:00.000,,1585.836501536426340,44847.753509343267069
2407,,,,,,617.869688322923366,19810.367621494235209
2408,60.000000000000000,,,,,5489.530056721153414,152469.239822184259538
2409,60.000000000000000,,,1/10/2018 0:00:00.000,,1695.794762247641529,47234.568151670813677
2410,,,,,,191.846312820822050,844.440457762389997
2411,,,,,,1461.469082790833909,18749.904871202215872
2412,,,,,,970.853409060388003,5901.995767252524274
2413,,,,2/7/2018 0:00:00.000,,1097.200814597950057,35737.124697700288380
2414,,,,6/5/2018 0:00:00.000,,439.518872063035360,4354.166532917271979
2415,,,,6/5/2018 0:00:00.000,,212.576767487320865,2654.208729881414911
2416,38.000000000000000,,,6/26/2018 0:00:00.000,,315.205623810937482,4522.894633511679785
2417,,,,6/26/2018 0:00:00.000,,612.547533145323200,8696.759578867424352
2418,20.000000000000000,,,7/17/2018 0:00:00.000,,3466.050626155947612,35093.554199350466661
2419,,,,,,154.003556767427824,1062.030266147935208
2420,,,,,,154.003556794219435,1062.030266389069084
2421,,,,,,368.538027647017145,6867.805128052662440
2422,,,,,,617.869688322923366,19810.367621494235209
2423,,,,1/10/2019 0:00:00.000,,830.408205734607463,14281.485463267406885
2424,,,,,,81.668335806781414,290.632619340292479
2425,,,,,,606.332336177326283,2026.496298205131097
2426,,,,,,45.499039458109181,36.035984107854652
2427,,,,,,206.999155641214543,1087.576560648476061
2428,,,,,,2811.005275574596453,41488.562135008833138
2429,,,,,,1257.779915630636651,20756.368704493757832
2430,,,,,,678.338990203013054,8976.835126003865298
2431,,,,,,61.979460835885419,112.449523974542601
2432,,,,,,3314.686151075770340,113133.917606379953213
2433,,,,,,334.704379492877820,2772.812768105887699
2434,,,,,,319.951494060651214,1000.190020094258557
2435,,,,,,230.333269722985733,1328.999400879157292
2436,,,,,,180.710153042483768,950.514633773047080
2437,,,,,,461.909915995871700,2930.600089375836433
2438,,,,,,339.227012924043208,4969.289458933231799
2439,,,,,,564.112580888832554,3744.921130206591897
2440,,,,,,346.250315993498361,1529.803286491197014
2441,,,,2/18/2019 0:00:00.000,,387.539665163279096,6595.624303318300008
2442,24.000000000000000,,,2/15/2019 0:00:00.000,,1947.656245977323806,26777.238923829470878
2443,,,,,,1348.818026701220788,25397.986010379740037
2444,,,,,,1098.517129955280780,21413.905546889407560
2445,,,,,,504.410185326892361,8598.882823845437088
2446,,,,,,804.957058007624369,10078.506591533478058
2447,,,,,,1212.774692284521507,11727.496850546180212
2448,20.000000000000000,,,4/4/2019 0:00:00.000,,179.669697761821652,1398.744016099662758
2449,,,,,,301.952426781758675,2759.259993298134304
2450,,,,,,693.830876076482355,14143.665560670451669
2451,,,,,,260.904818864922390,1014.972526839748070
2452,,,,,,345.128753245116798,3624.596444965462524
2453,,,,,,301.372202741507351,4007.819046280865678
2454,,,,,,264.133947297779571,1236.513347221398362
2455,,,,,,262.008475347055082,2657.042589066262281
2456,,,,,,469.220972944633104,3291.172057255972049
2457,,,,,,1810.996634103234328,27209.393275677615748
2458,,,,,,1048.320630845865935,9995.039660838243435
2459,,,,6/7/2019 0:00:00.000,,1778.709231480755079,19539.075115279109013
2460,,,,6/24/2019 0:00:00.000,,1001.154377274196804,15695.635509934854781
2461,,,,,,1273.477942275918622,100140.839340952894418
2462,,,,,,250.704413512846401,1974.935434863251430
2463,,,,,,135.819367757440887,958.186786233511384
2464,,,,,,2691.967221285846790,21025.228978630006168
2465,,,,,,573.067286079697283,2376.298282826281138
2466,,,,,,56.162922675880175,143.421630448055851
2467,,,,,,301.129209759786079,3946.176311438397988
2468,,,,,,1223.043972458086273,40693.679881015079445
2469,,,,,,419.977877477002039,2887.783170393522596
2470,,,,,,1537.030765950042905,11753.929874676479812
2471,,,,,,209.687470929775316,1305.665386195972815
2472,,,,,,2992.940664006371662,29529.384395990036865
2473,,,,,,487.339130735154185,5894.429884583302737
2474,,,,,,208.600136678820149,1816.712593478192503
2475,,,,,,478.249545537406220,7156.530504166233186
2476,,,,,,1760.860100722450625,25513.588778714758519
2477,,,,,,536.551393820886688,9435.741125128031854
2478,,,,,,1623.311198265529811,24038.944393535217387
2479,,,,,,778.627947773636151,5601.400137527323750
2480,,,,,,142.855407408429045,736.473431153887532
2481,,,,,,159.939634607194563,973.869407669679845
2482,,,,,,670.349394816323638,12853.060987853576080
2483,15.000000000000000,,,4/17/2020 0:00:00.000,,617.590230650023273,4303.534338287929131
2484,20.000000000000000,,,4/24/2020 0:00:00.000,,849.171126364531119,8084.649722160907913
2485,20.000000000000000,,,4/27/2020 0:00:00.000,,144.401717882898765,988.164154536457318
2486,24.000000000000000,,,5/11/2020 0:00:00.000,,1563.165032874912640,18285.115138070483226
2487,,,,,,3910.043960429116851,98921.790986141044414
2488,,,,,,1195.788601674174288,11522.961649034434231
2489,,,,,,787.089652504858236,7884.541301795556137
2490,,,,,,299.920752349485952,2599.235499255314153
2491,,,,,,742.497518741977274,5659.278813545756748
2492,15.000000000000000,,,6/26/2020 0:00:00.000,,602.814201561753293,4308.128798471133450
2493,15.000000000000000,,,6/26/2020 0:00:00.000,,1315.945707229366690,9636.781710076071249
2494,,,,,,1044.769882210062633,21510.228959442043561
2495,,,,,,741.340693949067258,9783.981401144661504
2496,,,,1/31/2020 0:00:00.000,,861.572311897320446,23803.868274714284780
2497,,,,,,622.377885818600703,3831.572560484448331
2498,,,,,,252.484948772804898,2080.010863969288494
2499,,,,,,122.970989683787337,867.347720987955199
2500,,,,,,399.160040455823491,8851.960072871090233
2501,,,,,,327.380343695802992,2860.762660418926771
2502,,,,,,191.820384356361728,1434.111857519452769
2503,,,,,,359.368253860968252,5395.880274066979837
2504,,,,,,579.634665441548009,6180.898337700754382
2505,,,,,,386.029749492841063,1070.695926467967183
2506,,,,,,653.549956903621705,7357.284140816306717
2507,,,,,,1235.339846717888804,33056.939410932420287
2508,,,,,,394.635175814727745,3822.571861762914523
2509,,,,,,441.696217845747924,8534.537228263650832
2510,,,,,,286.389445941075337,4200.192006192404733
2511,,,,,,1287.179465308704494,51482.057080612488789
2512,,,,,,781.019873138222351,15267.247301087092637
2513,,,,,,1625.117295496596398,45049.429607265912637
2514,,,,,,1653.618548581611094,23866.114594732414844
2515,,,,,,1007.240203460159933,9672.348478759342470
2516,,,,,,450.660380546407396,2953.024366810857373
2517,15.000000000000000,,,1/22/2021 0:00:00.000,,314.505270232479404,2119.515176958328539
2518,,,,,,319.949865953794188,103.736090689219722
2519,15.000000000000000,,,5/4/2023 0:00:00.000,,1208.682590380487227,8811.419592032932997
2520,,,,,,1138.612987565603817,10986.716962006801623
2521,,,,,,862.132249664131336,22216.456975717705063
2522,,,,6/15/2020 0:00:00.000,,257.925979463676924,2117.887787177628979
2523,,,,,,430.110451946499950,4525.679043902587182
2524,,,,,,1526.174095596394636,15627.123881073006487
2525,,,,,,215.449632349326947,1195.943451187984692
2526,,,,,,364.146320464737414,2651.502597340473585
2527,,,,,,82.149536294115592,409.696796160288386
2528,30.000000000000000,,,3/31/2021 0:00:00.000,,1608.183267076812626,23027.298421884981508
2529,,,,,,622.510013348461030,4488.937072139797237
2530,,,,,,1323.069059712960780,28189.921018708468182
2531,,,,,,3221.566905914846757,98966.318309511843836
2532,,,,,,188.620542277157824,1925.500949357754735
2533,,,,,,117.260433020789364,83.156425733309561
2534,,,,,,295.868626745667598,3276.965650656894468
2535,,,,,,320.870471799153279,2764.318495418852308
2536,,,,5/24/2021 0:00:00.000,,3889.518739920115877,150945.668627675913740
2537,,,,5/24/2021 0:00:00.000,,408.876679009142833,10120.677554601104930
2538,,,,,,837.959009388623258,7558.610144739384850
2539,,,,,,956.504113988577046,9763.090365620670127
2540,15.000000000000000,,,6/3/2021 0:00:00.000,,418.319372540000586,2884.604414649631508
2541,15.000000000000000,,,6/3/2021 0:00:00.000,,419.960397100969431,2924.810681788750571
2542,20.000000000000000,,,6/3/2021 0:00:00.000,,565.826290998680406,5035.699519108875393
2543,,,,,,293.330135100465327,3929.829148512223583
2544,,,,,,496.350029361281599,4516.749752189533865
2545,,,,,,399.169856675749827,2740.685208838575363
2546,,,,,,1488.930824052456501,17818.105538422463724
2547,,,,,,561.594979163734365,3762.560201088785561
2548,50.000000000000000,,,,,1864.956984589745161,44117.077774007673725
2549,15.000000000000000,,,,,1751.364889645233006,12907.370250725454753
2550,,,,,,447.827329737037303,3150.214801739410632
2551,,,,,,608.111160301427503,4222.586033027318990
2552,,,,,,2452.899433822522042,24160.095496650134010
2553,,,,,,531.391506950321173,7814.107685387181846
2554,,,,,,215.680009204291139,978.349920970265430
2555,,,,,,557.789733705303206,4823.623454936859162
2556,,,,,,371.965329349204353,2779.194442426501155
2557,,,,,,213.058078582234430,1815.719285801392743
2558,,,,,,909.110368455703906,10631.387937577937919
2559,,,,,,1825.055706817029659,51138.093271498873946
2560,,,,,,1649.740419449037063,14223.821258498934185
2561,,,,,,1323.312229529327396,12823.064248030877934
2562,,,,,,460.409805034392662,2202.033768028746181
2563,20.000000000000000,,,11/9/2021 0:00:00.000,,732.586311420172933,6868.714787465379231
2564,,,,,,334.619987568775230,1617.348334392465631
2565,,,,2/4/2003 0:00:00.000,,891.068445242377265,8662.523758606303090
2566,15.000000000000000,,,,,168.180060370290789,920.238976144897265
2567,,,,,,3469.014513080814595,100409.524818361940561
2568,,,,,,369.846934689710565,3294.315851524583195
2569,,,,,,186.859787520882520,1811.375318813329159
2570,,,,,,937.247526125168633,8459.006769099571102
2571,,,,,,407.288284728383417,7415.755976752470815
2572,,,,,,158.138325960893042,1139.636562923133170
2573,,,,,,289.937348333858324,3371.637391487026434
2574,,,,,,636.379804449861581,8813.758829607226289
2575,,,,,,505.210092171730366,2342.461161174551762
2576,,,,,,79.379638197896710,269.370216177365137
2577,,,,9/29/2022 0:00:00.000,,282.714862681148759,3340.130289865534905
2578,,,,,,214.326584516367546,2848.157467413051108
2579,,,,,,458.069771360878406,9767.066889729188915
2580,,,,,,3646.886496282271764,106232.856943036662415
2581,15.000000000000000,,,2/23/2023 0:00:00.000,,1141.287401389385195,8335.297402432768649
2582,15.000000000000000,,,2/23/2023 0:00:00.000,,1269.338455293272773,9279.740361271346046
2583,20.000000000000000,,,4/6/2023 0:00:00.000,,1104.767141611224361,10976.461149184282476
2584,30.000000000000000,,,4/17/2023 0:00:00.000,,1975.075934435431236,27633.919077686281526
2585,15.000000000000000,,,5/4/2023 0:00:00.000,,1308.965990080660504,9559.861994419150506
2586,15.000000000000000,,,5/4/2023 0:00:00.000,,673.819004618152576,4801.928042657787955
2587,20.000000000000000,,,5/4/2023 0:00:00.000,,1268.226377811649400,11819.573511208209311
2588,15.000000000000000,,,7/11/2023 0:00:00.000,,5605.003731781955139,39794.336485847226868
2589,30.000000000000000,,,,,1871.608272138582151,27528.044775113321521
2590,,,,,,2850.324793192206016,34050.570005985879106
2591,,,,,,1318.034863336765738,9000.042954866012224
2592,,,,,,1138.191625363721187,23504.313379203318618
2593,,,,,,1112.264124450236977,15971.244735508740632
2594,,,,,,1470.214647491415008,12517.264730298611539
2595,,,,,,2118.141897693672945,36209.676423739780148
2596,,,,,,672.431109582155386,9231.680631528013691
2597,,,,,,737.322531028411618,10150.347649195709892
2598,,,,,,677.356953076852847,9161.438486630806437
2599,,,,,,656.812407078032038,14724.186699057296210
2600,,,,,,1112.655619878335756,6543.107397484176545
2601,0.000000000000000,,,,,122.076175668257306,157.167382329897748
2602,,,,,,3480.458796765012266,22508.039082760002202
2603,,,,,,1219.975800948428514,4017.410228620682119
2604,,,,,,2223.171748833762649,76232.568721097864909
2605,,,,,,579.416569433011318,13070.104057800645023
2606,15.000000000000000,,,1/3/2025 0:00:00.000,,779.093236357473415,5618.235386763678434
2607,10.000000000000000,,,,,984.113811531964302,4818.124955278283778
2608,0.000000000000000,,,,,652.965124447160406,3830.266663252487433
2609,0.000000000000000,,,,,1386.724223925116803,8538.039260222732992
2610,15.000000000000000,,,,,2946.585313494100774,23910.029389824831014
2611,70.000000000000000,,,4/12/2023 0:00:00.000,,3452.446318591795261,115909.201071032905020
2612,,,,1/26/2008 0:00:00.000,,382.714272360751636,4693.450060133629449
2613,30.000000000000000,,,,,1243.979208798820764,17738.789984586881474
2614,0.000000000000000,,,,,604.690725670410870,687.178799612143962
2615,60.000000000000000,,,,,888.416735768311355,22798.540675862834178
2616,30.000000000000000,,,,,862.797442750599316,11366.526932405044136
2617,60.000000000000000,,,10/14/2005 0:00:00.000,,4915.771164820599552,142778.125373252027202
2618,60.000000000000000,,,,,1064.960571977458130,26739.373876811136142
2619,15.000000000000000,,,,,594.782004031460701,3886.692734620847659
2620,30.000000000000000,,,,,1506.948752205804567,20059.862334379169624
2621,0.000000000000000,,,,,447.002944035155906,3243.574652038293152
2622,0.000000000000000,,,,,614.727729563836078,2658.788661099411456
2623,20.000000000000000,,,,,810.214054594189861,7691.015968344807334
2624,32.000000000000000,,,5/28/1997 0:00:00.000,,1134.951612130296553,17138.715803514969593
2625,30.000000000000000,,,,,724.618899532822411,9891.421915217981223
2626,10.000000000000000,,,1/23/2008 0:00:00.000,,2653.722058892332825,11728.960699061804917
2627,0.000000000000000,,,,,564.649912811872127,3240.322005107634141
2628,,,,4/16/2017 0:00:00.000,,1160.123278505065173,6625.253346977892761
2629,,,,,,266.917843873129527,2227.469425103156937
2630,15.000000000000000,,,4/20/2007 0:00:00.000,,610.635361830221996,4436.936323928320235
2631,15.000000000000000,,,4/20/2007 0:00:00.000,,609.317406893496695,4350.949665890581855
2632,0.000000000000000,,,,,72.113583021038835,13.718905583278357
2633,0.000000000000000,,,,,90.029307603905636,16.711432536303342
2634,0.000000000000000,,,,,260.464917158952289,4232.665534568951443
2635,0.000000000000000,,,,,2535.042680818402005,14610.244591050404779
2636,0.000000000000000,,,,,690.516639927560504,3363.629887100606993
2637,0.000000000000000,,,,,457.738095139917220,9201.268599154198455
2638,15.000000000000000,,,,,1627.360978896602319,9998.446956226191105
2639,70.000000000000000,,,,,1298.815229913598159,39921.202041416931024
2640,15.000000000000000,,,,,1760.453973975893405,13030.289648347574257
2641,0.000000000000000,,,,,1002.046219978602153,4934.249261533990648
2642,0.000000000000000,,,,,4064.487846885972431,27095.410883571174054
2643,0.000000000000000,,,6/10/2004 0:00:00.000,,387.955708505274174,3475.951869587819147
2644,0.000000000000000,,,,,1104.805720886751033,12385.901023852966318
2645,0.000000000000000,,,,,1765.015970757257264,14546.636517318269398
2646,0.000000000000000,,,,,2515.020444474288524,31749.487593503301468
2647,0.000000000000000,,,,,1187.570317510172572,6341.098296211694105
2648,0.000000000000000,,,,,4174.369159313303498,38805.750699554344465
2649,15.000000000000000,,,,,3465.994757483888407,26339.551049338515440
2650,0.000000000000000,,,,,3474.975204794394813,26578.768896344219684
2651,0.000000000000000,,,,,3506.667232179171606,59295.375198545647436
2652,15.000000000000000,,,,,912.107817545785565,6568.932560543972613
2653,0.000000000000000,,,12/14/2005 0:00:00.000,,370.764401977999967,3268.196121218237749
2654,10.000000000000000,,,9/9/2019 0:00:00.000,,1051.272024783894267,5100.679236333086010
2655,,,,,,665.587883335856532,16364.857861758875515
2656,15.000000000000000,,,,,2825.352173061252870,45294.289822526261560
2657,0.000000000000000,,,,,2251.264918589555691,58012.006031619697751
2658,30.000000000000000,,,1/28/2025 0:00:00.000,,696.801086505135345,9462.631311247076155
2659,0.000000000000000,,,,,2332.184812526809765,10254.058216347588314
2660,0.000000000000000,,,,,1297.905253897711191,9878.387425800930941
2661,35.000000000000000,,,,,1180.963127616598740,19443.146276025167026
2662,44.000000000000000,,,2/24/2006 0:00:00.000,,154.911516201765295,1468.695185661410960
2663,60.000000000000000,,,,,2328.842131938687544,64454.483403914717201
2664,0.000000000000000,,,11/30/2006 0:00:00.000,,210.381737450001765,561.208275600375600
2665,0.000000000000000,,,,,870.952139226639360,3996.470483238219913
2666,15.000000000000000,,,,,529.992374491332612,3420.992372504159448
2667,,,,,,586.316890346005266,13795.691449677840865
2668,0.000000000000000,,,,,1262.131481462942020,9530.616515297409933
2669,0.000000000000000,,,,,548.998045119291987,6178.219603528725202
2670,24.000000000000000,,,,,668.087821713449102,8376.125328585285388
2671,0.000000000000000,,,,,2166.557988787969862,15895.423018031278843
2672,15.000000000000000,,,,,5065.878629877258390,36681.925780087323801
2673,0.000000000000000,,,,,615.887568926479389,3405.022448179327966
2674,0.000000000000000,,,,,1244.577913149455298,7547.203566327551016
2675,0.000000000000000,,,,,869.838897463130024,5061.030391570879146
2676,40.000000000000000,,,,,717.276214221521400,12491.606479727219266
2677,0.000000000000000,,,,,918.467412056464127,6931.737805084240790
2678,0.000000000000000,,,,,936.901048260838593,5820.446848953481094
2679,15.000000000000000,,,,,586.363478909617129,3536.623021058770064
2680,15.000000000000000,,,,,1481.338103316808429,10889.568077588262895
2681,15.000000000000000,,,,,1530.868972098674703,21995.489634255733108
2682,10.000000000000000,,,,,508.537874720684442,2851.024394807036060
2683,0.000000000000000,,,,,934.257019203775940,3859.488688758445278
2684,0.000000000000000,,,,,217.820946404905499,495.553352729278572
2685,15.000000000000000,,,,,395.165385270101069,2689.016522160341083
2686,0.000000000000000,,,,,353.091315073465182,1339.876206590602806
2687,0.000000000000000,,,,,1593.337167615514318,16079.577403168746969
2688,30.000000000000000,,,,,1669.639726319094962,82694.075599276155117
2689,,,,,,1384.332043687697251,14115.985378246181426
2690,,,,,,1055.315694723118668,7655.865385454304487
2691,,,,,,1732.070561503972158,13102.721226230340108
2692,,,,,,1691.105531048535795,24930.113183786430454
2693,0.000000000000000,,,,,4566.465473502262284,37331.807797817855317
2694,0.000000000000000,,,,,566.097222609326650,3766.139708427787809
2695,0.000000000000000,,,,,636.676866419346766,3920.042137629592162
2696,0.000000000000000,,,,,451.442306848756800,13315.248638771874539
2697,16.000000000000000,,,,,1776.090744017920315,12602.242722193161171
2698,30.000000000000000,,,,,836.744760860586098,10600.067054690942314
2699,10.000000000000000,,,,,298.501290480494845,1391.127527114325403
2700,0.000000000000000,,,,,1045.274700403863335,43244.285749187802139
2701,0.000000000000000,,,,,738.729936995479989,6203.916603677037529
2702,60.000000000000000,,,,,2264.844316609341604,72504.860778549977113
2703,15.000000000000000,,,6/27/2001 0:00:00.000,,464.332338616697655,3252.883446805209132
2704,0.000000000000000,,,,,3468.002417667807094,33235.709144559681590
2705,30.000000000000000,,,,,954.734627840295275,13350.204095326273091
2706,0.000000000000000,,,,,2151.022526289768848,14236.939016042704679
2707,10.000000000000000,,,4/3/2009 0:00:00.000,,420.386657018182177,2001.797656330292511
2708,0.000000000000000,,,,,513.682096340647831,13790.438975833179938
2709,0.000000000000000,,,,,1249.188934629364439,9302.854460296965044
2710,10.000000000000000,,,,,660.492900919163958,3199.755313019849382
2711,,,,,,1484.844758976019421,21427.485427057774359
2712,15.000000000000000,,,,,1327.528051616054427,9556.638721795188758
2713,60.000000000000000,,,,,927.050923671728810,24172.588167310397694
2714,30.000000000000000,,,,,986.859783941792671,12500.744650136721248
2715,60.000000000000000,,,,,2626.599032439439270,77428.823466177826049
2716,0.000000000000000,,,,,3627.185060388068450,23508.604332609320409
2717,15.000000000000000,,,6/27/2001 0:00:00.000,,1092.526781438949683,7997.275514778497381
2718,,,,,,2813.660584457044479,21000.286555503676936
2719,20.000000000000000,,,11/17/2000 0:00:00.000,,939.764898836608722,9214.208823062617739
2720,,,,,,3839.569486872564539,43073.689740475187136
2721,,,,,,441.751208972363543,1748.782067192701788
2722,30.000000000000000,,,,,2219.215056714169805,31993.123984258723794
2723,0.000000000000000,,,,,1111.312695283042785,6875.410138308310707
2724,0.000000000000000,,,,,588.404994396101188,6137.078283747324349
2725,0.000000000000000,,,,,453.105148064763171,2767.360118047874494
2726,0.000000000000000,,,,,787.950484208177386,4978.094574523465781
2727,15.000000000000000,,,,,837.391659455795661,6021.990010411016556
2728,0.000000000000000,,,12/30/1899 0:00:00.000,12/30/1899 0:00:00.000,69.770815289388551,117.952357782776986
2729,,,,,,955.300180558897637,6904.390532650254499
2730,0.000000000000000,,,,,1715.968407248517906,9609.902715287542378
2731,0.000000000000000,,,,,1274.429944869601286,10606.387874908292360
2732,0.000000000000000,,,,,2397.007674884583139,183949.101507132349070
2733,0.000000000000000,,,,,829.288848105928309,5361.313032308070433
2734,0.000000000000000,,,,,829.423684603168567,5666.787042321311674
2735,0.000000000000000,,,,,2798.015665869017994,19143.005837478762260
2736,15.000000000000000,,,4/17/2020 0:00:00.000,,2370.868189311517199,17631.675729307953588
2737,0.000000000000000,,,8/6/2007 0:00:00.000,,3188.350650046703322,59360.645523472929199
2738,20.000000000000000,,,8/6/2007 0:00:00.000,,989.520912418297144,9617.828356911068113
2739,0.000000000000000,,,,,5738.567221953582703,100923.121737196313916
2740,0.000000000000000,,,,,1691.047293804691208,17012.493806374466658
2741,0.000000000000000,,,8/30/2004 0:00:00.000,,149.285197775060340,711.997222945189833
2742,0.000000000000000,,,,,4245.073581646703133,51600.286233919556253
2743,,,,,,362.093506435821155,6666.474988824629690
2744,30.000000000000000,,,4/24/2025 0:00:00.000,,418.865054669107224,5379.139464893268268
2745,30.000000000000000,,,4/24/2025 0:00:00.000,,410.710214102209932,5256.789827238388170
2746,0.000000000000000,,,,,1741.972722752444497,19781.257915682021121
2747,,,,,,118.655176672600078,565.717059581093508
2748,,,,,,130.245443921221721,751.264602532584604
2749,,,,,,475.699869190010645,3282.581323276353942
2750,50.000000000000000,,,4/10/2002 0:00:00.000,,1324.538165313812897,32641.182054960485402
2751,0.000000000000000,,,,,3849.620129117047327,27422.089424378526019
2752,,,,,,871.586567586268870,10915.558522030580207
2753,0.000000000000000,,,,,1694.170413374778491,15688.999391603971162
2754,15.000000000000000,,,4/17/2020 0:00:00.000,,2366.903407441110630,17537.875206411627005
2755,0.000000000000000,,,,,2005.655462583842791,21129.391607061152172
2756,0.000000000000000,,,,,1084.975497994655598,6193.002418329232569
2757,15.000000000000000,,,,,3235.846690424027202,24013.451542469236301
2758,0.000000000000000,,,,,958.550493212616402,5187.454318220105051
2759,0.000000000000000,,,,,6148.251371140971060,45862.842319201452483
2760,15.000000000000000,,,,,1664.547385548290094,17160.309120792418980
2761,0.000000000000000,,,,,421.839199146094359,804.784400018788915
2762,0.000000000000000,,,,,745.501192751029180,4235.013799960797769
2763,0.000000000000000,,,,,582.348351631946457,1230.047409544606353
2764,0.000000000000000,,,12/30/1899 0:00:00.000,12/30/1899 0:00:00.000,195.981973439499768,28.644231296929579
2765,0.000000000000000,,,,,132.095068659459088,258.609225326308433
2766,0.000000000000000,,,,,347.388455008301776,523.136749585043731
2767,0.000000000000000,,,,,1615.727970457852734,13421.301850341234967
2768,15.000000000000000,,,2/25/2008 0:00:00.000,,1499.588872021792668,10928.340531132113028
2769,0.000000000000000,,,,,3529.119401123763055,18911.530062915928283
2770,0.000000000000000,,,,,2871.496486345409721,26104.829700556296302
2771,15.000000000000000,,,,,2067.288330067251536,38758.919864260846225
2772,0.000000000000000,,,,,6358.421269597792161,40816.642958947872103
2773,15.000000000000000,,,,,707.298747511557167,4701.398191588049485
2774,0.000000000000000,,,,,566.460776625209860,4707.017741368249517
2775,0.000000000000000,,,,,2217.020383258163292,18619.103542292275961
2776,0.000000000000000,,,,,989.324440170202365,7187.649639596205816
2777,60.000000000000000,,,,,2885.357624127353574,81364.012581213741214
2778,0.000000000000000,,,,,963.263989064446378,7389.670241801275552
2779,0.000000000000000,,,,,455.356356692845850,3571.400089510953421
2780,0.000000000000000,,,,,1310.911842359854518,28012.330825502296648
2781,0.000000000000000,,,,,26262.030238753693993,429864.212454254564364
2782,0.000000000000000,,,,,2491.062480751367275,13376.211859924906094
2783,20.000000000000000,,,8/9/2020 0:00:00.000,,3270.657293350475811,57542.908351239246258
2784,20.000000000000000,,,,,497.413881207544875,4741.154979009361341
2785,0.000000000000000,,,,,2892.889534070177433,15989.537760694563985
2786,,,,,,559.473422043859841,3971.084565226683026
2787,20.000000000000000,,,,,1494.068143194514505,15986.701918238164581
2788,0.000000000000000,,,,,3102.247531145197627,31098.157157676439965
2789,15.000000000000000,,,10/3/2009 0:00:00.000,,1691.803482567074752,12469.411702308922031
2790,0.000000000000000,,,,,810.585702282622833,4996.528849737983364
2791,,,,,,1511.090236979733390,11078.785780987385806
2792,,,,,,1560.590806209421999,11476.636142467328682
2793,,,,,,1586.891172868581634,11249.025955580258596
2794,15.000000000000000,,,,,804.555863113805799,5606.624013708045823
2795,0.000000000000000,,,,,594.940173181062164,5519.754870534303336
2796,0.000000000000000,,,,,1735.006951348396569,9513.017297239945037
2797,0.000000000000000,,,,,438.357893546261607,5675.118878682483228
2798,0.000000000000000,,,,,742.872901548450045,4903.311375711020446
2799,,,,,,525.490050831751773,6894.448337270684533
2800,,,,,,2321.150538209228671,27494.202366469071421
2801,0.000000000000000,,,,,699.713400816274543,3207.595162047420672
2802,0.000000000000000,,,,,4872.721212254461534,87691.592616076406557
2803,0.000000000000000,,,,,348.609587986352153,1246.617553251928712
2804,0.000000000000000,,,,,1485.148739032191543,15155.343155129876322
2805,0.000000000000000,,,,,1417.081692280885818,15853.047208336067342
2806,0.000000000000000,,,,,2652.793478465635417,18344.238435034949362
2807,0.000000000000000,,,11/30/2006 0:00:00.000,,1297.181570522433049,10561.839268314515721
2808,50.000000000000000,,,8/5/2005 0:00:00.000,,2534.033486159172298,61896.410491791568347
2809,,,,,,751.632503271426003,16291.329333326855703
2810,,,,,,1369.376987717907468,31734.345535150001524
2811,20.000000000000000,,,5/15/1991 0:00:00.000,,1515.588524282757362,11041.504493859147260
2812,20.000000000000000,,,1/21/1994 0:00:00.000,,425.385131587634532,3683.720880905771082
2813,0.000000000000000,,,,,2518.255020788169986,17184.076233486917772
2814,0.000000000000000,,,,,1862.555380860071637,21498.654527673443226
2815,0.000000000000000,,,,,434.324197823441637,1057.071774751160092
2816,0.000000000000000,,,,,340.116643461461081,1205.101260606063306
2817,15.000000000000000,,,,,617.017698335753153,694.147165640062099
2818,15.000000000000000,,,,,258.898996636904371,395.135434659073951
2819,15.000000000000000,,,,,792.754744857227593,1945.062999032607649
2820,0.000000000000000,,,,,3380.405248071072492,26850.008620700784377
2821,,,,,,142.225489449439323,752.729922842996302
2822,15.000000000000000,,,4/21/1995 0:00:00.000,,249.855613597642133,1639.466406280006822
2823,15.000000000000000,,,,,984.402477412442522,7052.973860672248520
2824,0.000000000000000,,,,,500.599145931104204,2784.170312042791920
2825,0.000000000000000,,,,,2320.608979459607781,14348.296989709891932
2826,,,,,,2272.229031003514137,25321.537386451927887
2827,30.000000000000000,,,,,3914.646131221405085,58148.828841601658496
2828,15.000000000000000,,,,,1441.686742816118340,10605.839628623563840
2829,15.000000000000000,,,,,1441.676435322077168,10579.043100748132929
2830,15.000000000000000,,,,,1442.749563894644780,10610.786523085214867
2831,0.000000000000000,,,,,1441.301866912439891,10589.783009050328474
2832,15.000000000000000,,,,,977.029572242109566,12830.887172561609987
2833,15.000000000000000,,,,,4197.186946632165927,29695.925824377653043
2834,20.000000000000000,,,,,202.790290650000372,1627.955928081107231
2835,45.000000000000000,,,7/30/2004 0:00:00.000,,1057.624835615192524,21076.868553689579130
2836,30.000000000000000,,,5/27/1998 0:00:00.000,,982.036201648870360,13820.567539927262260
2837,30.000000000000000,,,,,1048.889072420501861,5108.700193706092250
2838,30.000000000000000,,,,,1400.235122078718177,5914.283783424261856
2839,30.000000000000000,,,,,1138.293121393529873,5696.527630553887320
2840,30.000000000000000,,,,,451.213573990694954,1732.583669630210125
2841,0.000000000000000,,,,,5052.012247047725396,80708.768571872293251
2842,0.000000000000000,,,12/30/1899 0:00:00.000,12/30/1899 0:00:00.000,22.862205008183871,1.035560343238711
2843,0.000000000000000,,,12/30/1899 0:00:00.000,12/30/1899 0:00:00.000,107.902568747555193,4.710607456740203
2844,0.000000000000000,,,12/30/1899 0:00:00.000,12/30/1899 0:00:00.000,210.875217689578903,1.615917220354158
2845,30.000000000000000,,,,,294.994718304543483,1284.516769845156887
2846,,,,,,266.677792404650916,3004.949056587665382
2847,,,,,,168.958227536825774,1781.090095928155733
2848,0.000000000000000,,,,,1203.269140750266388,6500.961364472162131
2849,0.000000000000000,,,,,1447.625356115466730,11655.820950003248072
2850,0.000000000000000,,,,,700.764819004636024,3365.280444243448528
2851,0.000000000000000,,,,,1453.157522323195963,7245.054980544031423
2852,15.000000000000000,,,,,1091.111714940818047,7096.429150515832589
2853,0.000000000000000,,,,,1494.431015147470589,7114.721535422036141
2854,0.000000000000000,,,,,1673.006721441150376,23513.454116288612568
2855,0.000000000000000,,,,,1328.133472108260776,7441.527960773605628
2856,0.000000000000000,,,,,667.785936341922820,2735.995389575790341
2857,0.000000000000000,,,,,2513.985178040399205,26577.219158036310546
2858,0.000000000000000,,,4/2/2004 0:00:00.000,,228.930918289852485,3343.164723557155867
2859,40.000000000000000,,,,,463.874821073981991,7724.441128141802437
2860,0.000000000000000,,,,,224.765275775279150,2400.890610154646765
2861,20.000000000000000,,,,,1251.599903380011028,12095.711822566137926
2862,0.000000000000000,,,,,1215.804167224308003,44493.488708831333497
2863,25.000000000000000,,,7/15/2004 0:00:00.000,,1418.734985202898770,17215.933165787806502
2864,0.000000000000000,,,,,397.911101682433980,3296.879702587722022
2865,0.000000000000000,,,,,493.292137726934357,2951.097188531359734
2866,0.000000000000000,,,,,1333.767131419979250,9778.614874669819983
2867,0.000000000000000,,,,,613.251154978583259,21995.008205972288124
2868,0.000000000000000,,,,,1426.937611814698812,7752.766327154291503
2869,0.000000000000000,,,,,2547.055231282491604,22215.202374450924253
2870,0.000000000000000,,,,,797.760408368218918,3832.414903251029045
2871,15.000000000000000,,,,,221.359693615564851,2945.997544911772366
2872,15.000000000000000,,,,,1613.437766018232651,14152.458101904889190
2873,0.000000000000000,,,,,5448.246399091533021,31859.038254931558185
2874,20.000000000000000,,,8/6/2007 0:00:00.000,,3438.701950813455369,29616.021561747184023
2875,0.000000000000000,,,,,374.289977216427815,7838.695099005548400
2876,0.000000000000000,,,,,206.363493265476762,1908.283224099615836
2877,15.000000000000000,,,7/18/2025 0:00:00.000,,1254.621816657093859,9187.077992904842176
2878,0.000000000000000,,,,,1478.014080758600358,16054.606365394136446
2879,0.000000000000000,,,,,3098.370570399101325,235057.589015194826061
2880,15.000000000000000,,,,,2924.744419728398498,56643.828042938868748
2881,15.000000000000000,,,,,2838.831577935657606,18162.192821325661498
2882,60.000000000000000,,,,,616.603016548253663,14980.347654422583219
2883,0.000000000000000,,,,,1613.445861877007701,12323.643985317541592
2884,15.000000000000000,,,,,4593.056336210428526,40580.736480879633746
2885,0.000000000000000,,,,,197.765167067114987,1854.205834728027867
2886,,,,,,428.984016266055733,2044.254514746090308
2887,0.000000000000000,,,,,12884.354183115237902,65408.149386826160480
2888,30.000000000000000,,,,,1993.329645440403738,29055.069425901372597
2889,0.000000000000000,,,,,108.214438024795314,822.248242451851752
2890,20.000000000000000,,,11/14/2006 0:00:00.000,,1973.676201634043991,19336.542438367043360
2891,0.000000000000000,,,,,1098.967307450525368,8409.205123154777539
2892,0.000000000000000,,,,,8641.008067767992543,68202.323280295750010
2893,20.000000000000000,,,,,1562.286900190458255,9170.834458773986626
2894,15.000000000000000,,,,,2811.568748708800740,16925.085575034816429
2895,0.000000000000000,,,,,1864.562667492751871,10951.300554013345391
2896,0.000000000000000,,,,,6059.457258217126764,34601.298414107433928
2897,0.000000000000000,,,,,9032.465791562843151,122369.792694624484284
2898,0.000000000000000,,,,,563.978371006348425,3328.898375090546324
2899,15.000000000000000,,,,,7074.286453344871006,52973.465739663770364
2900,60.000000000000000,,,,,992.199628052708135,24889.231725606870896
2901,0.000000000000000,,,,,927.619081018509632,5687.719367323038568
2902,0.000000000000000,,,,,1804.506908275339356,12620.399279721432322
2903,0.000000000000000,,,,,1832.050431725846920,17530.648973670206033
2904,20.000000000000000,,,12/31/1980 0:00:00.000,,1725.636701614289905,21826.968659866470261
2905,7.000000000000000,,,6/2/2001 0:00:00.000,,228.030766011340972,683.013014118494880
2906,0.000000000000000,,,,,2344.426044823543634,11778.539873139156043
2907,50.000000000000000,,,12/14/2006 0:00:00.000,,565.120061917222415,12276.172271646122681
2908,,,,,,379.187852065643085,4932.271753409832854
2909,,,,,,2365.579285719630661,27776.576851539804920
2910,60.000000000000000,,,7/16/2001 0:00:00.000,,3213.380514978435258,94972.337923053884879
2911,,,,,,2228.142355227718781,42346.606683947247802
2912,60.000000000000000,,,10/26/1961 0:00:00.000,,4670.554927628812948,134506.712036969693145
2913,0.000000000000000,,,,,957.284145435511050,5543.364739464486775
2914,0.000000000000000,,,,,1266.808779256543858,76620.985880849359091
2915,15.000000000000000,,,11/8/2001 0:00:00.000,,760.417739015424331,5491.952440007861696
2916,0.000000000000000,,,,,1224.357244832679498,9120.620515265472932
2917,100.000000000000000,,,,,2556.886696802458573,113073.240800165061955
2918,60.000000000000000,,,,,906.921175938722968,23091.002856512794096
2919,,,,,,745.868914817945551,11041.834240861271610
2920,15.000000000000000,,,,,2496.691263736411656,17371.110091620310413
2921,15.000000000000000,,,,,1675.225174446160736,15468.215018982280526
2922,12.000000000000000,,,6/20/2019 0:00:00.000,,323.925260079788472,1799.438964570436838
2923,0.000000000000000,,,,,1093.204007946869069,8205.237510842485790
2924,60.000000000000000,,,,,520.428092981337841,12161.092975009607471
2925,15.000000000000000,,,,,2612.148412794888827,24387.793580345431110
2926,0.000000000000000,,,,,1367.900626145154547,6360.926638244851347
2927,0.000000000000000,,,,,1047.143579720994467,19495.870767313164833
2928,0.000000000000000,,,,,986.120505469151112,3983.694488230622483
2929,0.000000000000000,,,,,3076.036731183345637,47674.536784354182601
2930,0.000000000000000,,,,,156.180183753254425,116.903956671624314
2931,,,,4/22/2016 0:00:00.000,,528.117359309375729,4840.024694918448404
2932,0.000000000000000,,,,,408.106018594829663,3348.439331448852499
2933,60.000000000000000,,,9/24/2004 0:00:00.000,,818.519493773421573,21081.742761341360165
2934,30.000000000000000,,,,,2081.165730228283792,30625.816012889339618
2935,20.000000000000000,,,,,479.325600584488939,4384.197422113402354
2936,0.000000000000000,,,,,2698.860564342061480,19149.899427928048681
2937,0.000000000000000,,,,,1072.406673663671427,5460.098619312539995
2938,0.000000000000000,,,,,1374.279782763937192,11072.181147969607991
2939,15.000000000000000,,,,,1148.168909081352240,8185.061495657475461
2940,0.000000000000000,,,,,1993.786796508571570,15333.798628594613547
2941,60.000000000000000,,,,,1167.532427857807079,31144.380746172719228
2942,0.000000000000000,,,,,978.143855629741893,6146.976946347653211
2943,10.000000000000000,,,,,318.567222276647612,2573.264460167847119
2944,0.000000000000000,,,,,1252.526055471893869,32078.410896589986805
2945,44.000000000000000,,,,,5020.297336247146632,108458.342346518373233
2946,0.000000000000000,,,,,1228.232702776791257,8285.379545754523861
2947,0.000000000000000,,,,,3382.039390912183990,17544.164192788543005
2948,30.000000000000000,,,1/22/2002 0:00:00.000,,4306.980348408583268,63869.443125303805573
2949,0.000000000000000,,,,,1200.793136492212398,6980.184073391050333
2950,0.000000000000000,,,,,2462.533817271739736,17707.790011901553953
2951,0.000000000000000,,,,,1009.948417719120584,6043.215096138508670
2952,0.000000000000000,,,,,1873.730874183090464,10322.700950151200232
2953,0.000000000000000,,,,,809.507031793013084,4315.569345480958873
2954,0.000000000000000,,,11/14/2005 0:00:00.000,,1139.539240939719321,59631.055368430686940
2955,0.000000000000000,,,,,732.968687420604738,4058.449843711595349
2956,0.000000000000000,,,,,1684.851438883262290,8451.653090941508708
2957,0.000000000000000,,,,,193.633380910109906,2081.318757526451463
2958,0.000000000000000,,,,,1536.310719060840938,11523.044965340895942
2959,,,,4/5/2010 0:00:00.000,,1125.551022188209799,43780.705177066018223
2960,0.000000000000000,,,,,384.535519717473278,2289.739757975815792
2961,0.000000000000000,,,,,876.641223528951627,3373.344866988327340
2962,,,,,,670.000069455655648,27413.278278252280870
2963,32.000000000000000,,,7/11/2002 0:00:00.000,,2920.836555376562046,45781.236590737273218
2964,15.000000000000000,,,,,3523.821323216468954,109860.641813262525829
2965,0.000000000000000,,,,,2098.170056427212330,12810.005237679813945
2966,0.000000000000000,,,,,822.435553285401625,4316.991338062411160
2967,20.000000000000000,,,,,1916.081947026309081,20370.005817340483190
2968,20.000000000000000,,,7/18/2006 0:00:00.000,,507.874371425555239,4727.416637548115432
2969,15.000000000000000,,,10/4/2000 0:00:00.000,,728.388116929348485,6421.203746609419795
2970,15.000000000000000,,,,,2240.982210880670664,18287.563043987727724
2971,15.000000000000000,,,9/18/2025 0:00:00.000,,172.762335466158305,1040.752158602736927
2972,15.000000000000000,,,9/18/2025 0:00:00.000,,2328.845378694946703,17042.724089538405678
2973,0.000000000000000,,,,,4038.727740351921511,32130.337734710519726
2974,0.000000000000000,,,,,914.529914936167529,15076.852456368676940
2975,0.000000000000000,,,12/30/1899 0:00:00.000,12/30/1899 0:00:00.000,853.772355740079888,3079.117267793185874
2976,0.000000000000000,,,,,4592.572690326677730,164284.489094432676211
2977,0.000000000000000,,,,,978.756242997501431,4793.070018518692450
2978,0.000000000000000,,,,,938.712437445757928,6113.403431113911211
2979,,,,,,181.639825419012084,1777.758104616783612
2980,,,,,,897.504034854149268,12385.088872644277217
2981,0.000000000000000,,,,,1198.313380769016931,6982.088755323949044
2982,0.000000000000000,,,,,664.993209529864771,4618.330387315862936
2983,0.000000000000000,,,,,800.505314565457638,4525.774138868083355
2984,,,,,,2640.773290212160191,37431.134328145119071
2985,15.000000000000000,,,5/28/2015 0:00:00.000,,641.562121584135411,4582.203219853154224
2986,0.000000000000000,,,,,766.564833062819503,5691.556884184849878
2987,0.000000000000000,,,12/30/1899 0:00:00.000,12/30/1899 0:00:00.000,60.073853853410597,5.657290691338403
2988,15.000000000000000,,,,,1229.539183336752103,7566.117451352421085
2989,0.000000000000000,,,,,653.185660926390369,3255.994592409706456
2990,0.000000000000000,,,,,2637.047767831418696,18480.538319546292769
2991,,,,3/29/2019 0:00:00.000,,1269.440526414222177,24222.639235993734474
2992,0.000000000000000,,,,,6264.749221622287223,50778.275812243198743
2993,20.000000000000000,,,1/28/2011 0:00:00.000,,652.758818914443737,6026.446302643263152
2994,15.000000000000000,,,,,1276.805557851299682,8593.665888230829296
2995,0.000000000000000,,,,,170.705357663729387,1304.111935804116683
2996,15.000000000000000,,,,,762.747098229965900,5463.354778843085114
2997,30.000000000000000,,,,,1745.704157817315263,24906.898424318358593
2998,15.000000000000000,,,,,5367.216094130235433,40080.094857523377868
2999,50.000000000000000,,,,,957.471241341184509,21408.787152377106395
3000,0.000000000000000,,,12/30/1899 0:00:00.000,12/30/1899 0:00:00.000,193.695241309587971,487.994146469729117
3001,15.000000000000000,,,8/17/2001 0:00:00.000,,2124.389284683693404,15732.842528875971766
3002,15.000000000000000,,,8/17/2001 0:00:00.000,,1278.496664622110075,9381.948264787626613
3003,0.000000000000000,,,12/30/1899 0:00:00.000,12/30/1899 0:00:00.000,173.941944582882201,426.734838803795697
3004,0.000000000000000,,,12/30/1899 0:00:00.000,12/30/1899 0:00:00.000,453.912488491660270,2113.596276962067350
3005,0.000000000000000,,,12/30/1899 0:00:00.000,12/30/1899 0:00:00.000,61.549213988987752,236.018049664282159
3006,0.000000000000000,,,12/30/1899 0:00:00.000,12/30/1899 0:00:00.000,460.994811909301063,2963.867115690258288
3007,0.000000000000000,,,,,984.262298629597012,10696.049020806340195
3008,0.000000000000000,,,,,7220.901281362474947,36670.903241133062693
3009,0.000000000000000,,,,,2580.720110414828014,29684.965927583056327
3010,0.000000000000000,,,,,2414.083710213100403,59250.777443394501461
3011,0.000000000000000,,,,,6861.327868180329460,89755.241281316586537
3012,25.000000000000000,,,,,2834.915073191869851,23687.385907067913649
3013,0.000000000000000,,,,,621.262065942166373,4113.179368767814594
3014,,,,,,658.291937317051406,14013.543937780661508
3015,24.000000000000000,,,7/6/2011 0:00:00.000,,683.979566687058991,7757.170646309959011
3016,26.000000000000000,,,3/15/2017 0:00:00.000,,448.786406590274851,4884.966825347178201
3017,20.000000000000000,,,,,718.587664392021793,6695.416415559889174
3018,30.000000000000000,,,4/14/1999 0:00:00.000,,1444.747118739389407,20709.015056689670018
3019,,,,5/21/2025 0:00:00.000,,2210.285094514990305,25819.320830570035469
3020,0.000000000000000,,,,,648.703503553696578,28623.218721627785271
3021,0.000000000000000,,,,,220.283611517383605,2315.512444151269847
3022,,,,10/8/2021 0:00:00.000,,861.432989827084839,12969.084681865422681
3023,15.000000000000000,,,,,612.431521632860381,3910.447266021398264
3024,13.000000000000000,,,,,258.068438813537171,1870.145139849500083
3025,15.000000000000000,,,,,253.149487920103752,1511.959662537552731
3026,15.000000000000000,,,,,1293.744795169461668,9465.886902391030162
3027,0.000000000000000,,,,,1607.198922892137489,16719.539090815767850
3028,0.000000000000000,,,,,1993.716560943659033,22175.984599398030696
3029,60.000000000000000,,,,,5893.723553969544810,203796.587940353463637
3030,0.000000000000000,,,,,726.405308165892166,5040.812982984752125
3031,0.000000000000000,,,,,841.437333665990195,6784.820828292628903
3032,0.000000000000000,,,,,128.376759872511229,584.844600362407505
3033,15.000000000000000,,,,,787.719611490053467,5698.738785303291479
3034,0.000000000000000,,,,,1789.897686313866870,12066.198966088848465
3035,15.000000000000000,,,,,456.541674965961420,3198.829634442442966
3036,0.000000000000000,,,,,1035.290079610110070,7824.689710941034718
3037,0.000000000000000,,,,,2578.725103962083267,14826.792642900250939
3038,20.000000000000000,,,1/12/2006 0:00:00.000,,1122.208086049309486,10708.605940270770589
3039,20.000000000000000,,,1/12/2006 0:00:00.000,,2423.927931311007342,24815.848527753736562
3040,30.000000000000000,,,,,1145.870615398378050,16135.950793003685249
3041,12.000000000000000,,,12/7/2004 0:00:00.000,,1439.358627616602917,8479.805313631715762
3042,15.000000000000000,,,,,2806.590946284720303,39479.849244572942553
3043,0.000000000000000,,,,,1449.936205547080817,9576.299011396666174
3044,0.000000000000000,,,12/30/1899 0:00:00.000,12/30/1899 0:00:00.000,3233.346478489463607,10792.008108536563668
3045,15.000000000000000,,,12/16/2003 0:00:00.000,,3961.830513915115716,19165.089358352215640
3046,20.000000000000000,,,3/31/2009 0:00:00.000,,4682.580596099929608,29514.219721617901087
3047,0.000000000000000,,,,,1228.167357931503602,6747.925651083789489
3048,15.000000000000000,,,1/25/2006 0:00:00.000,,677.206698706018983,4776.843230791156202
3049,0.000000000000000,,,,,2303.873505761579054,16258.367814625304163
3050,15.000000000000000,,,,,690.895907735645096,5953.870991465314546
3051,,,,4/8/2025 0:00:00.000,,554.766632710847489,5125.022341773494190
3052,0.000000000000000,,,,,652.501166331734339,5567.413816952099296
3053,0.000000000000000,,,,,1938.082439557527550,53759.444493650822551
3054,25.000000000000000,,,3/1/2006 0:00:00.000,,586.165821322285865,6748.258326764800586
3055,,,,,,1078.643655222639836,12575.166534863441484
3056,0.000000000000000,,,,,894.350256252068220,6253.525377991983078
3057,0.000000000000000,,,,,118.167239526709807,688.952974938943498
3058,0.000000000000000,,,12/30/1899 0:00:00.000,12/30/1899 0:00:00.000,783.772434609812535,2799.319981300173367
3059,0.000000000000000,,,,,1325.876297601723536,5943.678883682447122
3060,20.000000000000000,,,5/31/2012 0:00:00.000,,3537.192131232045540,27439.543449036962556
3061,20.000000000000000,,,6/17/2025 0:00:00.000,,435.281039018485444,3952.130218452304689
3062,0.000000000000000,,,,,3020.497134505970735,14724.062425160960629
3063,0.000000000000000,,,,,1395.696205231171689,39265.807855738850776
3064,30.000000000000000,,,,,1395.291857136424824,20236.459556949012040
3065,0.000000000000000,,,,,1777.840636845155359,9906.103117620828925
3066,15.000000000000000,,,9/28/2007 0:00:00.000,,576.829737955346445,4059.620074996299081
3067,30.000000000000000,,,7/22/2003 0:00:00.000,,444.121629765666626,1493.929464935195710
3068,15.000000000000000,,,,,1693.416449820656908,17959.518833826223272
3069,0.000000000000000,,,,,2176.212376152091565,8834.667182893845165
3070,60.000000000000000,,,,,8054.253602594965741,238315.759542853193125
3071,0.000000000000000,,,,,2382.410255922089618,33100.554131075645273
3072,0.000000000000000,,,,,3442.434551870240284,24114.230490446065232
3073,15.000000000000000,,,7/18/2001 0:00:00.000,,463.918538401783906,3257.637809281379759
3074,0.000000000000000,,,,,10109.168300753506628,82735.017644494364504
3075,60.000000000000000,,,3/14/2025 0:00:00.000,,1482.183445060160466,40557.645264496924938
3076,15.000000000000000,,,,,1431.133817397256962,17729.814658447921829
3077,15.000000000000000,,,,,1152.762001697137748,8339.423530323199884
3078,,,,11/20/2013 0:00:00.000,,905.690685558165569,14507.995785052802603
3079,36.000000000000000,,,6/19/2017 0:00:00.000,,1942.783406390097753,31668.273121991536755
3080,15.000000000000000,,,11/20/2025 0:00:00.000,,386.372375906653701,2686.520860772901869
3081,0.000000000000000,,,,,622.878258171116499,2844.738703641797656
3082,0.000000000000000,,,,,543.531872581769903,2638.334480803204315
3083,15.000000000000000,,,,,390.995628266575238,1669.831150513865850
3084,30.000000000000000,,,,,1048.124132406231638,12420.658817114308476
3085,30.000000000000000,,,,,1226.192102879748745,7964.311734080325550
3086,0.000000000000000,,,,,1998.750503290391862,12034.321444801711550
3087,15.000000000000000,,,9/6/2018 0:00:00.000,,2073.139713048894009,15315.260402696865640
3088,,,,,,2736.300427845050308,37471.226707218644151
3089,20.000000000000000,,,,,961.371593960640553,9201.477792851455888
3090,30.000000000000000,,,,,1141.593660524152028,15961.918659089549692
3091,0.000000000000000,,,,,2582.589928463731212,13085.531643400288885
3092,,,,,,730.259195374061278,11823.217255287005173
3093,15.000000000000000,,,,,348.894735624185728,2040.383278028170935
3094,0.000000000000000,,,,,1007.210992789483726,4466.397767870448661
3095,0.000000000000000,,,2/7/2003 0:00:00.000,,145.525697361679221,626.699449243007280
3096,,,,,,1664.693582487821232,38970.789848074098700
3097,0.000000000000000,,,,,576.982025383625682,9030.530452656466878
3098,30.000000000000000,,,,,1627.532746564062109,22996.055462501259171
3099,,,,,,259.704724017254989,1618.445306789806864
3100,0.000000000000000,,,,,772.568961936997766,4290.498284039935243
3101,15.000000000000000,,,,,2817.443620481509697,16809.479847890452220
3102,0.000000000000000,,,,,697.167872183141526,3644.849687123074091
3103,60.000000000000000,,,,,1228.917672311397837,33560.770373762752570
3104,20.000000000000000,,,,,2114.747924604289892,23145.086816262119100
3105,40.000000000000000,,,10/14/2005 0:00:00.000,,1131.066200683940679,19857.403296953751124
3106,,,,,,3268.335775425807242,93674.015489099983824
3107,0.000000000000000,,,,,3771.775196805937412,43316.297048171982169
3108,60.000000000000000,,,,,1873.833244500397313,54895.524176536280720
3109,20.000000000000000,,,,,3469.233890201813210,38848.106571887474274
3110,15.000000000000000,,,,,112.793885489707748,463.865545989090265
3111,20.000000000000000,,,,,401.351555348585919,3829.340959268995903
3112,,,,,,241.250281421208967,2338.087399292957798
3113,,,,6/14/2018 0:00:00.000,,5231.508171844401659,77033.358158080809517
3114,,,,,,595.741229910668039,5037.663236973901803
3115,0.000000000000000,,,,,1467.833125773632673,9036.990129455603892
3116,15.000000000000000,,,,,1142.702897950847955,5622.538443131536951
3117,0.000000000000000,,,,,520.118243160957377,2976.752752992760634
3118,0.000000000000000,,,,,1668.875958423974680,49837.512795739668945
3119,15.000000000000000,,,,,1281.519700840976611,9384.586541303206104
3120,0.000000000000000,,,,,1198.612702202279252,6528.825540786076090
3121,0.000000000000000,,,,,1395.425678883990258,24924.166518297617586
3122,0.000000000000000,,,,,3892.370248838564294,39725.810380228089343
3123,0.000000000000000,,,,,185.963728898447982,1996.733723297128790
3124,0.000000000000000,,,,,644.376404736733775,4299.037964604220178
3125,55.000000000000000,,,,,548.439624348888856,11526.142282082808379
3126,,,,,,549.696625220081046,2937.785856631825936
3127,15.000000000000000,,,,,3567.849556665918954,39532.082960201201786
3128,15.000000000000000,,,,,3176.047109002196066,23022.410906533019443
3129,15.000000000000000,,,,,2659.265979948069798,20947.764487496133370
3130,,,,12/18/2025 0:00:00.000,,282.404439002581910,2930.762197811758597
3131,,,,,,1062.510135188681943,25472.179058708268713
3132,0.000000000000000,,,,,939.488963172345620,6697.071999517874247
3133,0.000000000000000,,,,,2080.902301323035772,9562.529083530947901
3134,40.000000000000000,,,7/1/2003 0:00:00.000,,380.506486564813315,7010.434709570262385
3135,0.000000000000000,,,,,823.212069148305886,7014.132348318394179
3136,,,,,,2704.867625909178059,36985.738473366342077
3137,,,,,,2635.165866119602015,47984.816195929270179
3138,0.000000000000000,,,,,2276.170474591829134,22264.987083812968194
3139,0.000000000000000,,,,,4221.256756340366337,38904.131893041943840
3140,15.000000000000000,,,,,1001.079392455297580,14118.695591004188827
3141,0.000000000000000,,,,,2289.823857320509433,16572.557927004454541
3142,0.000000000000000,,,,,417.908367238005894,2947.325649580377103
3143,15.000000000000000,,,1/23/2026 0:00:00.000,,480.140276472829328,3375.582244270923184
3144,,,,,,1469.636613498248153,9925.382581118430608
3145,15.000000000000000,,,,,358.597590484316868,2029.723033365546371
3146,15.000000000000000,,,,,2969.192114848406163,85488.115325696315267
3147,15.000000000000000,,,1/23/2026 0:00:00.000,,344.789482789542319,2355.258391315059725
3148,15.000000000000000,,,4/18/2008 0:00:00.000,,705.385650096281893,6048.554949523676441
3149,15.000000000000000,,,,,810.486422562013331,5807.363020961674010
3150,0.000000000000000,,,,,1851.722233899958610,10070.113290113320545
3151,,,,,,1986.257118425685803,50762.021125123654201
3152,25.000000000000000,,,,,958.290369460542024,10994.153657136133916
3153,,,,,,125.796653863376122,970.096213285013164
3154,30.000000000000000,,,,,1117.624855224736621,15760.311872980424596
3155,,,,,,320.000075260245353,1500.117863219908486
3156,0.000000000000000,,,,,1694.767521265946243,9775.643402575355140
3157,15.000000000000000,,,,,4055.321240007743199,68987.503191088384483
3158,0.000000000000000,,,,,3568.005620516216823,54118.118651968601625
3159,15.000000000000000,,,,,550.719581304755252,3884.493376079539303
3160,,,,9/19/2022 0:00:00.000,,3244.635154715159388,32881.039799685124308
3161,30.000000000000000,,,,,615.843881199704811,8708.758818987918858
3162,15.000000000000000,,,,,466.683558287657718,6094.777550985023481
3163,15.000000000000000,,,,,2745.612767146735678,24834.646953079198283
3164,15.000000000000000,,,,,175.105495615005168,1058.121781519309707
3165,15.000000000000000,,,,,516.668160265237134,3655.758808444716578
3166,60.000000000000000,,,11/29/2007 0:00:00.000,,1458.929840959884132,40364.783773436683987
3167,15.000000000000000,,,4/4/2002 0:00:00.000,,1069.005264050928417,7786.945698655113119
3168,15.000000000000000,,,4/4/2002 0:00:00.000,,667.003133536401265,4783.323841504921802
3169,15.000000000000000,,,6/30/2005 0:00:00.000,,683.900340221088982,3962.830702713204573
3170,,,,,,319.203875110004276,1494.434350530558959
3171,18.000000000000000,,,1/24/2002 0:00:00.000,,410.443830264793860,3020.491250323374516
3172,45.000000000000000,,,,,621.838880479939576,12042.472426737507703
3173,40.000000000000000,,,,,2235.515295219484415,37546.546934230747866
3174,0.000000000000000,,,,,1717.579573168566412,13896.040715190374613
3175,0.000000000000000,,,,,714.797074089412831,4449.077685316323368
3176,0.000000000000000,,,,,1461.265450716144642,10334.561830755421397
3177,0.000000000000000,,,,,302.573863953082935,5523.831375073310483
3178,15.000000000000000,,,5/22/2025 0:00:00.000,,1071.723970372914664,7848.151689360390264
3179,15.000000000000000,,,11/7/2024 0:00:00.000,,597.049254969905178,4262.840599252718675
3180,0.000000000000000,,,,,1374.708517862093458,8870.533836453780168
3181,0.000000000000000,,,10/18/2004 0:00:00.000,,76.102677929881494,274.223294868168750
3182,,,,,,3561.834876919574072,111198.516448907219456
3183,15.000000000000000,,,,,3312.348051223532366,113051.459121854335535
3184,,,,,,371.518087303796051,2790.340532814360358
3185,,,,12/6/2024 0:00:00.000,,1339.233827914116773,43477.015524059446761
3186,,,,9/19/2022 0:00:00.000,,6624.601182786832396,244964.159053535870044
3187,,,,9/19/2022 0:00:00.000,,1498.179458237296103,21572.524705536419788
3188,0.000000000000000,,,,,562.311368123917873,5812.664433093978005
3189,,,,,,2434.530232410293593,33352.434901247754169
3190,0.000000000000000,,,,,875.504811425456751,6243.931176964959377
3191,0.000000000000000,,,,,529.368671788703864,2935.957850650016098
3192,0.000000000000000,,,,,2459.290030227316947,28972.221615270515031
3193,0.000000000000000,,,,,809.724808569992888,9035.470972121398518
3194,0.000000000000000,,,,,544.595150876732987,3354.841430514368312
3195,0.000000000000000,,,,,353.511746107541796,2370.694121481946240
3196,0.000000000000000,,,,,2089.469541835251221,49685.862125870407908
3197,0.000000000000000,,,,,377.343981779172736,1842.760947831214708
3198,15.000000000000000,,,,,1664.318073723955195,10719.090860067313770
3199,0.000000000000000,,,,,4189.733958577145131,46483.935331413878885
3200,15.000000000000000,,,8/2/1989 0:00:00.000,,1605.448607642084198,11755.139960585234803
3201,0.000000000000000,,,,,4806.211082433965203,153393.604637478274526
3202,0.000000000000000,,,,,555.232729205364649,3008.571971559012127
3203,0.000000000000000,,,,,715.158992126268686,3001.231090134065198
3204,10.000000000000000,,,,,623.055646273849334,3005.333635829946161
3205,53.000000000000000,,,,,1728.651415728503480,64929.696680678287521
3206,0.000000000000000,,,,,1263.199871151036859,12082.846416608890650
3207,0.000000000000000,,,,,562.010110946428313,2696.450733986722753
3208,0.000000000000000,,,,,819.442937367689296,5456.818305703320220
3209,0.000000000000000,,,,,124.788935298364194,123.457559465373535
3210,0.000000000000000,,,,,943.656747980365026,4463.122475786450195
3211,0.000000000000000,,,,,1476.640141409570788,5105.484445209955084
3212,0.000000000000000,,,,,2249.426936584352006,62511.489835441556352
3213,0.000000000000000,,,,,859.056138814228689,5109.331805640136736
3214,0.000000000000000,,,,,669.169218248103789,2643.480963940734910
3215,25.000000000000000,,,,,1794.489107854104532,30515.768887060174166
3216,3.000000000000000,,,,,657.168710675593616,2241.507865364746522
3217,0.000000000000000,,,,,1972.649682217777354,13298.891916426227908
3218,15.000000000000000,,,,,1572.966584034039442,9446.204415053813136
3219,15.000000000000000,,,,,1292.052513746683417,9451.541565003008145
3220,0.000000000000000,,,,,1128.919888167240288,5591.001709407257295
3221,0.000000000000000,,,,,2764.413473565679396,15766.825441548882736
3222,0.000000000000000,,,,,3768.257345354483732,17249.486605120910099
3223,0.000000000000000,,,,,4261.437598543186141,24033.707218614174053
3224,0.000000000000000,,,,,875.321319501173889,5087.727664585333514
3225,0.000000000000000,,,,,1009.824211445726860,5072.756761530082258
3226,0.000000000000000,,,,,7730.241801242343172,43303.310977243381785
3227,15.000000000000000,,,,,2883.184405403917026,51584.691914709423145
3228,15.000000000000000,,,,,804.798253562541845,5801.874123477168723
3229,15.000000000000000,,,,,3132.649891531926187,23238.198021293483180
3230,0.000000000000000,,,,,1553.797542483357574,12066.957063776329960
3231,0.000000000000000,,,,,2929.576704816983238,15196.990836355558713
3232,30.000000000000000,,,,,745.517466536658276,10294.002515851123462
3233,,,,,,1921.154876542072770,62593.480309954502445
3234,0.000000000000000,,,,,908.284435918711438,6277.990720861344016
3235,30.000000000000000,,,,,554.924844297426830,5305.633703411986971
3236,60.000000000000000,,,,,840.532426897683649,21675.660934650448326
3237,30.000000000000000,,,,,1278.927925481486909,13509.745176943715705
3238,0.000000000000000,,,,,861.286460876574893,5130.361572539224653
3239,30.000000000000000,,,6/6/2007 0:00:00.000,,4237.047520427316158,66116.087947983163758
3240,77.000000000000000,,,4/23/2026 0:00:00.000,,2601.313800375166011,96109.218557461048476
3241,77.000000000000000,,,4/23/2026 0:00:00.000,,1304.111479504521412,44079.591391327216115
3242,15.000000000000000,,,,,1971.655082221355997,23813.149407473320025
3243,0.000000000000000,,,,,2606.898861830798523,15496.915706410283747
3244,0.000000000000000,,,,,1828.491759982037365,11708.228318517391017
3245,0.000000000000000,,,,,797.094760991115550,8601.262892836359242
3246,15.000000000000000,,,,,1036.011320426822749,7540.883112626739603
3247,15.000000000000000,,,,,1621.919266851677776,11817.147030994965462
3248,15.000000000000000,,,,,2197.083629950896466,24396.036282782581111
3249,0.000000000000000,,,,,878.822991581807287,12292.625118681244203
3250,30.000000000000000,,,,,621.112576393094059,8419.825029017085399
3251,60.000000000000000,,,,,1928.287760547264725,26861.942448789948685
3252,0.000000000000000,,,,,1493.857590631620951,7740.123986499770581
3253,12.000000000000000,,,12/8/2006 0:00:00.000,,716.196043431237513,4181.498627102945647
3254,35.000000000000000,,,11/20/2007 0:00:00.000,,2650.491220561227237,52633.410154612167389
3255,0.000000000000000,,,,,643.782476698004416,1261.631753003473250
3256,30.000000000000000,,,,,1090.442265722305592,6184.387677617090958
3257,,,,,,247.789851258807772,2074.587377649709197
3258,0.000000000000000,,,,,2308.064117037161395,18699.862221872670489
3259,,,,,,355.407643714580047,443.154705831142394
3260,15.000000000000000,,,,,1331.794642666950949,10768.717582923276495
3261,0.000000000000000,,,,,1491.927209280104535,10718.481408151521464
3262,,,,,,362.093163537248188,6664.209416903545389
3263,0.000000000000000,,,12/8/2006 0:00:00.000,,85.748148297166523,176.585598970385746
3264,12.000000000000000,,,12/8/2006 0:00:00.000,,818.069019117078938,5072.937735464722209
3265,,,,9/12/2012 0:00:00.000,,511.736641394399840,1432.496284069238527
3266,0.000000000000000,,,,,2256.737218197815764,47910.409239568143676
3267,50.000000000000000,,,10/28/2005 0:00:00.000,,3807.168658124245212,89123.340954318264266
3268,0.000000000000000,,,,,1398.968526329746055,8200.993735674092022
3269,15.000000000000000,,,,,344.119835651069707,2239.625451960907412
3270,20.000000000000000,,,3/5/2004 0:00:00.000,,70.352186062473947,301.652489094674479
3271,0.000000000000000,,,,,221.139185203241937,795.532333055176423
3272,0.000000000000000,,,,,10981.932433747875621,147488.314644441561541
3273,0.000000000000000,,,,,1468.361796012694413,13017.689540482126176
3274,15.000000000000000,,,,,598.786798058804607,4247.211939821516353
3275,30.000000000000000,,,,,875.486209860735926,13923.249447822090588
3276,50.000000000000000,,,,,887.735793017737478,19630.495335911997245
3277,20.000000000000000,,,,,2724.494199481348915,43883.499553230198217
3278,0.000000000000000,,,,,601.933912786692758,2843.527619670428976
3279,15.000000000000000,,,,,2040.789876235257907,14249.320991533148117
3280,0.000000000000000,,,,,6937.237167475721435,51737.549730284496036
3281,0.000000000000000,,,,,2777.202814925238272,30610.979817221701524
3282,15.000000000000000,,,,,1561.694708047169570,10957.889046038155357
3283,0.000000000000000,,,,,733.274648400690353,3470.591985119576748
3284,0.000000000000000,,,,,1161.447886577991085,6048.146055186386548
3285,15.000000000000000,,,,,732.488736509682894,5255.559450360899064
3286,0.000000000000000,,,,,559.660979904386750,2774.483008028837958
3287,,,,,,1194.201858182831984,8734.995982628190177
3288,20.000000000000000,,,,,1583.024714396706486,15425.367820178409602
3289,0.000000000000000,,,,,1361.709321897956670,7488.012729989352920
3290,0.000000000000000,,,,,78.174054473394648,166.296551287804192
3291,0.000000000000000,,,,,80.573133417638090,89.811950885062771
3292,0.000000000000000,,,2/18/2003 0:00:00.000,,3451.838335886413461,34394.862223233285476
3293,0.000000000000000,,,,,1583.015427020662173,7456.098158735697325
3294,30.000000000000000,,,,,1870.788422687617185,27854.783142679483717
3295,0.000000000000000,,,,,1617.044906166197507,7302.748474988727139
3296,0.000000000000000,,,4/20/2005 0:00:00.000,,1148.434486225195997,20990.638375822734815
3297,,,,5/25/2012 0:00:00.000,,513.641181984725108,4577.126744370056258
3298,,,,5/25/2012 0:00:00.000,,149.030166895921042,828.790738724725315
3299,15.000000000000000,,,,,685.422121057070626,5611.374479189417798
3300,,,,,,2848.540100666182298,60668.754901017695374
3301,0.000000000000000,,,,,2062.112532287761042,13174.162595387888359
3302,15.000000000000000,,,,,1353.241324634599096,9632.468204897286341
3303,15.000000000000000,,,,,450.345055561398453,3149.703674331487491
3304,0.000000000000000,,,,,2393.419053247357624,13849.091220172182148
3305,,,,,,541.424901332158470,10901.024016389334065
